cluster,,,6,6,6
ll,,,vopt,vopt,vopt
opt,,,1H-T-H-B-I-A-dist1,1H-T-H-B-I-A-dist1,1H-T-H-B-I-A-dist1
planning_horizon,,,2030,2040,2050
generators,,coal,16142.062287845,43.3853958098244,6.75134515055805E-05
generators,,lignite,16733.2084421799,25.8330988212081,9.10924271125039E-05
generators,,load,1000000,1000000,1000000
generators,,uranium,45929.9458397033,9627.79367950659,5773.00466310469
generators,BE1 0,gas,39563.0509463557,39563.0509463557,39563.0509463557
generators,BE1 0,load,31000000,30000000,29000000
generators,BE1 0,offwind,2261.8,2261.8,1549.8
generators,BE1 0,offwind-ac,1738.19904590515,1738.19904590515,1738.19904590515
generators,BE1 0,offwind-dc,1999.99910679419,4000.00044515438,4712.00093536056
generators,BE1 0,oil,15897.8669814408,7295.61393947436,5.44349128310372E-05
generators,BE1 0,onwind,4753.17718838801,8549.40890978368,7247.15242103779
generators,BE1 0,residential rural solar thermal,0.0425736834829561,0.0709863163020088,0.0742807946466372
generators,BE1 0,residential urban decentral solar thermal,0.0435702903497445,0.0723260631183868,0.0761452826753105
generators,BE1 0,ror,59.0153397425792,59.0153397425792,59.0153397425792
generators,BE1 0,services rural solar thermal,0.041779804629787,0.0699882840792369,0.0731779371997322
generators,BE1 0,services urban decentral solar thermal,0.0385066357675686,0.0662065412149469,0.0697904513372867
generators,BE1 0,solar,11999.960700532,12000.0279408121,12000.040686859
generators,BE1 0,solar rooftop,1999.99727442271,36199.8685821711,36199.9428067406
generators,BE1 0,urban central solar thermal,0.0714616455557648,0.117392717414343,0.123666935392856
generators,DE1 0,gas,266384.454122291,266384.454122291,266384.454122291
generators,DE1 0,load,31000000,30000000,29000000
generators,DE1 0,offwind,8129,8129,4846
generators,DE1 0,offwind-ac,5072.3285012817,5072.33036772092,5072.33038347586
generators,DE1 0,offwind-dc,21136.9757337853,21136.9764175401,21136.9764221958
generators,DE1 0,oil,73440.3171191788,32625.983204979,5.63371840575666E-05
generators,DE1 0,onwind,52070.0548046698,93404.9549513997,151279.611702155
generators,DE1 0,residential rural solar thermal,0.0459939675493592,0.078483931890293,0.0832215327516271
generators,DE1 0,residential urban decentral solar thermal,0.0506241061914363,0.0845099423239974,0.0891870164160625
generators,DE1 0,ror,2702.87585,2702.87585,2702.87585
generators,DE1 0,services rural solar thermal,0.0452852933385119,0.0777686648325039,0.082341972030386
generators,DE1 0,services urban decentral solar thermal,0.0467775462331837,0.0800088061863265,0.0845924967069281
generators,DE1 0,solar,66662.0635405945,169686.76889258,167630.821432201
generators,DE1 0,solar rooftop,40246.7104290655,120436.154743642,200625.612939949
generators,DE1 0,urban central solar thermal,0.0663714027598375,0.120212432929772,0.126725995611435
generators,EU NH3,load,1000000,1000000,1000000
generators,EU coal,load,1000000,1000000,1000000
generators,EU lignite,load,1000000,1000000,1000000
generators,EU methanol,load,1000000,1000000,1000000
generators,EU uranium,load,1000000,1000000,1000000
generators,FR1 0,gas,104414.458418381,104414.458418381,104414.458418381
generators,FR1 0,load,31000000,30000000,29000000
generators,FR1 0,offwind,480,480,480
generators,FR1 0,offwind-ac,24631.4658892231,24631.5943105634,24631.5954056606
generators,FR1 0,offwind-dc,1649.49585703608,4617.90878170043,4617.91033277558
generators,FR1 0,oil,48804.3544581493,33155.345429325,6.98591831303804E-05
generators,FR1 0,onwind,20600.0446341333,19948.1879273059,63322.3782753901
generators,FR1 0,residential rural solar thermal,0.0562307932623173,0.0959541503920562,0.102128573106052
generators,FR1 0,residential urban decentral solar thermal,0.0523655199296846,0.0917145847424353,0.0982089849826978
generators,FR1 0,ror,6870.64914942166,6870.64914942166,6870.64914942166
generators,FR1 0,services rural solar thermal,0.0566187453309551,0.0964361881196965,0.102528309256691
generators,FR1 0,services urban decentral solar thermal,0.0508938360295905,0.0904066677247718,0.0966865398546215
generators,FR1 0,solar,17024.0329322626,17024.1328172308,17024.2222922886
generators,FR1 0,solar rooftop,50091.4486224052,112688.990917762,175286.554430111
generators,FR1 0,urban central solar thermal,0.0960029053127349,0.167083014705714,0.180499671039771
generators,UK0 0,gas,312452.010583787,312452.010583787,312452.010583787
generators,UK0 0,load,31000000,30000000,29000000
generators,UK0 0,offwind,6687.47065288425,6586.61106963908,4243.30675224306
generators,UK0 0,offwind-ac,0.0731249734463242,28632.9121913093,28632.9767276216
generators,UK0 0,offwind-dc,0.0447851622923375,0.148770999911708,0.168048967624823
generators,UK0 0,oil,44447.4755955759,21569.8015718361,721.820056621281
generators,UK0 0,onwind,65391.747207741,130258.586055309,339116.776423759
generators,UK0 0,residential rural solar thermal,0.0439758218081313,0.0764581332493999,0.0811282049674628
generators,UK0 0,residential urban decentral solar thermal,0.0427154807393488,0.0745412398754025,0.0790560108110727
generators,UK0 0,ror,3636.175,3636.175,3636.175
generators,UK0 0,services rural solar thermal,0.0445938249833683,0.076739961935123,0.0811799771694856
generators,UK0 0,services urban decentral solar thermal,0.0429344321592428,0.0748386850153056,0.0791727036812631
generators,UK0 0,solar,7708.53986534061,7708.62854825439,7708.64883900029
generators,UK0 0,solar rooftop,20212.8788631444,78905.6578143419,113096.351875913
generators,UK0 0,urban central solar thermal,0.0706794419000854,0.122100419784749,0.129733794514063
generators,UK2 0,gas,0,0,0
generators,UK2 0,load,31000000,30000000,29000000
generators,UK2 0,offwind,7236.52934711575,7127.38893036092,4591.69324775694
generators,UK2 0,offwind-ac,0.0205749373373022,0.0753705312930886,0.0889582643871029
generators,UK2 0,offwind-dc,0.0173620884368106,0.0535150755731302,0.0610920956046715
generators,UK2 0,oil,1205.51759646346,614.058536847136,4.14984172638837E-05
generators,UK2 0,onwind,7105.66702684388,6652.01314420482,24231.5966099343
generators,UK2 0,residential rural solar thermal,0.0317544466679538,0.0570229969638142,0.0605802836778204
generators,UK2 0,residential urban decentral solar thermal,0.0299353358124229,0.0545651531032794,0.057963878582956
generators,UK2 0,services rural solar thermal,0.0315456115595426,0.056527971442472,0.0598994336165681
generators,UK2 0,services urban decentral solar thermal,0.0300191532421129,0.0547867198223658,0.0581163825333218
generators,UK2 0,solar,6940.54142736579,6940.58084718141,6940.59199142437
generators,UK2 0,solar rooftop,0.115583710175252,0.28301127746895,0.319499203473198
generators,UK2 0,urban central solar thermal,0.0598847851090741,0.104842537381751,0.1108931219292
generators,NL1 0,gas,75342.2763646117,75342.2763646117,75342.2763646117
generators,NL1 0,load,31000000,30000000,29000000
generators,NL1 0,offwind,2571,2571,2214
generators,NL1 0,offwind-ac,3218.24529541177,3218.26202477676,3218.26223653978
generators,NL1 0,offwind-dc,25302.9092560134,43875.8345104376,50152.6076875609
generators,NL1 0,oil,20113.5891393663,12006.4182787266,6.80232543394709E-05
generators,NL1 0,onwind,16266.2357363374,46326.4788176956,46326.5880416966
generators,NL1 0,residential rural solar thermal,0.0424499466763518,0.0718593303962736,0.0752977896246012
generators,NL1 0,residential urban decentral solar thermal,0.0392010884945988,0.0692461319168818,0.0731891004815677
generators,NL1 0,services rural solar thermal,0.0417507152189976,0.0684460330227432,0.0716797425516169
generators,NL1 0,services urban decentral solar thermal,0.0386091200437412,0.0672174234467858,0.0710425562843381
generators,NL1 0,solar,18848.814120074,18849.2766115719,18798.2948080272
generators,NL1 0,solar rooftop,15310.6629852927,30621.3179705994,45931.9803226641
generators,NL1 0,urban central solar thermal,0.0674013023196936,0.112516150136296,0.119069495413129
generators,co2 atmosphere,load,1000000,1000000,1000000
lines,,AC,21177.9284151898,28145.3053410163,32619.6577951444
links,,DC,41507.1250090201,56034.57624565,75646.6693420221
links,BE1 0,BioSNG,0.0253819450899864,1320.33571736002,1320.33966083844
links,BE1 0,CCGT,6279.42104477301,3037.35891884917,2651.16222849219
links,BE1 0,EV charger,3711.56214,13609.06118,34022.65295
links,BE1 0,Fischer-Tropsch,2292.95915538846,2293.1107038765,2293.1235644117
links,BE1 0,H2 Electrolysis,150,6061.50682544476,6061.64886365758
links,BE1 0,H2 Fuel Cell,4.37134425744025,4.63517468348519,3776.90230948161
links,BE1 0,H2 turbine,0.226110837186357,3341.04103617262,3341.09081570362
links,BE1 0,Haber-Bosch,0.0086037714391734,0.0119942074141282,0.0125625664788734
links,BE1 0,OCGT,2671.19691362268,5297.16579755928,5297.17269967295
links,BE1 0,SMR,0.0263950483051969,0.0417967268675579,0.0441501511383407
links,BE1 0,Sabatier,0.0292801182835891,0.0590075845989046,0.0611925371154002
links,BE1 0,V2G,3711.56214,13609.06118,34022.65295
links,BE1 0,agriculture machinery oil,344.346216404164,172.173097706833,0
links,BE1 0,ammonia cracker,0.0191445204831484,0.0350116809422304,2.10699290938504
links,BE1 0,battery charger,3539.11765853832,10389.1710658118,10291.473372463
links,BE1 0,battery discharger,3612.09683462285,10603.4033173887,10503.6910266589
links,BE1 0,biogas to gas,0.0330818337369285,0.00967536790566754,0.00123501984850459
links,BE1 0,biogas to gas CC,478.784770472245,1628.82764267187,1768.7876136519
links,BE1 0,biomass to liquid,0.0104620660640108,0.0196684804453686,467.181788554661
links,BE1 0,co2 sequestered,0,0,0
links,BE1 0,coal for industry,1133.56161498787,,
links,BE1 0,electricity distribution grid,15501.7235181871,18146.3993423703,18146.408791353
links,BE1 0,gas for industry,3647.26025189465,1340.18260896339,844.74884979268
links,BE1 0,gas for industry CC,0,0,0
links,BE1 0,kerosene for aviation,1704.23417081334,1068.51182974199,454.211924500649
links,BE1 0,land transport oil,12426.2745534293,5111.59419766966,748.81424444594
links,BE1 0,methanolisation,37.5388006921241,941.729625229001,941.731454186488
links,BE1 0,naphtha for industry,8752.28308117177,4340.18261016266,1198.63012825562
links,BE1 0,nuclear,2000.04909312872,0.0740366103455024,0.0771272234678601
links,BE1 0,process emissions,163.268064361942,0.000582844564053039,4.57374186471595E-05
links,BE1 0,process emissions CC,490.869554452133,920.062345589347,920.06364270439
links,BE1 0,residential rural air heat pump,0.024573948274726,0.0405712421489107,0.0168044596530227
links,BE1 0,residential rural biomass boiler,0.124298864785639,164.777157067637,164.779050549997
links,BE1 0,residential rural gas boiler,465.502835924945,152.053300659929,152.055103576862
links,BE1 0,residential rural ground heat pump,100.965217116759,148.408873456377,148.409598400566
links,BE1 0,residential rural oil boiler,369.90373794231,,
links,BE1 0,residential rural resistive heater,56.0990084230181,53.8742596422445,53.8775304805205
links,BE1 0,residential rural water tanks charger,41.5219111380223,32.3916397188812,27.3999927426956
links,BE1 0,residential rural water tanks discharger,34.7416995763608,21.7419805012917,21.750282930385
links,BE1 0,residential urban decentral air heat pump,1689.7250254316,2692.31206146959,1752.15282444438
links,BE1 0,residential urban decentral biomass boiler,628.640200750138,5712.97744258249,5712.98012561527
links,BE1 0,residential urban decentral gas boiler,9996.9910719997,2990.99195354414,2990.99396781249
links,BE1 0,residential urban decentral oil boiler,7944.65182887472,,
links,BE1 0,residential urban decentral resistive heater,1204.01919992711,1637.44172798027,1865.28716910936
links,BE1 0,residential urban decentral water tanks charger,36.538952780141,21.0568277118455,14.8514318899481
links,BE1 0,residential urban decentral water tanks discharger,30.5735556988978,11.5259747594527,11.5354590499349
links,BE1 0,services rural air heat pump,0.0284419417521149,0.0462542304336356,0.0184765903862249
links,BE1 0,services rural biomass boiler,43.657396318599,43.9924567411937,43.9941976282093
links,BE1 0,services rural gas boiler,114.736360475642,37.8270808014249,37.828843707429
links,BE1 0,services rural ground heat pump,157.011276674217,160.364069992878,160.3645989126
links,BE1 0,services rural oil boiler,90.9991562997419,,
links,BE1 0,services rural resistive heater,0.186109314729693,44.6203049732472,44.6230082284291
links,BE1 0,services rural water tanks charger,30.2435578057351,12.1294547213929,3.40177366999137
links,BE1 0,services rural water tanks discharger,25.2980901657127,9.49238900381222,1.88439129777451
links,BE1 0,services urban decentral air heat pump,414.161752741861,644.5449670579,441.106458197786
links,BE1 0,services urban decentral biomass boiler,652.778411234512,1476.12367910267,1476.12657175145
links,BE1 0,services urban decentral gas boiler,2459.40044272458,899.00900583063,899.011153297682
links,BE1 0,services urban decentral oil boiler,1954.44527688323,,
links,BE1 0,services urban decentral resistive heater,296.261898841751,698.57637532524,698.614650906217
links,BE1 0,services urban decentral water tanks charger,77.0576709737585,23.4555619189208,4.67843818450651
links,BE1 0,services urban decentral water tanks discharger,64.4752296905979,19.4579636266421,3.91128716745655
links,BE1 0,shipping methanol,8.36983911815419,58.9950874592544,55.7602683288215
links,BE1 0,shipping oil,173.257616316467,67.844347832117,
links,BE1 0,solid biomass for industry,897.260245594601,721.461156200609,656.392686431762
links,BE1 0,solid biomass for industry CC,0,0,0
links,BE1 0,urban central air heat pump,0.0582999629956631,97.1274523685029,97.1316762060736
links,BE1 0,urban central gas CHP,3226.38404410035,3226.5331044593,3226.53819391869
links,BE1 0,urban central gas CHP CC,0,0,0
links,BE1 0,urban central gas boiler,1.10372186080763,1.21917835657665,1.23681208955996
links,BE1 0,urban central resistive heater,2574.25021668234,7197.12451509005,7197.18444614121
links,BE1 0,urban central solid biomass CHP,2010.03431566294,2010.05393049642,2010.05604868294
links,BE1 0,urban central solid biomass CHP CC,0,0,0
links,BE1 0,urban central water tanks charger,3556.41992681179,7325.01263088681,7458.17157932462
links,BE1 0,urban central water tanks discharger,2966.87802166796,5063.58356444518,5414.65818182218
links,DE1 0,BioSNG,0.0229140955506873,0.0346799017091774,0.0502240416598534
links,DE1 0,CCGT,41235.2191803775,34362.2399256001,24342.1340260253
links,DE1 0,EV charger,29746.99794,109072.32578,272680.81445
links,DE1 0,Fischer-Tropsch,0.0221176375271956,0.0945371912192466,8809.19957064975
links,DE1 0,H2 Electrolysis,0.0417514402063539,9165.16367512131,40913.8208714992
links,DE1 0,H2 Fuel Cell,0.0309123253305383,0.0667073362073398,72844.8737308017
links,DE1 0,H2 turbine,0.0789507360667879,0.11823036608425,1.3132854930684
links,DE1 0,Haber-Bosch,0.00873062721556836,0.0119300443848563,0.0124724893538787
links,DE1 0,OCGT,37155.3317633852,37155.5225038216,37141.52951996
links,DE1 0,SMR,2640.06372892709,2640.09074970067,2640.09312517384
links,DE1 0,Sabatier,0.0162917412831596,0.0456814353845019,0.048707611530703
links,DE1 0,V2G,29746.99794,109072.32578,272680.81445
links,DE1 0,agriculture machinery oil,1977.28626782796,988.643111646273,0
links,DE1 0,ammonia cracker,0.0183619709655994,0.0342482936831177,151.900997388092
links,DE1 0,battery charger,104.661068919032,53522.4455255261,64748.623927776
links,DE1 0,battery discharger,106.819256160818,54626.1172181183,66083.7875710236
links,DE1 0,biogas to gas,0.0131496026524234,0.0160802420138088,0.00133475518003749
links,DE1 0,biogas to gas CC,0.0127147950313252,0.0161167699000897,3688.36398588204
links,DE1 0,biomass to liquid,0.0110875519702789,0.0186419626708548,4165.1182739148
links,DE1 0,co2 sequestered,0,0,0
links,DE1 0,coal,8553.91664816743,2318.92818484953,2318.92818484953
links,DE1 0,coal for industry,7414.38352616987,,
links,DE1 0,electricity distribution grid,82358.1079057815,96686.3418135465,116706.02650009
links,DE1 0,gas for industry,19544.5205201055,10938.3561092621,7681.50683727955
links,DE1 0,gas for industry CC,0,0,0
links,DE1 0,kerosene for aviation,9804.17068244497,6246.8322346734,2950.41694963892
links,DE1 0,land transport oil,80067.2282386916,33013.844334536,6113.9473379891
links,DE1 0,lignite,16098.3572431483,2261.40188952324,2261.40188952324
links,DE1 0,methanolisation,0.0725459105105297,0.439043949856693,0.444697613952075
links,DE1 0,naphtha for industry,15142.694031694,7413.24197615552,2909.8173427173
links,DE1 0,nuclear,0.0226713705523319,0.0565031173123907,0.0632255964677504
links,DE1 0,oil,750.9,516.1,359
links,DE1 0,process emissions,2093.59706207379,1768.21549619586,6.73783565453676E-05
links,DE1 0,process emissions CC,0.0219118021371472,0.126849127340029,1601.62054080511
links,DE1 0,residential rural air heat pump,0.0255766574337966,0.0393648018060084,0.0156845149009772
links,DE1 0,residential rural biomass boiler,0.598736545830279,0.6576709613383,0.665651620420853
links,DE1 0,residential rural gas boiler,23232.939581398,20321.1160741925,20321.1184786241
links,DE1 0,residential rural ground heat pump,717.425427465636,2877.07812155301,4238.85778595273
links,DE1 0,residential rural oil boiler,11999.3127641273,,
links,DE1 0,residential rural resistive heater,230.57764334185,249.014061079936,249.023160335403
links,DE1 0,residential rural water tanks charger,1407.27349990968,1880.66900889931,1879.98244234968
links,DE1 0,residential rural water tanks discharger,1162.7847922905,1550.56788270399,1550.57743746459
links,DE1 0,residential urban decentral air heat pump,223.072117464688,4143.31534158894,11317.577336261
links,DE1 0,residential urban decentral biomass boiler,4931.48948788436,4931.53978384436,4931.56786378867
links,DE1 0,residential urban decentral gas boiler,56888.8461431104,58974.978822203,58974.9813779792
links,DE1 0,residential urban decentral oil boiler,37612.6777799604,,
links,DE1 0,residential urban decentral resistive heater,2820.89849200824,4281.13566504288,4281.20671457263
links,DE1 0,residential urban decentral water tanks charger,1369.21956794849,2456.04993231862,2454.61240913972
links,DE1 0,residential urban decentral water tanks discharger,1131.15955950431,2024.64809678765,2024.6541049738
links,DE1 0,services rural air heat pump,0.0257911415015531,0.0398301992143844,0.0158230787413554
links,DE1 0,services rural biomass boiler,0.682330181962404,0.737524204533261,0.74567463497327
links,DE1 0,services rural gas boiler,9028.11579157499,7586.5756663317,7586.57807952458
links,DE1 0,services rural ground heat pump,515.403677594536,1476.3711418706,2082.72984640214
links,DE1 0,services rural oil boiler,4021.70289718674,,
links,DE1 0,services rural resistive heater,594.287341192347,594.445877732928,594.451852378394
links,DE1 0,services rural water tanks charger,68.4302481424863,189.663677170967,189.06821026142
links,DE1 0,services rural water tanks discharger,42.3332052191188,155.257543777435,155.26687802743
links,DE1 0,services urban decentral air heat pump,74.7560942732677,1403.4545330008,4205.7628710374
links,DE1 0,services urban decentral biomass boiler,481.541963728356,481.594638739776,481.742463713624
links,DE1 0,services urban decentral gas boiler,22569.9813117647,22384.0534556707,22384.0560726194
links,DE1 0,services urban decentral oil boiler,12606.3065587256,,
links,DE1 0,services urban decentral resistive heater,1568.74949325865,3298.05654417657,3298.06841215598
links,DE1 0,services urban decentral water tanks charger,205.223278187448,200.312662788577,198.763230770967
links,DE1 0,services urban decentral water tanks discharger,161.178945561024,163.269268949348,163.27796893585
links,DE1 0,shipping methanol,45.0331406094032,321.584404520878,377.170927714289
links,DE1 0,shipping oil,932.187935021824,369.822061882929,
links,DE1 0,solid biomass for industry,6785.38811412423,7407.53421715788,7686.07304871269
links,DE1 0,solid biomass for industry CC,0,0,0
links,DE1 0,urban central air heat pump,0.0112368761793647,0.0273187439935419,0.0282343730439
links,DE1 0,urban central gas CHP,27420.5156846774,35398.0780029918,35398.0831754616
links,DE1 0,urban central gas CHP CC,0,0,0
links,DE1 0,urban central gas boiler,4576.60032631911,4576.90256184562,4576.92017946309
links,DE1 0,urban central resistive heater,10387.0699303523,24130.6577232157,24130.697955354
links,DE1 0,urban central solid biomass CHP,8434.09426436399,8434.12320183995,8434.12527579297
links,DE1 0,urban central solid biomass CHP CC,0,0,0
links,DE1 0,urban central water tanks charger,13834.1639798981,21724.9948213363,34639.0954813596
links,DE1 0,urban central water tanks discharger,16036.729146612,21156.4814137899,33205.0495781365
links,FR1 0,BioSNG,0.0261924749051161,0.0413365850459505,7865.40250123466
links,FR1 0,CCGT,9144.40412194536,8710.51488015846,6491.31879530233
links,FR1 0,EV charger,21335.16,78228.92,195572.3
links,FR1 0,Fischer-Tropsch,0.029459384163536,0.0423068695015315,6063.54351387295
links,FR1 0,H2 Electrolysis,0.0664805084898788,0.406548376345465,4415.78201868095
links,FR1 0,H2 Fuel Cell,0.0294704301422925,0.044665648674848,4565.39614884778
links,FR1 0,H2 turbine,0.0939491624580954,0.131433676018282,0.146899328050145
links,FR1 0,Haber-Bosch,0.0138442103168911,0.0176342858858996,0.0182301653043811
links,FR1 0,OCGT,17428.0798652484,20295.8072859817,20295.8144786568
links,FR1 0,SMR,744.472732980493,744.693584634308,744.696009025961
links,FR1 0,Sabatier,0.0160458423777949,0.0363489422007322,0.0393779639852629
links,FR1 0,V2G,21335.16,78228.92,195572.3
links,FR1 0,agriculture machinery oil,2844.97340903755,1422.4866916818,0
links,FR1 0,ammonia cracker,0.0184163266297103,0.0343228124159588,362.476757550553
links,FR1 0,battery charger,2011.97777244208,16782.7661877841,36221.8955446023
links,FR1 0,battery discharger,2053.4662151275,17128.8390135487,36968.8173336215
links,FR1 0,biogas to gas,0.0110790020239243,0.0116988297333289,0.00140951533409951
links,FR1 0,biogas to gas CC,0.00954988163454425,0.0112771894372342,8377.50286377645
links,FR1 0,biomass to liquid,0.0117776920317997,0.0213987530628051,2516.47904127927
links,FR1 0,co2 sequestered,0,0,0
links,FR1 0,coal for industry,2076.48398625795,,
links,FR1 0,electricity distribution grid,75857.7846382582,75857.8221793338,75857.8315815984
links,FR1 0,gas for industry,9254.56617889026,5172.37438789965,3683.78994307242
links,FR1 0,gas for industry CC,0,0,0
links,FR1 0,kerosene for aviation,7753.30970332032,5026.41080225636,2425.85791929192
links,FR1 0,land transport oil,55412.6390517547,24109.0136172688,4414.96484964247
links,FR1 0,methanolisation,0.0789582415522692,0.097018401824136,741.038767059765
links,FR1 0,naphtha for industry,8278.53877619017,3825.34243916556,1347.03195532955
links,FR1 0,nuclear,26270.0219194141,8650.04020314311,2660.04404267699
links,FR1 0,oil,254,,
links,FR1 0,process emissions,1043.36663898244,878.978788002933,7.67182709771066E-05
links,FR1 0,process emissions CC,0.0248670977212243,0.0369292544661571,792.262006155772
links,FR1 0,residential rural air heat pump,0.0205100411605094,0.0377475803093824,0.0193335496007668
links,FR1 0,residential rural biomass boiler,3629.45646489453,3629.68882866485,3629.69170527239
links,FR1 0,residential rural gas boiler,11420.5732066736,7963.31186316595,7963.31387334625
links,FR1 0,residential rural ground heat pump,218.797982253952,1019.00597761765,1486.18667705334
links,FR1 0,residential rural oil boiler,3408.03864842501,,
links,FR1 0,residential rural resistive heater,6317.86568472299,1658.6904226803,1658.69428693852
links,FR1 0,residential rural water tanks charger,31.3303365511935,11.1213158003938,2.4043764849795
links,FR1 0,residential rural water tanks discharger,26.2094451420548,9.09787737818244,1.77697208068444
links,FR1 0,residential urban decentral air heat pump,2387.99943586934,1142.47991972582,4696.16267135952
links,FR1 0,residential urban decentral biomass boiler,9338.96235742478,11721.9051282802,11721.9089332795
links,FR1 0,residential urban decentral gas boiler,41912.9371642017,33421.5730647529,33421.5752115864
links,FR1 0,residential urban decentral oil boiler,13788.3683519676,,
links,FR1 0,residential urban decentral resistive heater,25560.9579757534,8480.08280160602,8480.08762890165
links,FR1 0,residential urban decentral water tanks charger,40.0609851352814,11.2043029277506,2.40343502076431
links,FR1 0,residential urban decentral water tanks discharger,33.4952946588716,9.16335725048306,1.69018517519219
links,FR1 0,services rural air heat pump,0.0215028585847649,0.0395016590797461,0.0201265323094007
links,FR1 0,services rural biomass boiler,1577.12616371047,1577.36918161189,1577.37204494163
links,FR1 0,services rural gas boiler,3499.81002468831,2984.85180927339,2984.85381245932
links,FR1 0,services rural ground heat pump,350.02142986162,772.228168212835,1182.67144778289
links,FR1 0,services rural oil boiler,1255.21161051628,,
links,FR1 0,services rural resistive heater,2326.94846697802,595.614712627319,595.618741712635
links,FR1 0,services rural water tanks charger,27.2553429145442,11.6235469341112,2.41017890742914
links,FR1 0,services rural water tanks discharger,22.8008714729161,9.59100239040712,1.84464126007422
links,FR1 0,services urban decentral air heat pump,879.53080409643,485.642758470256,2074.74015456587
links,FR1 0,services urban decentral biomass boiler,3935.83892550081,4357.47818899373,4357.4821379101
links,FR1 0,services urban decentral gas boiler,12876.2176013038,12092.2898758626,12092.2920449456
links,FR1 0,services urban decentral oil boiler,5078.38138909114,,
links,FR1 0,services urban decentral resistive heater,9414.35189600283,3761.92922238043,3761.93389420429
links,FR1 0,services urban decentral water tanks charger,42.5053361947427,11.6029159165708,2.2680662895472
links,FR1 0,services urban decentral water tanks discharger,35.5491822162909,9.56511552452113,1.69222308130237
links,FR1 0,shipping methanol,6.58501134014964,46.02010106272,53.9747923625851
links,FR1 0,shipping oil,136.311648377274,52.9231192496452,
links,FR1 0,solid biomass for industry,2181.50682649572,2454.33787587322,2577.62556235628
links,FR1 0,solid biomass for industry CC,0,0,0
links,FR1 0,urban central air heat pump,0.0146007445083861,0.0270343785892098,0.0450622611225588
links,FR1 0,urban central gas CHP,8848.26272434294,15517.9440246071,15517.9501682012
links,FR1 0,urban central gas CHP CC,0,0,0
links,FR1 0,urban central gas boiler,2689.38105216777,2690.12088280364,2690.1385952132
links,FR1 0,urban central resistive heater,1926.59558779174,5731.13641794178,26834.3747374449
links,FR1 0,urban central solid biomass CHP,5800.66093161922,5800.80487210298,5800.80839337113
links,FR1 0,urban central solid biomass CHP CC,0,0,0
links,FR1 0,urban central water tanks charger,12056.2798924667,12314.1295405487,26719.6673855881
links,FR1 0,urban central water tanks discharger,7648.3098405388,8791.9334328611,15327.7949423452
links,UK0 0,BioSNG,0.0238334487715474,0.0408829379150818,0.0420512916903165
links,UK0 0,CCGT,32843.1952205198,15650.7145216469,11355.6182455434
links,UK0 0,EV charger,19414.8311057658,71187.7140544747,177969.285136187
links,UK0 0,Fischer-Tropsch,0.0307429566073355,0.0444731911700196,4441.46405797941
links,UK0 0,H2 Electrolysis,0.0957245245695043,56965.4624308165,216036.955002631
links,UK0 0,H2 Fuel Cell,0.0289919512219062,0.0440260166743363,0.0234272670970536
links,UK0 0,H2 turbine,0.0846786033991057,0.122716361406256,0.137043923956759
links,UK0 0,Haber-Bosch,0.0137022290765621,0.0177347988239371,0.0183221326401612
links,UK0 0,OCGT,9725.35969677952,13840.6534636792,13840.6607441417
links,UK0 0,SMR,758.250062105,11456.6550430791,11456.6574550809
links,UK0 0,Sabatier,0.0194507118462325,0.0397528174851924,0.0404443932202094
links,UK0 0,V2G,19414.8311057658,71187.7140544747,177969.285136187
links,UK0 0,agriculture machinery oil,750.777688277257,375.388826775747,0
links,UK0 0,ammonia cracker,0.018335340036119,0.0341281001773297,0.356400706663965
links,UK0 0,battery charger,948.918951254105,5788.56221835236,12891.5388332038
links,UK0 0,battery discharger,968.486349095893,5907.92657471679,13157.3717252635
links,UK0 0,biogas to gas,0.0124162233671614,0.0113983492513701,0.00104830452335475
links,UK0 0,biogas to gas CC,0.0109879251259471,0.0108400056294861,4418.90735163682
links,UK0 0,biomass to liquid,0.0113876414699461,0.0209572912299092,3503.84000603296
links,UK0 0,co2 sequestered,0,0,0
links,UK0 0,coal for industry,831.050189483148,,
links,UK0 0,electricity distribution grid,55821.2015336772,64842.3831959142,83302.3355048862
links,UK0 0,gas for industry,7739.72599799147,4140.41092178503,2974.88583418539
links,UK0 0,gas for industry CC,0,0,0
links,UK0 0,kerosene for aviation,13517.713422833,8471.22870583755,3394.83296826377
links,UK0 0,land transport oil,49297.7695732717,19908.1582518519,3582.20636129215
links,UK0 0,methanolisation,0.0802587410259847,0.0974389124795171,0.0976636193233553
links,UK0 0,naphtha for industry,4697.48855159574,2071.91777668927,657.534236742318
links,UK0 0,nuclear,10650.0182004985,5284.03369592143,5284.03600717673
links,UK0 0,process emissions,728.297614611321,639.251812465536,2.31290985087888E-05
links,UK0 0,process emissions CC,0.0256606496579784,0.037413242412791,597.059257373516
links,UK0 0,residential rural air heat pump,0.0363125189443378,0.0623493717331426,0.0304000782283382
links,UK0 0,residential rural biomass boiler,0.757906115143945,1.1435076472532,1.14510772049525
links,UK0 0,residential rural gas boiler,9853.62858309488,7877.78422017873,7877.78658597765
links,UK0 0,residential rural ground heat pump,648.882699933784,1034.2818596249,1948.07285677488
links,UK0 0,residential rural oil boiler,481.752721004478,,
links,UK0 0,residential rural resistive heater,769.346854554887,438.287027948515,438.327053716274
links,UK0 0,residential rural water tanks charger,463.646941498211,579.916721004983,575.855492725063
links,UK0 0,residential rural water tanks discharger,382.585401214048,474.467368925565,474.478614752449
links,UK0 0,residential urban decentral air heat pump,1650.22606069851,3916.57847633676,10403.882049224
links,UK0 0,residential urban decentral biomass boiler,1193.45678996186,2077.41445231896,2077.41605821097
links,UK0 0,residential urban decentral gas boiler,58743.3978137673,44150.7026093086,44150.7050229979
links,UK0 0,residential urban decentral oil boiler,2794.09649552195,,
links,UK0 0,residential urban decentral resistive heater,4461.3038644421,3646.95417967029,6150.61460529838
links,UK0 0,residential urban decentral water tanks charger,2149.97961556296,2222.31958202528,2218.50688739903
links,UK0 0,residential urban decentral water tanks discharger,1774.58423296759,1829.96002380387,1829.97084314318
links,UK0 0,services rural air heat pump,0.0423888779776902,0.0698322881928062,0.0311116095035797
links,UK0 0,services rural biomass boiler,0.813925086082853,1.1374517788095,1.13904946621706
links,UK0 0,services rural gas boiler,3066.46568735922,2247.53230995035,2247.53460398466
links,UK0 0,services rural ground heat pump,274.536934069805,407.566569327206,703.531924872185
links,UK0 0,services rural oil boiler,136.755273577252,,
links,UK0 0,services rural resistive heater,335.933532266435,535.037994356904,535.046622087368
links,UK0 0,services rural water tanks charger,122.400411586325,126.599217434247,122.535515861139
links,UK0 0,services rural water tanks discharger,98.8364500304231,100.319504337388,100.328367613107
links,UK0 0,services urban decentral air heat pump,333.887392726615,949.300347892939,2773.43040338097
links,UK0 0,services urban decentral biomass boiler,207.866405001404,222.228962252887,222.230567141662
links,UK0 0,services urban decentral gas boiler,16666.6957921625,12466.3274242647,12466.3297751531
links,UK0 0,services urban decentral oil boiler,793.160918426435,,
links,UK0 0,services urban decentral resistive heater,3449.93988736189,3207.74087352769,3207.75470164593
links,UK0 0,services urban decentral water tanks charger,320.445721494383,389.377433892187,386.127688677934
links,UK0 0,services urban decentral water tanks discharger,263.394799042331,317.903651596897,317.912999432207
links,UK0 0,shipping methanol,20.2282759207031,146.779317074742,172.150435256887
links,UK0 0,shipping oil,418.727230084966,168.796209210332,
links,UK0 0,solid biomass for industry,1678.08216774756,1670.0912974723,1665.52510500846
links,UK0 0,solid biomass for industry CC,0,0,0
links,UK0 0,urban central air heat pump,0.0165510136052659,0.0345652046531243,1358.9700285038
links,UK0 0,urban central gas CHP,7379.88020423264,14471.5560373578,14471.5625724499
links,UK0 0,urban central gas CHP CC,0,0,0
links,UK0 0,urban central gas boiler,2185.25622740324,5001.15901942539,5001.1767354521
links,UK0 0,urban central resistive heater,8239.47025144957,15940.9902327866,30511.301819814
links,UK0 0,urban central solid biomass CHP,2109.59097004237,2109.78989594382,2109.79150906117
links,UK0 0,urban central solid biomass CHP CC,0,0,0
links,UK0 0,urban central water tanks charger,7124.74124622253,14811.3878387985,33670.5842449631
links,UK0 0,urban central water tanks discharger,5989.76540704271,10708.0519050547,26123.7702790247
links,UK2 0,BioSNG,0.0118122142016077,0.0210911459870463,0.0221797643499842
links,UK2 0,CCGT,1193.05553624023,1193.09511706887,0.0985136685561929
links,UK2 0,EV charger,550.415734234167,2018.19102552528,5045.4775638132
links,UK2 0,Fischer-Tropsch,0.0410554310751389,0.0554188778837231,238.220869035625
links,UK2 0,H2 Electrolysis,5908.38297373435,9900.24120364542,21125.0226241449
links,UK2 0,H2 Fuel Cell,0.023894420184615,0.0388078287774802,0.0204441014684235
links,UK2 0,H2 turbine,0.0582060380995246,0.0902745782897381,0.103418507913751
links,UK2 0,Haber-Bosch,121.94719533476,121.951303268055,121.951908038449
links,UK2 0,OCGT,0.14057302874736,0.243886171915969,0.251136972891371
links,UK2 0,SMR,0.700902687470627,1.30279872803611,1.3052051032837
links,UK2 0,Sabatier,0.0125796514746356,0.0336352774289893,0.0368530698799473
links,UK2 0,V2G,550.415734234167,2018.19102552528,5045.4775638132
links,UK2 0,agriculture machinery oil,21.284661181546,10.6423502002807,0
links,UK2 0,ammonia cracker,0.0183292918601976,0.0341006447913048,0.0555221212832728
links,UK2 0,battery charger,0.423550239514129,1.27752108632927,891.570408965796
links,UK2 0,battery discharger,0.432284153018127,1.30386449881402,909.955238221385
links,UK2 0,biogas to gas,0.0123949666255111,0.0115111125932132,0.00139221377393461
links,UK2 0,biogas to gas CC,0.00968260369326486,0.0107675126498856,617.07618354799
links,UK2 0,biomass to liquid,0.00709937930419968,0.0127305835503416,0.0134234185704231
links,UK2 0,co2 sequestered,0,0,0
links,UK2 0,coal for industry,0,,
links,UK2 0,electricity distribution grid,1804.28456125479,1912.6257873536,2319.67959896075
links,UK2 0,gas for industry,47.9451194999275,42.2374180780671,36.5296755677148
links,UK2 0,gas for industry CC,0,0,0
links,UK2 0,kerosene for aviation,383.230778525618,240.161606420779,96.2444308549729
links,UK2 0,land transport oil,1397.60509561671,564.401661543298,101.556517380389
links,UK2 0,methanolisation,0.108738146110327,0.130993843988512,96.1913240218698
links,UK2 0,naphtha for industry,86.7578993645414,65.0684664886302,43.3789899631396
links,UK2 0,nuclear,0.0210331768946364,0.0355883836907142,0.0376709103470912
links,UK2 0,process emissions,22.8146127433653,22.8096444833033,4.80549010729527E-05
links,UK2 0,process emissions CC,0.0336364974498119,0.0468396919243478,22.8648990440279
links,UK2 0,residential rural air heat pump,0.089376893178687,0.121000277595416,0.038676995253233
links,UK2 0,residential rural biomass boiler,0.0448657749910891,0.0892109280355215,0.0907576182125631
links,UK2 0,residential rural gas boiler,917.292736222854,745.382419169196,745.384749973262
links,UK2 0,residential rural ground heat pump,94.9493187246633,129.166410641227,210.323071362199
links,UK2 0,residential rural oil boiler,53.824757327002,,
links,UK2 0,residential rural resistive heater,167.404211566663,105.857619394386,105.898769596002
links,UK2 0,residential rural water tanks charger,76.8261727634257,85.96403844485,81.9636911644919
links,UK2 0,residential rural water tanks discharger,45.7783690599917,66.9814313311098,66.9915886727368
links,UK2 0,residential urban decentral air heat pump,48.0843340102648,74.8006078263765,143.327976160821
links,UK2 0,residential urban decentral biomass boiler,0.0448564168560834,0.0853944356219252,0.0869433441571929
links,UK2 0,residential urban decentral gas boiler,665.505774472131,518.872170217757,518.874491609409
links,UK2 0,residential urban decentral oil boiler,39.0464575670249,,
links,UK2 0,residential urban decentral resistive heater,165.348156167209,106.220903346854,106.309470059117
links,UK2 0,residential urban decentral water tanks charger,45.4914500543753,45.7565352369447,41.5025474595796
links,UK2 0,residential urban decentral water tanks discharger,32.3708140164097,33.4996100703534,33.5105059408986
links,UK2 0,services rural air heat pump,0.0874104391040235,0.119009359948655,0.0371302582264622
links,UK2 0,services rural biomass boiler,0.0505734658205291,0.0899504882063743,0.0914965129399671
links,UK2 0,services rural gas boiler,260.589241673806,200.407378683814,200.40964081822
links,UK2 0,services rural ground heat pump,30.482790828621,40.5160705707424,60.3062182282208
links,UK2 0,services rural resistive heater,100.16790534845,78.5957807655102,78.6036749623314
links,UK2 0,services rural water tanks charger,47.4633824276101,13.9388201804574,5.73013679253202
links,UK2 0,services rural water tanks discharger,39.5421794579706,9.88149678702495,3.89351046908226
links,UK2 0,services urban decentral air heat pump,12.193574744668,18.832627177786,30.2807794659227
links,UK2 0,services urban decentral biomass boiler,0.0493638488532503,0.0821204567427115,0.0836679821435578
links,UK2 0,services urban decentral gas boiler,189.129434217654,123.955363796532,123.957580390563
links,UK2 0,services urban decentral resistive heater,84.2432831875071,84.3265456712365,84.3328081408134
links,UK2 0,services urban decentral water tanks charger,41.1781983402628,13.3554966700422,2.85588646500912
links,UK2 0,services urban decentral water tanks discharger,34.4479787168795,11.1382281466884,2.08349807851847
links,UK2 0,shipping methanol,0.305177037034963,2.21520222964127,2.59813214162235
links,UK2 0,shipping oil,6.31944589495203,2.54748760512859,
links,UK2 0,solid biomass for industry,124.429134592874,124.429197039401,124.429217693091
links,UK2 0,solid biomass for industry CC,0,0,0
links,UK2 0,urban central air heat pump,0.0414260524394747,4.10029083185328,5.94173194754028
links,UK2 0,urban central gas CHP,0.157167933100087,0.325396778081846,0.331218330607948
links,UK2 0,urban central gas CHP CC,0,0,0
links,UK2 0,urban central gas boiler,57.1456198428088,113.418349262144,113.436055791243
links,UK2 0,urban central resistive heater,318.88772701929,400.374917980531,753.742966533381
links,UK2 0,urban central solid biomass CHP,0.0189129357311879,0.0312540122936798,0.0328129705608406
links,UK2 0,urban central solid biomass CHP CC,0,0,0
links,UK2 0,urban central water tanks charger,295.113939048625,385.859331594473,771.245900359358
links,UK2 0,urban central water tanks discharger,134.642913190531,201.741655250899,287.819976775625
links,H2 pipeline,H2 pipeline,2815.07777668602,2819.93107340983,52789.8676660293
links,H2 pipeline,H2 pipeline retrofitted,5722.04137876036,43494.9971278909,128531.9568956
links,NL1 0,BioSNG,4890.35526222481,11262.8397075196,11262.8438200603
links,NL1 0,CCGT,9979.04077222444,6588.56546698168,5575.5681166157
links,NL1 0,EV charger,5266.19478,19309.38086,48273.45215
links,NL1 0,Fischer-Tropsch,1332.3746144518,1332.43481456861,1332.45200920625
links,NL1 0,H2 Electrolysis,0.118760850308473,30959.8405764411,43943.0711696485
links,NL1 0,H2 Fuel Cell,1047.63639197091,1047.67945017348,7157.26786439142
links,NL1 0,H2 turbine,0.394028252970793,0.511196939480154,0.535014805454212
links,NL1 0,Haber-Bosch,0.0106725007523714,0.0143819218886227,0.0149380137670375
links,NL1 0,OCGT,0.169087408213477,0.268507100513441,0.275314054343155
links,NL1 0,SMR,0.024451697299943,0.0397712482414845,0.0420688329543966
links,NL1 0,Sabatier,0.0232570699399157,0.050976432213376,0.0530610986018618
links,NL1 0,V2G,5266.19478,19309.38086,48273.45215
links,NL1 0,agriculture machinery oil,515.690902494314,257.84543577583,0
links,NL1 0,ammonia cracker,0.0184051037453858,0.03426540950151,22.4727027390736
links,NL1 0,battery charger,6896.2481175339,10836.8146273315,12421.1886112614
links,NL1 0,battery discharger,7038.45376149657,11060.2776142077,12677.3225401952
links,NL1 0,biogas to gas,0.01222348585903,0.00933136518882361,0.001148290821666
links,NL1 0,biogas to gas CC,1541.15525165942,1546.92633909707,1548.73954497643
links,NL1 0,biomass to liquid,0.0118019392786353,0.020937147630242,4367.39719771661
links,NL1 0,co2 sequestered,0,0,0
links,NL1 0,coal,485,,
links,NL1 0,coal for industry,1208.9040779835,,
links,NL1 0,electricity distribution grid,29764.5392534033,35395.1748948239,35395.1926621484
links,NL1 0,gas for industry,5471.46116415837,3165.52507049193,2183.78994395766
links,NL1 0,gas for industry CC,0,0,0
links,NL1 0,kerosene for aviation,4480.980660386,2695.76391104372,962.00632021996
links,NL1 0,land transport oil,12788.4153171933,5347.6252547222,1024.10043070955
links,NL1 0,methanolisation,98.1656019103569,267.470307216262,267.471875011372
links,NL1 0,naphtha for industry,8937.21458459202,4118.72142083116,1442.92236555285
links,NL1 0,nuclear,0.0402256734083739,0.0633927232961757,0.0663003762746298
links,NL1 0,process emissions,0.00333792877347423,0.000351432721939334,3.28267161987929E-05
links,NL1 0,process emissions CC,194.068466271412,359.579704346553,359.580980420377
links,NL1 0,residential rural air heat pump,0.0422712388796492,0.0592571635751172,0.0179060994488898
links,NL1 0,residential rural biomass boiler,0.184200416934572,303.536339641536,303.538276491327
links,NL1 0,residential rural gas boiler,1901.13151035109,350.598402506087,350.600193634469
links,NL1 0,residential rural ground heat pump,317.918536753566,376.080912826206,376.081830034689
links,NL1 0,residential rural resistive heater,0.597096148796564,212.007433470131,212.010712810507
links,NL1 0,residential rural water tanks charger,48.7690875285334,78.4639404828122,75.2866468643059
links,NL1 0,residential rural water tanks discharger,40.8065096167519,61.42757726502,61.436808965884
links,NL1 0,residential urban decentral air heat pump,4188.68403637984,4037.36190330523,2800.88010646372
links,NL1 0,residential urban decentral biomass boiler,588.741606953457,6589.30185720982,6589.30440404054
links,NL1 0,residential urban decentral gas boiler,22977.617111989,4853.74744438326,4853.74939580951
links,NL1 0,residential urban decentral oil boiler,30.7333843751858,,
links,NL1 0,residential urban decentral resistive heater,1322.1923263248,3357.60863365694,3357.62044335236
links,NL1 0,residential urban decentral water tanks charger,40.1474113386319,9.50380968923058,3.04617019210544
links,NL1 0,residential urban decentral water tanks discharger,33.5926666910449,7.68038367678128,1.9607658926211
links,NL1 0,services rural air heat pump,0.0444340542289282,0.0527788276568114,0.0089640839199565
links,NL1 0,services rural biomass boiler,0.311972836678447,0.406758404267049,0.408392318196892
links,NL1 0,services rural gas boiler,955.474198908938,10.6525989266031,10.6543062918878
links,NL1 0,services rural ground heat pump,972.69411601453,939.936088184621,939.936560932281
links,NL1 0,services rural resistive heater,1.26235245715607,34.8999914568236,34.9025855298891
links,NL1 0,services rural water tanks charger,44.6654393758998,21.0813387159172,17.1189627646788
links,NL1 0,services rural water tanks discharger,37.3695823097537,13.381097653125,13.3869276728876
links,NL1 0,services urban decentral air heat pump,2187.06230152362,2110.99868236207,1311.65891885675
links,NL1 0,services urban decentral biomass boiler,241.64397516844,2404.31131722518,2404.31404977862
links,NL1 0,services urban decentral gas boiler,11548.0071530799,2508.26534801733,2508.26739422364
links,NL1 0,services urban decentral resistive heater,804.264780272178,1915.19412097461,1915.20380622243
links,NL1 0,services urban decentral water tanks charger,39.2242189692231,10.076858863862,2.66551234404376
links,NL1 0,services urban decentral water tanks discharger,32.817039922984,8.38692644450975,2.00162744654696
links,NL1 0,shipping methanol,36.9540213251432,268.598375379454,315.026162415354
links,NL1 0,shipping oil,764.950278857225,308.888133856397,
links,NL1 0,solid biomass for industry,253.424578883202,264.840157460524,269.406386769653
links,NL1 0,solid biomass for industry CC,0,0,0
links,NL1 0,urban central air heat pump,347.248079979934,347.269713764866,347.272649087499
links,NL1 0,urban central gas CHP,0.105711542048358,0.164261753445229,0.169097112907653
links,NL1 0,urban central gas CHP CC,0,0,0
links,NL1 0,urban central gas boiler,0.151257914553996,0.26654264717652,0.284118870713981
links,NL1 0,urban central resistive heater,9296.08422468599,11799.2303992086,11799.3259175858
links,NL1 0,urban central solid biomass CHP,0.0630044810291853,0.0779020956540851,0.0797481481392258
links,NL1 0,urban central solid biomass CHP CC,0,0,0
links,NL1 0,urban central water tanks charger,9569.22004101395,12597.9348445016,12837.2271695085
links,NL1 0,urban central water tanks discharger,6429.34305490006,8112.73970144279,8929.82661380334
links,biomass,solid biomass transport,1000000,1000000,1000000
links,gas pipeline,gas pipeline,887573.371030487,780736.989795707,623190.309733463
links,gas pipeline,gas pipeline new,819.048659037215,819.565263141857,819.637685879956
storage_units,BE1 0,PHS,1308,1308,1308
storage_units,BE1 0,hydro,12.7356687898089,12.7356687898089,12.7356687898089
storage_units,DE1 0,PHS,7526.22,7526.22,7526.22
storage_units,DE1 0,hydro,289.5,289.5,289.5
storage_units,FR1 0,PHS,5236.3,5236.3,5236.3
storage_units,FR1 0,hydro,8573.49299363057,8573.49299363057,8573.49299363057
storage_units,UK0 0,PHS,440,440,440
storage_units,UK0 0,hydro,221.5,221.5,221.5
stores,,co2,925855169.174818,429668425.706065,32909773.8138375
stores,BE1 0,H2,0.420413504770747,0.721100711457551,0.154386114223555
stores,BE1 0,battery,18060.4767305922,82601.6404093046,82602.2789776644
stores,BE1 0,biogas,13382903.6675482,14258339.3463527,15494552.6490224
stores,BE1 0,co2 sequestered,0,0,0
stores,BE1 0,co2 stored,0,0,0
stores,BE1 0,gas,7595069.45911725,7595006.09408413,7595007.03718107
stores,BE1 0,oil,6907420245.93009,2343826485.35093,1571977779.11651
stores,BE1 0,residential rural water tanks,0.156831736748571,22.0458020532942,22.0555252556757
stores,BE1 0,residential urban decentral water tanks,0.13821148995616,11.6868875792251,11.6974255894107
stores,BE1 0,services rural water tanks,0.424501751137112,1.59740121289481,1.60640247321067
stores,BE1 0,services urban decentral water tanks,0.186223418188692,0.499024041295665,0.510240342997563
stores,BE1 0,solid biomass,20944781.4561726,23383533.5493994,26476318.3275694
stores,BE1 0,urban central water tanks,270970.205277107,1008101.1369908,1020676.49216552
stores,DE1 0,H2,59.3338409198124,614627.862760745,44028538.173363
stores,DE1 0,battery,213.648474584884,409056.712374807,485418.566253988
stores,DE1 0,biogas,30854461.1715897,31683585.3348779,32309766.1764827
stores,DE1 0,co2 sequestered,0,0,0
stores,DE1 0,co2 stored,0,0,0
stores,DE1 0,gas,172410416.85098,172409833.051978,172409831.872355
stores,DE1 0,oil,6910549047.22449,2340650091.30349,1569784737.75855
stores,DE1 0,residential rural water tanks,1179.04647080373,1572.25377372427,1572.26493565468
stores,DE1 0,residential urban decentral water tanks,1146.97900200086,2052.96412330427,2052.9744601283
stores,DE1 0,services rural water tanks,42.9248153281166,157.428782508686,157.439614269859
stores,DE1 0,services urban decentral water tanks,163.432263442217,165.552469941377,165.56234412877
stores,DE1 0,solid biomass,196742083.742071,185196798.522735,192110868.568942
stores,DE1 0,urban central water tanks,424591.418090606,1078065.67729958,5528765.8055116
stores,EU NH3,NH3,165485.295210591,369044.072953928,1715862.61806733
stores,EU coal,coal,6899955949.8342,2340650728.88925,1569895808.08045
stores,EU lignite,lignite,5763085550.68139,2340666194.29032,1569912270.35892
stores,EU methanol,methanol,2323907766.17762,801275836.144038,548019753.473706
stores,EU uranium,uranium,3057082798.16539,2005515073.67611,1335738316.85911
stores,FR1 0,H2,73.6981861912421,109851.486058652,4227231.04988088
stores,FR1 0,battery,5913.99909106674,105443.089626145,235473.831714802
stores,FR1 0,biogas,71460713.286787,71501551.7715814,71498636.0441741
stores,FR1 0,co2 sequestered,0,0,0
stores,FR1 0,co2 stored,0,0,0
stores,FR1 0,gas,108174192.482188,108092477.862721,108092478.633026
stores,FR1 0,oil,6912615486.35559,2404464398.78834,1553811658.42501
stores,FR1 0,residential rural water tanks,0.319091518477822,0.582215815391353,0.59282452524045
stores,FR1 0,residential urban decentral water tanks,0.314726587709173,0.561799585461623,0.570634165651504
stores,FR1 0,services rural water tanks,0.275294920337509,0.439756938867228,0.44943354708984
stores,FR1 0,services urban decentral water tanks,0.273318601834225,0.422742556341661,0.431221301223959
stores,FR1 0,solid biomass,148316437.547034,148121982.051379,152193495.632415
stores,FR1 0,urban central water tanks,138910.784370932,309889.135986904,3573412.9924988
stores,UK0 0,H2,3827.3910019065,4539846.88918264,28702716.6427744
stores,UK0 0,battery,1966.06847461586,31808.2244521976,101403.376565119
stores,UK0 0,biogas,37991947.7047171,38446775.8533722,38709609.0348789
stores,UK0 0,co2 sequestered,0,0,0
stores,UK0 0,co2 stored,0,0,0
stores,UK0 0,gas,43960425.3045381,43927234.2847205,43927235.4678241
stores,UK0 0,oil,6910034879.50529,2340632286.90781,1569849056.84483
stores,UK0 0,residential rural water tanks,387.935172949615,481.102892072301,481.115260039336
stores,UK0 0,residential urban decentral water tanks,1799.40245486272,1855.55314638267,1855.56503996075
stores,UK0 0,services rural water tanks,100.218160693113,101.722251142437,101.732688519009
stores,UK0 0,services urban decentral water tanks,267.077792632972,322.349384673869,322.359729883711
stores,UK0 0,solid biomass,39426103.7506543,40179607.2234632,40117958.2805713
stores,UK0 0,urban central water tanks,170779.170789929,641236.741314358,7612615.01055864
stores,UK2 0,H2,286980.323400236,755404.126889974,2231365.08655346
stores,UK2 0,battery,0.949577014880937,5.16047303008806,5240.78774320317
stores,UK2 0,biogas,5014040.93615941,5069431.27625134,5124900.53782561
stores,UK2 0,co2 sequestered,0,0,0
stores,UK2 0,co2 stored,0,0,0
stores,UK2 0,gas,3186434.69134355,3184326.71142699,3184323.11264719
stores,UK2 0,oil,6902232714.77505,2340626083.0406,1569868284.34786
stores,UK2 0,residential rural water tanks,46.1544537357873,67.9177204662783,67.9303914028706
stores,UK2 0,residential urban decentral water tanks,19.4830366828148,33.9678647560825,33.9796717793308
stores,UK2 0,services rural water tanks,2.48263188648211,3.93718159407148,3.9485487692675
stores,UK2 0,services urban decentral water tanks,0.875589120728158,1.329603188314,1.33951335882056
stores,UK2 0,solid biomass,805463.530024112,840337.132143841,877564.46481216
stores,UK2 0,urban central water tanks,14945.6778835766,15107.6568270673,82582.745398505
stores,NL1 0,H2,6187.10553685529,3002351.29163615,20299233.3843071
stores,NL1 0,battery,32280.4017526687,94811.0483947164,106324.998596175
stores,NL1 0,biogas,13489951.853616,13551050.5778962,13566934.231776
stores,NL1 0,co2 sequestered,0,0,0
stores,NL1 0,co2 stored,0,0,0
stores,NL1 0,gas,96228439.9556915,96227371.679594,96227371.3554728
stores,NL1 0,oil,6902601302.68484,2352932432.18752,1590965361.98774
stores,NL1 0,residential rural water tanks,0.173429081106834,62.2864305453716,62.2974145400651
stores,NL1 0,residential urban decentral water tanks,0.156695346235491,1.17037965080265,1.1816026156188
stores,NL1 0,services rural water tanks,0.11535139556355,13.5686324384463,13.5767623902048
stores,NL1 0,services urban decentral water tanks,0.130930364237064,0.451523589032377,0.462479169363367
stores,NL1 0,solid biomass,17227013.3536155,19944981.651406,22871222.6749819
stores,NL1 0,urban central water tanks,1528037.40689067,2221612.50145567,2393605.75631875
