index,0
2019-09-07 02:00:00+02:00,0.0
2019-09-07 03:00:00+02:00,0.0
2019-09-07 04:00:00+02:00,0.0
2019-09-07 05:00:00+02:00,0.0
2019-09-07 06:00:00+02:00,0.0
2019-09-07 07:00:00+02:00,0.0
2019-09-07 08:00:00+02:00,0.0
2019-09-07 09:00:00+02:00,0.0
2019-09-07 10:00:00+02:00,0.0
2019-09-07 11:00:00+02:00,0.0
2019-09-07 12:00:00+02:00,258.0
2019-09-07 13:00:00+02:00,0.0
2019-09-07 14:00:00+02:00,0.0
2019-09-07 15:00:00+02:00,0.0
2019-09-07 16:00:00+02:00,0.0
2019-09-07 17:00:00+02:00,0.0
2019-09-07 18:00:00+02:00,0.0
2019-09-07 19:00:00+02:00,0.0
2019-09-07 20:00:00+02:00,0.0
2019-09-07 21:00:00+02:00,0.0
2019-09-07 22:00:00+02:00,0.0
2019-09-07 23:00:00+02:00,0.0
2019-09-08 00:00:00+02:00,0.0
2019-09-08 01:00:00+02:00,0.0
2019-09-08 02:00:00+02:00,0.0
2019-09-08 03:00:00+02:00,0.0
2019-09-08 04:00:00+02:00,0.0
2019-09-08 05:00:00+02:00,0.0
2019-09-08 06:00:00+02:00,0.0
2019-09-08 07:00:00+02:00,0.0
2019-09-08 08:00:00+02:00,0.0
2019-09-08 09:00:00+02:00,0.0
2019-09-08 10:00:00+02:00,0.0
2019-09-08 11:00:00+02:00,0.0
2019-09-08 12:00:00+02:00,0.0
2019-09-08 13:00:00+02:00,0.0
2019-09-08 14:00:00+02:00,0.0
2019-09-08 15:00:00+02:00,0.0
2019-09-08 16:00:00+02:00,1.0
2019-09-08 17:00:00+02:00,0.0
2019-09-08 18:00:00+02:00,0.0
2019-09-08 19:00:00+02:00,0.0
2019-09-08 20:00:00+02:00,0.0
2019-09-08 21:00:00+02:00,0.0
2019-09-08 22:00:00+02:00,0.0
2019-09-08 23:00:00+02:00,0.0
2019-09-09 00:00:00+02:00,0.0
2019-09-09 01:00:00+02:00,0.0
2019-09-09 02:00:00+02:00,0.0
2019-09-09 03:00:00+02:00,0.0
2019-09-09 04:00:00+02:00,0.0
2019-09-09 05:00:00+02:00,0.0
2019-09-09 06:00:00+02:00,0.0
2019-09-09 07:00:00+02:00,0.0
2019-09-09 08:00:00+02:00,0.0
2019-09-09 09:00:00+02:00,0.0
2019-09-09 10:00:00+02:00,0.0
2019-09-09 11:00:00+02:00,0.0
2019-09-09 12:00:00+02:00,0.0
2019-09-09 13:00:00+02:00,0.0
2019-09-09 14:00:00+02:00,0.0
2019-09-09 15:00:00+02:00,0.0
2019-09-09 16:00:00+02:00,0.0
2019-09-09 17:00:00+02:00,0.0
2019-09-09 18:00:00+02:00,0.0
2019-09-09 19:00:00+02:00,0.0
2019-09-09 20:00:00+02:00,0.0
2019-09-09 21:00:00+02:00,0.0
2019-09-09 22:00:00+02:00,0.0
2019-09-09 23:00:00+02:00,0.0
2019-09-10 00:00:00+02:00,0.0
2019-09-10 01:00:00+02:00,0.0
2019-09-10 02:00:00+02:00,0.0
2019-09-10 03:00:00+02:00,0.0
2019-09-10 04:00:00+02:00,0.0
2019-09-10 05:00:00+02:00,0.0
2019-09-10 06:00:00+02:00,0.0
2019-09-10 07:00:00+02:00,0.0
2019-09-10 08:00:00+02:00,0.0
2019-09-10 09:00:00+02:00,0.0
2019-09-10 10:00:00+02:00,0.0
2019-09-10 11:00:00+02:00,0.0
2019-09-10 12:00:00+02:00,0.0
2019-09-10 13:00:00+02:00,0.0
2019-09-10 14:00:00+02:00,0.0
2019-09-10 15:00:00+02:00,1.0
2019-09-10 16:00:00+02:00,0.0
2019-09-10 17:00:00+02:00,2.0
2019-09-10 18:00:00+02:00,1.0
2019-09-10 19:00:00+02:00,1.0
2019-09-10 20:00:00+02:00,1.0
2019-09-10 21:00:00+02:00,1.0
2019-09-10 22:00:00+02:00,1.0
2019-09-10 23:00:00+02:00,0.0
2019-09-11 00:00:00+02:00,0.0
2019-09-11 01:00:00+02:00,0.0
2019-09-11 02:00:00+02:00,632.0
2019-09-11 03:00:00+02:00,576.0
2019-09-11 04:00:00+02:00,543.0
2019-09-11 05:00:00+02:00,501.0
2019-09-11 06:00:00+02:00,377.0
2019-09-11 07:00:00+02:00,0.0
2019-09-11 08:00:00+02:00,0.0
2019-09-11 09:00:00+02:00,0.0
2019-09-11 10:00:00+02:00,0.0
2019-09-11 11:00:00+02:00,0.0
2019-09-11 12:00:00+02:00,0.0
2019-09-11 13:00:00+02:00,0.0
2019-09-11 14:00:00+02:00,0.0
2019-09-11 15:00:00+02:00,0.0
2019-09-11 16:00:00+02:00,0.0
2019-09-11 17:00:00+02:00,0.0
2019-09-11 18:00:00+02:00,0.0
2019-09-11 19:00:00+02:00,0.0
2019-09-11 20:00:00+02:00,0.0
2019-09-11 21:00:00+02:00,0.0
2019-09-11 22:00:00+02:00,0.0
2019-09-11 23:00:00+02:00,0.0
2019-09-12 00:00:00+02:00,0.0
2019-09-12 01:00:00+02:00,0.0
2019-09-12 02:00:00+02:00,0.0
2019-09-12 03:00:00+02:00,0.0
2019-09-12 04:00:00+02:00,0.0
2019-09-12 05:00:00+02:00,0.0
2019-09-12 06:00:00+02:00,0.0
2019-09-12 07:00:00+02:00,0.0
2019-09-12 08:00:00+02:00,0.0
2019-09-12 09:00:00+02:00,0.0
2019-09-12 10:00:00+02:00,0.0
2019-09-12 11:00:00+02:00,0.0
2019-09-12 12:00:00+02:00,0.0
2019-09-12 13:00:00+02:00,0.0
2019-09-12 14:00:00+02:00,0.0
2019-09-12 15:00:00+02:00,5.0
2019-09-12 16:00:00+02:00,0.0
2019-09-12 17:00:00+02:00,0.0
2019-09-12 18:00:00+02:00,0.0
2019-09-12 19:00:00+02:00,0.0
2019-09-12 20:00:00+02:00,0.0
2019-09-12 21:00:00+02:00,0.0
2019-09-12 22:00:00+02:00,276.0
2019-09-12 23:00:00+02:00,461.0
2019-09-13 00:00:00+02:00,0.0
2019-09-13 01:00:00+02:00,0.0
2019-09-13 02:00:00+02:00,0.0
2019-09-13 03:00:00+02:00,466.0
2019-09-13 04:00:00+02:00,0.0
2019-09-13 05:00:00+02:00,0.0
2019-09-13 06:00:00+02:00,0.0
2019-09-13 07:00:00+02:00,0.0
2019-09-13 08:00:00+02:00,0.0
2019-09-13 09:00:00+02:00,0.0
2019-09-13 10:00:00+02:00,0.0
2019-09-13 11:00:00+02:00,0.0
2019-09-13 12:00:00+02:00,0.0
2019-09-13 13:00:00+02:00,0.0
2019-09-13 14:00:00+02:00,0.0
2019-09-13 15:00:00+02:00,0.0
2019-09-13 16:00:00+02:00,0.0
2019-09-13 17:00:00+02:00,0.0
2019-09-13 18:00:00+02:00,0.0
2019-09-13 19:00:00+02:00,0.0
2019-09-13 20:00:00+02:00,0.0
2019-09-13 21:00:00+02:00,0.0
2019-09-13 22:00:00+02:00,0.0
2019-09-13 23:00:00+02:00,0.0
2019-09-14 00:00:00+02:00,0.0
2019-09-14 01:00:00+02:00,0.0
2019-09-14 02:00:00+02:00,0.0
2019-09-14 03:00:00+02:00,0.0
2019-09-14 04:00:00+02:00,0.0
2019-09-14 05:00:00+02:00,0.0
2019-09-14 06:00:00+02:00,0.0
2019-09-14 07:00:00+02:00,0.0
2019-09-14 08:00:00+02:00,0.0
2019-09-14 09:00:00+02:00,0.0
2019-09-14 10:00:00+02:00,0.0
2019-09-14 11:00:00+02:00,0.0
2019-09-14 12:00:00+02:00,0.0
2019-09-14 13:00:00+02:00,0.0
2019-09-14 14:00:00+02:00,0.0
2019-09-14 15:00:00+02:00,0.0
2019-09-14 16:00:00+02:00,0.0
2019-09-14 17:00:00+02:00,0.0
2019-09-14 18:00:00+02:00,0.0
2019-09-14 19:00:00+02:00,0.0
2019-09-14 20:00:00+02:00,0.0
2019-09-14 21:00:00+02:00,0.0
2019-09-14 22:00:00+02:00,0.0
2019-09-14 23:00:00+02:00,0.0
2019-09-15 00:00:00+02:00,0.0
2019-09-15 01:00:00+02:00,0.0
2019-09-15 02:00:00+02:00,0.0
2019-09-15 03:00:00+02:00,0.0
2019-09-15 04:00:00+02:00,0.0
2019-09-15 05:00:00+02:00,0.0
2019-09-15 06:00:00+02:00,0.0
2019-09-15 07:00:00+02:00,0.0
2019-09-15 08:00:00+02:00,0.0
2019-09-15 09:00:00+02:00,0.0
2019-09-15 10:00:00+02:00,0.0
2019-09-15 11:00:00+02:00,0.0
2019-09-15 12:00:00+02:00,0.0
2019-09-15 13:00:00+02:00,0.0
2019-09-15 14:00:00+02:00,0.0
2019-09-15 15:00:00+02:00,0.0
2019-09-15 16:00:00+02:00,0.0
2019-09-15 17:00:00+02:00,0.0
2019-09-15 18:00:00+02:00,0.0
2019-09-15 19:00:00+02:00,0.0
2019-09-15 20:00:00+02:00,0.0
2019-09-15 21:00:00+02:00,0.0
2019-09-15 22:00:00+02:00,0.0
2019-09-15 23:00:00+02:00,0.0
2019-09-16 00:00:00+02:00,0.0
2019-09-16 01:00:00+02:00,0.0
2019-09-16 02:00:00+02:00,0.0
2019-09-16 03:00:00+02:00,0.0
2019-09-16 04:00:00+02:00,0.0
2019-09-16 05:00:00+02:00,0.0
2019-09-16 06:00:00+02:00,0.0
2019-09-16 07:00:00+02:00,0.0
2019-09-16 08:00:00+02:00,0.0
2019-09-16 09:00:00+02:00,0.0
2019-09-16 10:00:00+02:00,0.0
2019-09-16 11:00:00+02:00,0.0
2019-09-16 12:00:00+02:00,0.0
2019-09-16 13:00:00+02:00,0.0
2019-09-16 14:00:00+02:00,0.0
2019-09-16 15:00:00+02:00,0.0
2019-09-16 16:00:00+02:00,0.0
2019-09-16 17:00:00+02:00,0.0
2019-09-16 18:00:00+02:00,0.0
2019-09-16 19:00:00+02:00,0.0
2019-09-16 20:00:00+02:00,0.0
2019-09-16 21:00:00+02:00,0.0
2019-09-16 22:00:00+02:00,0.0
2019-09-16 23:00:00+02:00,0.0
2019-09-17 00:00:00+02:00,0.0
2019-09-17 01:00:00+02:00,0.0
2019-09-17 02:00:00+02:00,0.0
2019-09-17 03:00:00+02:00,0.0
2019-09-17 04:00:00+02:00,0.0
2019-09-17 05:00:00+02:00,0.0
2019-09-17 06:00:00+02:00,0.0
2019-09-17 07:00:00+02:00,0.0
2019-09-17 08:00:00+02:00,0.0
2019-09-17 09:00:00+02:00,0.0
2019-09-17 10:00:00+02:00,0.0
2019-09-17 11:00:00+02:00,0.0
2019-09-17 12:00:00+02:00,0.0
2019-09-17 13:00:00+02:00,0.0
2019-09-17 14:00:00+02:00,0.0
2019-09-17 15:00:00+02:00,0.0
2019-09-17 16:00:00+02:00,0.0
2019-09-17 17:00:00+02:00,0.0
2019-09-17 18:00:00+02:00,0.0
2019-09-17 19:00:00+02:00,0.0
2019-09-17 20:00:00+02:00,0.0
2019-09-17 21:00:00+02:00,0.0
2019-09-17 22:00:00+02:00,0.0
2019-09-17 23:00:00+02:00,0.0
2019-09-18 00:00:00+02:00,0.0
2019-09-18 01:00:00+02:00,0.0
2019-09-18 02:00:00+02:00,0.0
2019-09-18 03:00:00+02:00,0.0
2019-09-18 04:00:00+02:00,0.0
2019-09-18 05:00:00+02:00,0.0
2019-09-18 06:00:00+02:00,0.0
2019-09-18 07:00:00+02:00,0.0
2019-09-18 08:00:00+02:00,0.0
2019-09-18 09:00:00+02:00,0.0
2019-09-18 10:00:00+02:00,0.0
2019-09-18 11:00:00+02:00,0.0
2019-09-18 12:00:00+02:00,0.0
2019-09-18 13:00:00+02:00,0.0
2019-09-18 14:00:00+02:00,0.0
2019-09-18 15:00:00+02:00,0.0
2019-09-18 16:00:00+02:00,0.0
2019-09-18 17:00:00+02:00,0.0
2019-09-18 18:00:00+02:00,0.0
2019-09-18 19:00:00+02:00,0.0
2019-09-18 20:00:00+02:00,0.0
2019-09-18 21:00:00+02:00,0.0
2019-09-18 22:00:00+02:00,0.0
2019-09-18 23:00:00+02:00,22.0
2019-09-19 00:00:00+02:00,0.0
2019-09-19 01:00:00+02:00,0.0
2019-09-19 02:00:00+02:00,0.0
2019-09-19 03:00:00+02:00,70.0
2019-09-19 04:00:00+02:00,0.0
2019-09-19 05:00:00+02:00,67.0
2019-09-19 06:00:00+02:00,474.0
2019-09-19 07:00:00+02:00,0.0
2019-09-19 08:00:00+02:00,199.0
2019-09-19 09:00:00+02:00,3.0
2019-09-19 10:00:00+02:00,197.0
2019-09-19 11:00:00+02:00,663.0
2019-09-19 12:00:00+02:00,607.0
2019-09-19 13:00:00+02:00,283.0
2019-09-19 14:00:00+02:00,314.0
2019-09-19 15:00:00+02:00,309.0
2019-09-19 16:00:00+02:00,264.0
2019-09-19 17:00:00+02:00,42.0
2019-09-19 18:00:00+02:00,0.0
2019-09-19 19:00:00+02:00,423.0
2019-09-19 20:00:00+02:00,404.0
2019-09-19 21:00:00+02:00,0.0
2019-09-19 22:00:00+02:00,467.0
2019-09-19 23:00:00+02:00,476.0
2019-09-20 00:00:00+02:00,1.0
2019-09-20 01:00:00+02:00,588.0
2019-09-20 02:00:00+02:00,703.0
2019-09-20 03:00:00+02:00,702.0
2019-09-20 04:00:00+02:00,697.0
2019-09-20 05:00:00+02:00,573.0
2019-09-20 06:00:00+02:00,488.0
2019-09-20 07:00:00+02:00,0.0
2019-09-20 08:00:00+02:00,0.0
2019-09-20 09:00:00+02:00,0.0
2019-09-20 10:00:00+02:00,24.0
2019-09-20 11:00:00+02:00,678.0
2019-09-20 12:00:00+02:00,397.0
2019-09-20 13:00:00+02:00,464.0
2019-09-20 14:00:00+02:00,167.0
2019-09-20 15:00:00+02:00,0.0
2019-09-20 16:00:00+02:00,0.0
2019-09-20 17:00:00+02:00,0.0
2019-09-20 18:00:00+02:00,0.0
2019-09-20 19:00:00+02:00,0.0
2019-09-20 20:00:00+02:00,0.0
2019-09-20 21:00:00+02:00,0.0
2019-09-20 22:00:00+02:00,0.0
2019-09-20 23:00:00+02:00,0.0
2019-09-21 00:00:00+02:00,32.0
2019-09-21 01:00:00+02:00,702.0
2019-09-21 02:00:00+02:00,700.0
2019-09-21 03:00:00+02:00,614.0
2019-09-21 04:00:00+02:00,358.0
2019-09-21 05:00:00+02:00,335.0
2019-09-21 06:00:00+02:00,390.0
2019-09-21 07:00:00+02:00,696.0
2019-09-21 08:00:00+02:00,536.0
2019-09-21 09:00:00+02:00,147.0
2019-09-21 10:00:00+02:00,595.0
2019-09-21 11:00:00+02:00,641.0
2019-09-21 12:00:00+02:00,632.0
2019-09-21 13:00:00+02:00,631.0
2019-09-21 14:00:00+02:00,702.0
2019-09-21 15:00:00+02:00,702.0
2019-09-21 16:00:00+02:00,702.0
2019-09-21 17:00:00+02:00,700.0
2019-09-21 18:00:00+02:00,664.0
2019-09-21 19:00:00+02:00,478.0
2019-09-21 20:00:00+02:00,449.0
2019-09-21 21:00:00+02:00,409.0
2019-09-21 22:00:00+02:00,620.0
2019-09-21 23:00:00+02:00,644.0
2019-09-22 00:00:00+02:00,627.0
2019-09-22 01:00:00+02:00,631.0
2019-09-22 02:00:00+02:00,328.0
2019-09-22 03:00:00+02:00,630.0
2019-09-22 04:00:00+02:00,699.0
2019-09-22 05:00:00+02:00,690.0
2019-09-22 06:00:00+02:00,700.0
2019-09-22 07:00:00+02:00,700.0
2019-09-22 08:00:00+02:00,659.0
2019-09-22 09:00:00+02:00,631.0
2019-09-22 10:00:00+02:00,702.0
2019-09-22 11:00:00+02:00,701.0
2019-09-22 12:00:00+02:00,701.0
2019-09-22 13:00:00+02:00,682.0
2019-09-22 14:00:00+02:00,509.0
2019-09-22 15:00:00+02:00,2.0
2019-09-22 16:00:00+02:00,113.0
2019-09-22 17:00:00+02:00,161.0
2019-09-22 18:00:00+02:00,0.0
2019-09-22 19:00:00+02:00,0.0
2019-09-22 20:00:00+02:00,0.0
2019-09-22 21:00:00+02:00,0.0
2019-09-22 22:00:00+02:00,0.0
2019-09-22 23:00:00+02:00,0.0
2019-09-23 00:00:00+02:00,0.0
2019-09-23 01:00:00+02:00,40.0
2019-09-23 02:00:00+02:00,0.0
2019-09-23 03:00:00+02:00,540.0
2019-09-23 04:00:00+02:00,174.0
2019-09-23 05:00:00+02:00,0.0
2019-09-23 06:00:00+02:00,0.0
2019-09-23 07:00:00+02:00,0.0
2019-09-23 08:00:00+02:00,0.0
2019-09-23 09:00:00+02:00,0.0
2019-09-23 10:00:00+02:00,0.0
2019-09-23 11:00:00+02:00,0.0
2019-09-23 12:00:00+02:00,0.0
2019-09-23 13:00:00+02:00,43.0
2019-09-23 14:00:00+02:00,473.0
2019-09-23 15:00:00+02:00,607.0
2019-09-23 16:00:00+02:00,175.0
2019-09-23 17:00:00+02:00,669.0
2019-09-23 18:00:00+02:00,684.0
2019-09-23 19:00:00+02:00,693.0
2019-09-23 20:00:00+02:00,693.0
2019-09-23 21:00:00+02:00,625.0
2019-09-23 22:00:00+02:00,405.0
2019-09-23 23:00:00+02:00,703.0
2019-09-24 00:00:00+02:00,702.0
2019-09-24 01:00:00+02:00,692.0
2019-09-24 02:00:00+02:00,703.0
2019-09-24 03:00:00+02:00,701.0
2019-09-24 04:00:00+02:00,702.0
2019-09-24 05:00:00+02:00,702.0
2019-09-24 06:00:00+02:00,702.0
2019-09-24 07:00:00+02:00,700.0
2019-09-24 08:00:00+02:00,655.0
2019-09-24 09:00:00+02:00,702.0
2019-09-24 10:00:00+02:00,700.0
2019-09-24 11:00:00+02:00,662.0
2019-09-24 12:00:00+02:00,674.0
2019-09-24 13:00:00+02:00,702.0
2019-09-24 14:00:00+02:00,689.0
2019-09-24 15:00:00+02:00,416.0
2019-09-24 16:00:00+02:00,635.0
2019-09-24 17:00:00+02:00,602.0
2019-09-24 18:00:00+02:00,538.0
2019-09-24 19:00:00+02:00,702.0
2019-09-24 20:00:00+02:00,701.0
2019-09-24 21:00:00+02:00,697.0
2019-09-24 22:00:00+02:00,700.0
2019-09-24 23:00:00+02:00,701.0
2019-09-25 00:00:00+02:00,679.0
2019-09-25 01:00:00+02:00,560.0
2019-09-25 02:00:00+02:00,701.0
2019-09-25 03:00:00+02:00,687.0
2019-09-25 04:00:00+02:00,702.0
2019-09-25 05:00:00+02:00,702.0
2019-09-25 06:00:00+02:00,698.0
2019-09-25 07:00:00+02:00,674.0
2019-09-25 08:00:00+02:00,272.0
2019-09-25 09:00:00+02:00,276.0
2019-09-25 10:00:00+02:00,702.0
2019-09-25 11:00:00+02:00,701.0
2019-09-25 12:00:00+02:00,679.0
2019-09-25 13:00:00+02:00,702.0
2019-09-25 14:00:00+02:00,702.0
2019-09-25 15:00:00+02:00,702.0
2019-09-25 16:00:00+02:00,691.0
2019-09-25 17:00:00+02:00,442.0
2019-09-25 18:00:00+02:00,564.0
2019-09-25 19:00:00+02:00,686.0
2019-09-25 20:00:00+02:00,343.0
2019-09-25 21:00:00+02:00,702.0
2019-09-25 22:00:00+02:00,702.0
2019-09-25 23:00:00+02:00,702.0
2019-09-26 00:00:00+02:00,700.0
2019-09-26 01:00:00+02:00,656.0
2019-09-26 02:00:00+02:00,645.0
2019-09-26 03:00:00+02:00,701.0
2019-09-26 04:00:00+02:00,683.0
2019-09-26 05:00:00+02:00,665.0
2019-09-26 06:00:00+02:00,405.0
2019-09-26 07:00:00+02:00,0.0
2019-09-26 08:00:00+02:00,0.0
2019-09-26 09:00:00+02:00,318.0
2019-09-26 10:00:00+02:00,0.0
2019-09-26 11:00:00+02:00,29.0
2019-09-26 12:00:00+02:00,24.0
2019-09-26 13:00:00+02:00,0.0
2019-09-26 14:00:00+02:00,200.0
2019-09-26 15:00:00+02:00,339.0
2019-09-26 16:00:00+02:00,87.0
2019-09-26 17:00:00+02:00,0.0
2019-09-26 18:00:00+02:00,0.0
2019-09-26 19:00:00+02:00,0.0
2019-09-26 20:00:00+02:00,0.0
2019-09-26 21:00:00+02:00,178.0
2019-09-26 22:00:00+02:00,586.0
2019-09-26 23:00:00+02:00,494.0
2019-09-27 00:00:00+02:00,638.0
2019-09-27 01:00:00+02:00,486.0
2019-09-27 02:00:00+02:00,523.0
2019-09-27 03:00:00+02:00,607.0
2019-09-27 04:00:00+02:00,681.0
2019-09-27 05:00:00+02:00,700.0
2019-09-27 06:00:00+02:00,624.0
2019-09-27 07:00:00+02:00,34.0
2019-09-27 08:00:00+02:00,24.0
2019-09-27 09:00:00+02:00,618.0
2019-09-27 10:00:00+02:00,602.0
2019-09-27 11:00:00+02:00,616.0
2019-09-27 12:00:00+02:00,701.0
2019-09-27 13:00:00+02:00,701.0
2019-09-27 14:00:00+02:00,700.0
2019-09-27 15:00:00+02:00,675.0
2019-09-27 16:00:00+02:00,638.0
2019-09-27 17:00:00+02:00,435.0
2019-09-27 18:00:00+02:00,104.0
2019-09-27 19:00:00+02:00,184.0
2019-09-27 20:00:00+02:00,0.0
2019-09-27 21:00:00+02:00,40.0
2019-09-27 22:00:00+02:00,693.0
2019-09-27 23:00:00+02:00,674.0
2019-09-28 00:00:00+02:00,186.0
2019-09-28 01:00:00+02:00,671.0
2019-09-28 02:00:00+02:00,32.0
2019-09-28 03:00:00+02:00,702.0
2019-09-28 04:00:00+02:00,697.0
2019-09-28 05:00:00+02:00,601.0
2019-09-28 06:00:00+02:00,671.0
2019-09-28 07:00:00+02:00,0.0
2019-09-28 08:00:00+02:00,0.0
2019-09-28 09:00:00+02:00,0.0
2019-09-28 10:00:00+02:00,0.0
2019-09-28 11:00:00+02:00,0.0
2019-09-28 12:00:00+02:00,0.0
2019-09-28 13:00:00+02:00,0.0
2019-09-28 14:00:00+02:00,0.0
2019-09-28 15:00:00+02:00,0.0
2019-09-28 16:00:00+02:00,0.0
2019-09-28 17:00:00+02:00,0.0
2019-09-28 18:00:00+02:00,0.0
2019-09-28 19:00:00+02:00,0.0
2019-09-28 20:00:00+02:00,0.0
2019-09-28 21:00:00+02:00,0.0
2019-09-28 22:00:00+02:00,0.0
2019-09-28 23:00:00+02:00,0.0
2019-09-29 00:00:00+02:00,0.0
2019-09-29 01:00:00+02:00,0.0
2019-09-29 02:00:00+02:00,0.0
2019-09-29 03:00:00+02:00,0.0
2019-09-29 04:00:00+02:00,0.0
2019-09-29 05:00:00+02:00,0.0
2019-09-29 06:00:00+02:00,0.0
2019-09-29 07:00:00+02:00,363.0
2019-09-29 08:00:00+02:00,672.0
2019-09-29 09:00:00+02:00,701.0
2019-09-29 10:00:00+02:00,688.0
2019-09-29 11:00:00+02:00,612.0
2019-09-29 12:00:00+02:00,136.0
2019-09-29 13:00:00+02:00,106.0
2019-09-29 14:00:00+02:00,0.0
2019-09-29 15:00:00+02:00,266.0
2019-09-29 16:00:00+02:00,113.0
2019-09-29 17:00:00+02:00,0.0
2019-09-29 18:00:00+02:00,0.0
2019-09-29 19:00:00+02:00,0.0
2019-09-29 20:00:00+02:00,0.0
2019-09-29 21:00:00+02:00,0.0
2019-09-29 22:00:00+02:00,0.0
2019-09-29 23:00:00+02:00,0.0
2019-09-30 00:00:00+02:00,285.0
2019-09-30 01:00:00+02:00,702.0
2019-09-30 02:00:00+02:00,698.0
2019-09-30 03:00:00+02:00,620.0
2019-09-30 04:00:00+02:00,483.0
2019-09-30 05:00:00+02:00,0.0
2019-09-30 06:00:00+02:00,0.0
2019-09-30 07:00:00+02:00,0.0
2019-09-30 08:00:00+02:00,0.0
2019-09-30 09:00:00+02:00,0.0
2019-09-30 10:00:00+02:00,0.0
2019-09-30 11:00:00+02:00,0.0
2019-09-30 12:00:00+02:00,0.0
2019-09-30 13:00:00+02:00,0.0
2019-09-30 14:00:00+02:00,0.0
2019-09-30 15:00:00+02:00,0.0
2019-09-30 16:00:00+02:00,0.0
2019-09-30 17:00:00+02:00,0.0
2019-09-30 18:00:00+02:00,0.0
2019-09-30 19:00:00+02:00,0.0
2019-09-30 20:00:00+02:00,0.0
2019-09-30 21:00:00+02:00,0.0
2019-09-30 22:00:00+02:00,0.0
2019-09-30 23:00:00+02:00,0.0
2019-10-01 00:00:00+02:00,0.0
2019-10-01 01:00:00+02:00,494.0
2019-10-01 02:00:00+02:00,697.0
2019-10-01 03:00:00+02:00,670.0
2019-10-01 04:00:00+02:00,439.0
2019-10-01 05:00:00+02:00,634.0
2019-10-01 06:00:00+02:00,0.0
2019-10-01 07:00:00+02:00,36.0
2019-10-01 08:00:00+02:00,313.0
2019-10-01 09:00:00+02:00,71.0
2019-10-01 10:00:00+02:00,305.0
2019-10-01 11:00:00+02:00,285.0
2019-10-01 12:00:00+02:00,32.0
2019-10-01 13:00:00+02:00,13.0
2019-10-01 14:00:00+02:00,20.0
2019-10-01 15:00:00+02:00,37.0
2019-10-01 16:00:00+02:00,462.0
2019-10-01 17:00:00+02:00,535.0
2019-10-01 18:00:00+02:00,0.0
2019-10-01 19:00:00+02:00,0.0
2019-10-01 20:00:00+02:00,0.0
2019-10-01 21:00:00+02:00,0.0
2019-10-01 22:00:00+02:00,0.0
2019-10-01 23:00:00+02:00,0.0
2019-10-02 00:00:00+02:00,0.0
2019-10-02 01:00:00+02:00,30.0
2019-10-02 02:00:00+02:00,702.0
2019-10-02 03:00:00+02:00,702.0
2019-10-02 04:00:00+02:00,687.0
2019-10-02 05:00:00+02:00,344.0
2019-10-02 06:00:00+02:00,0.0
2019-10-02 07:00:00+02:00,0.0
2019-10-02 08:00:00+02:00,0.0
2019-10-02 09:00:00+02:00,0.0
2019-10-02 10:00:00+02:00,0.0
2019-10-02 11:00:00+02:00,0.0
2019-10-02 12:00:00+02:00,0.0
2019-10-02 13:00:00+02:00,545.0
2019-10-02 14:00:00+02:00,695.0
2019-10-02 15:00:00+02:00,540.0
2019-10-02 16:00:00+02:00,79.0
2019-10-02 17:00:00+02:00,0.0
2019-10-02 18:00:00+02:00,0.0
2019-10-02 19:00:00+02:00,0.0
2019-10-02 20:00:00+02:00,0.0
2019-10-02 21:00:00+02:00,0.0
2019-10-02 22:00:00+02:00,0.0
2019-10-02 23:00:00+02:00,0.0
2019-10-03 00:00:00+02:00,330.0
2019-10-03 01:00:00+02:00,0.0
2019-10-03 02:00:00+02:00,636.0
2019-10-03 03:00:00+02:00,681.0
2019-10-03 04:00:00+02:00,204.0
2019-10-03 05:00:00+02:00,0.0
2019-10-03 06:00:00+02:00,0.0
2019-10-03 07:00:00+02:00,0.0
2019-10-03 08:00:00+02:00,0.0
2019-10-03 09:00:00+02:00,0.0
2019-10-03 10:00:00+02:00,0.0
2019-10-03 11:00:00+02:00,59.0
2019-10-03 12:00:00+02:00,702.0
2019-10-03 13:00:00+02:00,702.0
2019-10-03 14:00:00+02:00,675.0
2019-10-03 15:00:00+02:00,90.0
2019-10-03 16:00:00+02:00,189.0
2019-10-03 17:00:00+02:00,0.0
2019-10-03 18:00:00+02:00,271.0
2019-10-03 19:00:00+02:00,0.0
2019-10-03 20:00:00+02:00,117.0
2019-10-03 21:00:00+02:00,0.0
2019-10-03 22:00:00+02:00,49.0
2019-10-03 23:00:00+02:00,0.0
2019-10-04 00:00:00+02:00,43.0
2019-10-04 01:00:00+02:00,597.0
2019-10-04 02:00:00+02:00,702.0
2019-10-04 03:00:00+02:00,702.0
2019-10-04 04:00:00+02:00,702.0
2019-10-04 05:00:00+02:00,692.0
2019-10-04 06:00:00+02:00,478.0
2019-10-04 07:00:00+02:00,691.0
2019-10-04 08:00:00+02:00,516.0
2019-10-04 09:00:00+02:00,649.0
2019-10-04 10:00:00+02:00,497.0
2019-10-04 11:00:00+02:00,368.0
2019-10-04 12:00:00+02:00,115.0
2019-10-04 13:00:00+02:00,300.0
2019-10-04 14:00:00+02:00,297.0
2019-10-04 15:00:00+02:00,66.0
2019-10-04 16:00:00+02:00,0.0
2019-10-04 17:00:00+02:00,0.0
2019-10-04 18:00:00+02:00,0.0
2019-10-04 19:00:00+02:00,0.0
2019-10-04 20:00:00+02:00,0.0
2019-10-04 21:00:00+02:00,0.0
2019-10-04 22:00:00+02:00,0.0
2019-10-04 23:00:00+02:00,0.0
2019-10-05 00:00:00+02:00,0.0
2019-10-05 01:00:00+02:00,0.0
2019-10-05 02:00:00+02:00,0.0
2019-10-05 03:00:00+02:00,51.0
2019-10-05 04:00:00+02:00,293.0
2019-10-05 05:00:00+02:00,377.0
2019-10-05 06:00:00+02:00,21.0
2019-10-05 07:00:00+02:00,0.0
2019-10-05 08:00:00+02:00,0.0
2019-10-05 09:00:00+02:00,0.0
2019-10-05 10:00:00+02:00,0.0
2019-10-05 11:00:00+02:00,0.0
2019-10-05 12:00:00+02:00,67.0
2019-10-05 13:00:00+02:00,0.0
2019-10-05 14:00:00+02:00,0.0
2019-10-05 15:00:00+02:00,0.0
2019-10-05 16:00:00+02:00,0.0
2019-10-05 17:00:00+02:00,0.0
2019-10-05 18:00:00+02:00,0.0
2019-10-05 19:00:00+02:00,0.0
2019-10-05 20:00:00+02:00,0.0
2019-10-05 21:00:00+02:00,0.0
2019-10-05 22:00:00+02:00,90.0
2019-10-05 23:00:00+02:00,0.0
2019-10-06 00:00:00+02:00,155.0
2019-10-06 01:00:00+02:00,162.0
2019-10-06 02:00:00+02:00,403.0
2019-10-06 03:00:00+02:00,702.0
2019-10-06 04:00:00+02:00,702.0
2019-10-06 05:00:00+02:00,702.0
2019-10-06 06:00:00+02:00,701.0
2019-10-06 07:00:00+02:00,702.0
2019-10-06 08:00:00+02:00,701.0
2019-10-06 09:00:00+02:00,683.0
2019-10-06 10:00:00+02:00,596.0
2019-10-06 11:00:00+02:00,343.0
2019-10-06 12:00:00+02:00,0.0
2019-10-06 13:00:00+02:00,588.0
2019-10-06 14:00:00+02:00,702.0
2019-10-06 15:00:00+02:00,701.0
2019-10-06 16:00:00+02:00,696.0
2019-10-06 17:00:00+02:00,559.0
2019-10-06 18:00:00+02:00,0.0
2019-10-06 19:00:00+02:00,0.0
2019-10-06 20:00:00+02:00,0.0
2019-10-06 21:00:00+02:00,0.0
2019-10-06 22:00:00+02:00,412.0
2019-10-06 23:00:00+02:00,577.0
2019-10-07 00:00:00+02:00,701.0
2019-10-07 01:00:00+02:00,701.0
2019-10-07 02:00:00+02:00,701.0
2019-10-07 03:00:00+02:00,697.0
2019-10-07 04:00:00+02:00,594.0
2019-10-07 05:00:00+02:00,512.0
2019-10-07 06:00:00+02:00,594.0
2019-10-07 07:00:00+02:00,0.0
2019-10-07 08:00:00+02:00,220.0
2019-10-07 09:00:00+02:00,489.0
2019-10-07 10:00:00+02:00,687.0
2019-10-07 11:00:00+02:00,354.0
2019-10-07 12:00:00+02:00,5.0
2019-10-07 13:00:00+02:00,86.0
2019-10-07 14:00:00+02:00,0.0
2019-10-07 15:00:00+02:00,67.0
2019-10-07 16:00:00+02:00,90.0
2019-10-07 17:00:00+02:00,0.0
2019-10-07 18:00:00+02:00,381.0
2019-10-07 19:00:00+02:00,384.0
2019-10-07 20:00:00+02:00,595.0
2019-10-07 21:00:00+02:00,502.0
2019-10-07 22:00:00+02:00,543.0
2019-10-07 23:00:00+02:00,535.0
2019-10-08 00:00:00+02:00,588.0
2019-10-08 01:00:00+02:00,0.0
2019-10-08 02:00:00+02:00,0.0
2019-10-08 03:00:00+02:00,0.0
2019-10-08 04:00:00+02:00,590.0
2019-10-08 05:00:00+02:00,0.0
2019-10-08 06:00:00+02:00,0.0
2019-10-08 07:00:00+02:00,0.0
2019-10-08 08:00:00+02:00,0.0
2019-10-08 09:00:00+02:00,0.0
2019-10-08 10:00:00+02:00,0.0
2019-10-08 11:00:00+02:00,262.0
2019-10-08 12:00:00+02:00,696.0
2019-10-08 13:00:00+02:00,690.0
2019-10-08 14:00:00+02:00,412.0
2019-10-08 15:00:00+02:00,235.0
2019-10-08 16:00:00+02:00,386.0
2019-10-08 17:00:00+02:00,0.0
2019-10-08 18:00:00+02:00,356.0
2019-10-08 19:00:00+02:00,164.0
2019-10-08 20:00:00+02:00,0.0
2019-10-08 21:00:00+02:00,316.0
2019-10-08 22:00:00+02:00,456.0
2019-10-08 23:00:00+02:00,692.0
2019-10-09 00:00:00+02:00,460.0
2019-10-09 01:00:00+02:00,202.0
2019-10-09 02:00:00+02:00,149.0
2019-10-09 03:00:00+02:00,134.0
2019-10-09 04:00:00+02:00,169.0
2019-10-09 05:00:00+02:00,337.0
2019-10-09 06:00:00+02:00,603.0
2019-10-09 07:00:00+02:00,495.0
2019-10-09 08:00:00+02:00,0.0
2019-10-09 09:00:00+02:00,0.0
2019-10-09 10:00:00+02:00,0.0
2019-10-09 11:00:00+02:00,0.0
2019-10-09 12:00:00+02:00,0.0
2019-10-09 13:00:00+02:00,131.0
2019-10-09 14:00:00+02:00,360.0
2019-10-09 15:00:00+02:00,359.0
2019-10-09 16:00:00+02:00,0.0
2019-10-09 17:00:00+02:00,0.0
2019-10-09 18:00:00+02:00,524.0
2019-10-09 19:00:00+02:00,681.0
2019-10-09 20:00:00+02:00,225.0
2019-10-09 21:00:00+02:00,200.0
2019-10-09 22:00:00+02:00,31.0
2019-10-09 23:00:00+02:00,700.0
2019-10-10 00:00:00+02:00,664.0
2019-10-10 01:00:00+02:00,558.0
2019-10-10 02:00:00+02:00,452.0
2019-10-10 03:00:00+02:00,413.0
2019-10-10 04:00:00+02:00,543.0
2019-10-10 05:00:00+02:00,191.0
2019-10-10 06:00:00+02:00,252.0
2019-10-10 07:00:00+02:00,149.0
2019-10-10 08:00:00+02:00,335.0
2019-10-10 09:00:00+02:00,0.0
2019-10-10 10:00:00+02:00,0.0
2019-10-10 11:00:00+02:00,133.0
2019-10-10 12:00:00+02:00,371.0
2019-10-10 13:00:00+02:00,450.0
2019-10-10 14:00:00+02:00,350.0
2019-10-10 15:00:00+02:00,55.0
2019-10-10 16:00:00+02:00,0.0
2019-10-10 17:00:00+02:00,1.0
2019-10-10 18:00:00+02:00,0.0
2019-10-10 19:00:00+02:00,0.0
2019-10-10 20:00:00+02:00,329.0
2019-10-10 21:00:00+02:00,0.0
2019-10-10 22:00:00+02:00,197.0
2019-10-10 23:00:00+02:00,28.0
2019-10-11 00:00:00+02:00,652.0
2019-10-11 01:00:00+02:00,0.0
2019-10-11 02:00:00+02:00,11.0
2019-10-11 03:00:00+02:00,0.0
2019-10-11 04:00:00+02:00,0.0
2019-10-11 05:00:00+02:00,0.0
2019-10-11 06:00:00+02:00,434.0
2019-10-11 07:00:00+02:00,426.0
2019-10-11 08:00:00+02:00,0.0
2019-10-11 09:00:00+02:00,0.0
2019-10-11 10:00:00+02:00,0.0
2019-10-11 11:00:00+02:00,0.0
2019-10-11 12:00:00+02:00,0.0
2019-10-11 13:00:00+02:00,0.0
2019-10-11 14:00:00+02:00,0.0
2019-10-11 15:00:00+02:00,0.0
2019-10-11 16:00:00+02:00,0.0
2019-10-11 17:00:00+02:00,0.0
2019-10-11 18:00:00+02:00,3.0
2019-10-11 19:00:00+02:00,285.0
2019-10-11 20:00:00+02:00,0.0
2019-10-11 21:00:00+02:00,0.0
2019-10-11 22:00:00+02:00,0.0
2019-10-11 23:00:00+02:00,0.0
2019-10-12 00:00:00+02:00,0.0
2019-10-12 01:00:00+02:00,0.0
2019-10-12 02:00:00+02:00,0.0
2019-10-12 03:00:00+02:00,0.0
2019-10-12 04:00:00+02:00,0.0
2019-10-12 05:00:00+02:00,0.0
2019-10-12 06:00:00+02:00,0.0
2019-10-12 07:00:00+02:00,0.0
2019-10-12 08:00:00+02:00,0.0
2019-10-12 09:00:00+02:00,0.0
2019-10-12 10:00:00+02:00,0.0
2019-10-12 11:00:00+02:00,0.0
2019-10-12 12:00:00+02:00,0.0
2019-10-12 13:00:00+02:00,0.0
2019-10-12 14:00:00+02:00,0.0
2019-10-12 15:00:00+02:00,0.0
2019-10-12 16:00:00+02:00,0.0
2019-10-12 17:00:00+02:00,0.0
2019-10-12 18:00:00+02:00,0.0
2019-10-12 19:00:00+02:00,0.0
2019-10-12 20:00:00+02:00,0.0
2019-10-12 21:00:00+02:00,0.0
2019-10-12 22:00:00+02:00,0.0
2019-10-12 23:00:00+02:00,0.0
2019-10-13 00:00:00+02:00,659.0
2019-10-13 01:00:00+02:00,471.0
2019-10-13 02:00:00+02:00,702.0
2019-10-13 03:00:00+02:00,702.0
2019-10-13 04:00:00+02:00,702.0
2019-10-13 05:00:00+02:00,697.0
2019-10-13 06:00:00+02:00,702.0
2019-10-13 07:00:00+02:00,700.0
2019-10-13 08:00:00+02:00,681.0
2019-10-13 09:00:00+02:00,702.0
2019-10-13 10:00:00+02:00,702.0
2019-10-13 11:00:00+02:00,702.0
2019-10-13 12:00:00+02:00,700.0
2019-10-13 13:00:00+02:00,659.0
2019-10-13 14:00:00+02:00,702.0
2019-10-13 15:00:00+02:00,696.0
2019-10-13 16:00:00+02:00,554.0
2019-10-13 17:00:00+02:00,293.0
2019-10-13 18:00:00+02:00,0.0
2019-10-13 19:00:00+02:00,0.0
2019-10-13 20:00:00+02:00,0.0
2019-10-13 21:00:00+02:00,0.0
2019-10-13 22:00:00+02:00,0.0
2019-10-13 23:00:00+02:00,0.0
2019-10-14 00:00:00+02:00,0.0
2019-10-14 01:00:00+02:00,0.0
2019-10-14 02:00:00+02:00,0.0
2019-10-14 03:00:00+02:00,0.0
2019-10-14 04:00:00+02:00,0.0
2019-10-14 05:00:00+02:00,0.0
2019-10-14 06:00:00+02:00,0.0
2019-10-14 07:00:00+02:00,0.0
2019-10-14 08:00:00+02:00,0.0
2019-10-14 09:00:00+02:00,0.0
2019-10-14 10:00:00+02:00,0.0
2019-10-14 11:00:00+02:00,0.0
2019-10-14 12:00:00+02:00,346.0
2019-10-14 13:00:00+02:00,640.0
2019-10-14 14:00:00+02:00,702.0
2019-10-14 15:00:00+02:00,702.0
2019-10-14 16:00:00+02:00,695.0
2019-10-14 17:00:00+02:00,539.0
2019-10-14 18:00:00+02:00,702.0
2019-10-14 19:00:00+02:00,702.0
2019-10-14 20:00:00+02:00,702.0
2019-10-14 21:00:00+02:00,702.0
2019-10-14 22:00:00+02:00,695.0
2019-10-14 23:00:00+02:00,539.0
2019-10-15 00:00:00+02:00,202.0
2019-10-15 01:00:00+02:00,29.0
2019-10-15 02:00:00+02:00,97.0
2019-10-15 03:00:00+02:00,210.0
2019-10-15 04:00:00+02:00,547.0
2019-10-15 05:00:00+02:00,464.0
2019-10-15 06:00:00+02:00,120.0
2019-10-15 07:00:00+02:00,31.0
2019-10-15 08:00:00+02:00,41.0
2019-10-15 09:00:00+02:00,100.0
2019-10-15 10:00:00+02:00,358.0
2019-10-15 11:00:00+02:00,84.0
2019-10-15 12:00:00+02:00,436.0
2019-10-15 13:00:00+02:00,511.0
2019-10-15 14:00:00+02:00,591.0
2019-10-15 15:00:00+02:00,702.0
2019-10-15 16:00:00+02:00,702.0
2019-10-15 17:00:00+02:00,702.0
2019-10-15 18:00:00+02:00,700.0
2019-10-15 19:00:00+02:00,650.0
2019-10-15 20:00:00+02:00,483.0
2019-10-15 21:00:00+02:00,656.0
2019-10-15 22:00:00+02:00,701.0
2019-10-15 23:00:00+02:00,680.0
2019-10-16 00:00:00+02:00,697.0
2019-10-16 01:00:00+02:00,702.0
2019-10-16 02:00:00+02:00,702.0
2019-10-16 03:00:00+02:00,702.0
2019-10-16 04:00:00+02:00,702.0
2019-10-16 05:00:00+02:00,702.0
2019-10-16 06:00:00+02:00,702.0
2019-10-16 07:00:00+02:00,702.0
2019-10-16 08:00:00+02:00,702.0
2019-10-16 09:00:00+02:00,702.0
2019-10-16 10:00:00+02:00,702.0
2019-10-16 11:00:00+02:00,702.0
2019-10-16 12:00:00+02:00,702.0
2019-10-16 13:00:00+02:00,702.0
2019-10-16 14:00:00+02:00,702.0
2019-10-16 15:00:00+02:00,702.0
2019-10-16 16:00:00+02:00,702.0
2019-10-16 17:00:00+02:00,702.0
2019-10-16 18:00:00+02:00,702.0
2019-10-16 19:00:00+02:00,702.0
2019-10-16 20:00:00+02:00,702.0
2019-10-16 21:00:00+02:00,702.0
2019-10-16 22:00:00+02:00,701.0
2019-10-16 23:00:00+02:00,702.0
2019-10-17 00:00:00+02:00,702.0
2019-10-17 01:00:00+02:00,702.0
2019-10-17 02:00:00+02:00,702.0
2019-10-17 03:00:00+02:00,702.0
2019-10-17 04:00:00+02:00,701.0
2019-10-17 05:00:00+02:00,679.0
2019-10-17 06:00:00+02:00,702.0
2019-10-17 07:00:00+02:00,702.0
2019-10-17 08:00:00+02:00,701.0
2019-10-17 09:00:00+02:00,683.0
2019-10-17 10:00:00+02:00,701.0
2019-10-17 11:00:00+02:00,702.0
2019-10-17 12:00:00+02:00,702.0
2019-10-17 13:00:00+02:00,702.0
2019-10-17 14:00:00+02:00,702.0
2019-10-17 15:00:00+02:00,700.0
2019-10-17 16:00:00+02:00,654.0
2019-10-17 17:00:00+02:00,601.0
2019-10-17 18:00:00+02:00,698.0
2019-10-17 19:00:00+02:00,612.0
2019-10-17 20:00:00+02:00,665.0
2019-10-17 21:00:00+02:00,550.0
2019-10-17 22:00:00+02:00,690.0
2019-10-17 23:00:00+02:00,540.0
2019-10-18 00:00:00+02:00,626.0
2019-10-18 01:00:00+02:00,702.0
2019-10-18 02:00:00+02:00,702.0
2019-10-18 03:00:00+02:00,702.0
2019-10-18 04:00:00+02:00,696.0
2019-10-18 05:00:00+02:00,558.0
2019-10-18 06:00:00+02:00,702.0
2019-10-18 07:00:00+02:00,702.0
2019-10-18 08:00:00+02:00,702.0
2019-10-18 09:00:00+02:00,699.0
2019-10-18 10:00:00+02:00,640.0
2019-10-18 11:00:00+02:00,501.0
2019-10-18 12:00:00+02:00,701.0
2019-10-18 13:00:00+02:00,701.0
2019-10-18 14:00:00+02:00,698.0
2019-10-18 15:00:00+02:00,617.0
2019-10-18 16:00:00+02:00,624.0
2019-10-18 17:00:00+02:00,0.0
2019-10-18 18:00:00+02:00,169.0
2019-10-18 19:00:00+02:00,274.0
2019-10-18 20:00:00+02:00,161.0
2019-10-18 21:00:00+02:00,210.0
2019-10-18 22:00:00+02:00,0.0
2019-10-18 23:00:00+02:00,309.0
2019-10-19 00:00:00+02:00,0.0
2019-10-19 01:00:00+02:00,0.0
2019-10-19 02:00:00+02:00,0.0
2019-10-19 03:00:00+02:00,0.0
2019-10-19 04:00:00+02:00,0.0
2019-10-19 05:00:00+02:00,0.0
2019-10-19 06:00:00+02:00,0.0
2019-10-19 07:00:00+02:00,370.0
2019-10-19 08:00:00+02:00,0.0
2019-10-19 09:00:00+02:00,0.0
2019-10-19 10:00:00+02:00,0.0
2019-10-19 11:00:00+02:00,0.0
2019-10-19 12:00:00+02:00,0.0
2019-10-19 13:00:00+02:00,26.0
2019-10-19 14:00:00+02:00,143.0
2019-10-19 15:00:00+02:00,370.0
2019-10-19 16:00:00+02:00,272.0
2019-10-19 17:00:00+02:00,217.0
2019-10-19 18:00:00+02:00,321.0
2019-10-19 19:00:00+02:00,0.0
2019-10-19 20:00:00+02:00,0.0
2019-10-19 21:00:00+02:00,76.0
2019-10-19 22:00:00+02:00,3.0
2019-10-19 23:00:00+02:00,0.0
2019-10-20 00:00:00+02:00,0.0
2019-10-20 01:00:00+02:00,0.0
2019-10-20 02:00:00+02:00,0.0
2019-10-20 03:00:00+02:00,0.0
2019-10-20 04:00:00+02:00,398.0
2019-10-20 05:00:00+02:00,474.0
2019-10-20 06:00:00+02:00,182.0
2019-10-20 07:00:00+02:00,338.0
2019-10-20 08:00:00+02:00,0.0
2019-10-20 09:00:00+02:00,0.0
2019-10-20 10:00:00+02:00,82.0
2019-10-20 11:00:00+02:00,151.0
2019-10-20 12:00:00+02:00,9.0
2019-10-20 13:00:00+02:00,232.0
2019-10-20 14:00:00+02:00,392.0
2019-10-20 15:00:00+02:00,541.0
2019-10-20 16:00:00+02:00,700.0
2019-10-20 17:00:00+02:00,648.0
2019-10-20 18:00:00+02:00,633.0
2019-10-20 19:00:00+02:00,429.0
2019-10-20 20:00:00+02:00,139.0
2019-10-20 21:00:00+02:00,259.0
2019-10-20 22:00:00+02:00,515.0
2019-10-20 23:00:00+02:00,658.0
2019-10-21 00:00:00+02:00,700.0
2019-10-21 01:00:00+02:00,643.0
2019-10-21 02:00:00+02:00,688.0
2019-10-21 03:00:00+02:00,702.0
2019-10-21 04:00:00+02:00,702.0
2019-10-21 05:00:00+02:00,702.0
2019-10-21 06:00:00+02:00,701.0
2019-10-21 07:00:00+02:00,681.0
2019-10-21 08:00:00+02:00,698.0
2019-10-21 09:00:00+02:00,686.0
2019-10-21 10:00:00+02:00,638.0
2019-10-21 11:00:00+02:00,665.0
2019-10-21 12:00:00+02:00,669.0
2019-10-21 13:00:00+02:00,575.0
2019-10-21 14:00:00+02:00,654.0
2019-10-21 15:00:00+02:00,617.0
2019-10-21 16:00:00+02:00,684.0
2019-10-21 17:00:00+02:00,407.0
2019-10-21 18:00:00+02:00,674.0
2019-10-21 19:00:00+02:00,130.0
2019-10-21 20:00:00+02:00,682.0
2019-10-21 21:00:00+02:00,402.0
2019-10-21 22:00:00+02:00,623.0
2019-10-21 23:00:00+02:00,702.0
2019-10-22 00:00:00+02:00,684.0
2019-10-22 01:00:00+02:00,338.0
2019-10-22 02:00:00+02:00,233.0
2019-10-22 03:00:00+02:00,601.0
2019-10-22 04:00:00+02:00,696.0
2019-10-22 05:00:00+02:00,555.0
2019-10-22 06:00:00+02:00,683.0
2019-10-22 07:00:00+02:00,701.0
2019-10-22 08:00:00+02:00,689.0
2019-10-22 09:00:00+02:00,359.0
2019-10-22 10:00:00+02:00,104.0
2019-10-22 11:00:00+02:00,604.0
2019-10-22 12:00:00+02:00,540.0
2019-10-22 13:00:00+02:00,574.0
2019-10-22 14:00:00+02:00,475.0
2019-10-22 15:00:00+02:00,462.0
2019-10-22 16:00:00+02:00,0.0
2019-10-22 17:00:00+02:00,0.0
2019-10-22 18:00:00+02:00,0.0
2019-10-22 19:00:00+02:00,8.0
2019-10-22 20:00:00+02:00,550.0
2019-10-22 21:00:00+02:00,653.0
2019-10-22 22:00:00+02:00,349.0
2019-10-22 23:00:00+02:00,388.0
2019-10-23 00:00:00+02:00,498.0
2019-10-23 01:00:00+02:00,0.0
2019-10-23 02:00:00+02:00,0.0
2019-10-23 03:00:00+02:00,0.0
2019-10-23 04:00:00+02:00,95.0
2019-10-23 05:00:00+02:00,447.0
2019-10-23 06:00:00+02:00,398.0
2019-10-23 07:00:00+02:00,703.0
2019-10-23 08:00:00+02:00,702.0
2019-10-23 09:00:00+02:00,673.0
2019-10-23 10:00:00+02:00,664.0
2019-10-23 11:00:00+02:00,626.0
2019-10-23 12:00:00+02:00,703.0
2019-10-23 13:00:00+02:00,702.0
2019-10-23 14:00:00+02:00,692.0
2019-10-23 15:00:00+02:00,625.0
2019-10-23 16:00:00+02:00,696.0
2019-10-23 17:00:00+02:00,688.0
2019-10-23 18:00:00+02:00,651.0
2019-10-23 19:00:00+02:00,692.0
2019-10-23 20:00:00+02:00,702.0
2019-10-23 21:00:00+02:00,702.0
2019-10-23 22:00:00+02:00,701.0
2019-10-23 23:00:00+02:00,690.0
2019-10-24 00:00:00+02:00,683.0
2019-10-24 01:00:00+02:00,690.0
2019-10-24 02:00:00+02:00,690.0
2019-10-24 03:00:00+02:00,702.0
2019-10-24 04:00:00+02:00,702.0
2019-10-24 05:00:00+02:00,681.0
2019-10-24 06:00:00+02:00,217.0
2019-10-24 07:00:00+02:00,0.0
2019-10-24 08:00:00+02:00,0.0
2019-10-24 09:00:00+02:00,0.0
2019-10-24 10:00:00+02:00,99.0
2019-10-24 11:00:00+02:00,81.0
2019-10-24 12:00:00+02:00,702.0
2019-10-24 13:00:00+02:00,696.0
2019-10-24 14:00:00+02:00,675.0
2019-10-24 15:00:00+02:00,588.0
2019-10-24 16:00:00+02:00,685.0
2019-10-24 17:00:00+02:00,293.0
2019-10-24 18:00:00+02:00,679.0
2019-10-24 19:00:00+02:00,697.0
2019-10-24 20:00:00+02:00,568.0
2019-10-24 21:00:00+02:00,213.0
2019-10-24 22:00:00+02:00,243.0
2019-10-24 23:00:00+02:00,119.0
2019-10-25 00:00:00+02:00,0.0
2019-10-25 01:00:00+02:00,0.0
2019-10-25 02:00:00+02:00,0.0
2019-10-25 03:00:00+02:00,0.0
2019-10-25 04:00:00+02:00,0.0
2019-10-25 05:00:00+02:00,0.0
2019-10-25 06:00:00+02:00,0.0
2019-10-25 07:00:00+02:00,0.0
2019-10-25 08:00:00+02:00,0.0
2019-10-25 09:00:00+02:00,0.0
2019-10-25 10:00:00+02:00,0.0
2019-10-25 11:00:00+02:00,0.0
2019-10-25 12:00:00+02:00,0.0
2019-10-25 13:00:00+02:00,0.0
2019-10-25 14:00:00+02:00,0.0
2019-10-25 15:00:00+02:00,36.0
2019-10-25 16:00:00+02:00,0.0
2019-10-25 17:00:00+02:00,0.0
2019-10-25 18:00:00+02:00,110.0
2019-10-25 19:00:00+02:00,701.0
2019-10-25 20:00:00+02:00,695.0
2019-10-25 21:00:00+02:00,539.0
2019-10-25 22:00:00+02:00,0.0
2019-10-25 23:00:00+02:00,0.0
2019-10-26 00:00:00+02:00,0.0
2019-10-26 01:00:00+02:00,0.0
2019-10-26 02:00:00+02:00,0.0
2019-10-26 03:00:00+02:00,0.0
2019-10-26 04:00:00+02:00,0.0
2019-10-26 05:00:00+02:00,0.0
2019-10-26 06:00:00+02:00,0.0
2019-10-26 07:00:00+02:00,0.0
2019-10-26 08:00:00+02:00,0.0
2019-10-26 09:00:00+02:00,0.0
2019-10-26 10:00:00+02:00,0.0
2019-10-26 11:00:00+02:00,0.0
2019-10-26 12:00:00+02:00,145.0
2019-10-26 13:00:00+02:00,435.0
2019-10-26 14:00:00+02:00,483.0
2019-10-26 15:00:00+02:00,541.0
2019-10-26 16:00:00+02:00,681.0
2019-10-26 17:00:00+02:00,232.0
2019-10-26 18:00:00+02:00,194.0
2019-10-26 19:00:00+02:00,55.0
2019-10-26 20:00:00+02:00,0.0
2019-10-26 21:00:00+02:00,128.0
2019-10-26 22:00:00+02:00,554.0
2019-10-26 23:00:00+02:00,349.0
2019-10-27 00:00:00+02:00,0.0
2019-10-27 01:00:00+02:00,0.0
2019-10-27 02:00:00+02:00,0.0
2019-10-27 02:00:00+01:00,0.0
2019-10-27 03:00:00+01:00,0.0
2019-10-27 04:00:00+01:00,0.0
2019-10-27 05:00:00+01:00,0.0
2019-10-27 06:00:00+01:00,0.0
2019-10-27 07:00:00+01:00,0.0
2019-10-27 08:00:00+01:00,0.0
2019-10-27 09:00:00+01:00,0.0
2019-10-27 10:00:00+01:00,0.0
2019-10-27 11:00:00+01:00,0.0
2019-10-27 12:00:00+01:00,0.0
2019-10-27 13:00:00+01:00,0.0
2019-10-27 14:00:00+01:00,0.0
2019-10-27 15:00:00+01:00,0.0
2019-10-27 16:00:00+01:00,0.0
2019-10-27 17:00:00+01:00,0.0
2019-10-27 18:00:00+01:00,0.0
2019-10-27 19:00:00+01:00,0.0
2019-10-27 20:00:00+01:00,0.0
2019-10-27 21:00:00+01:00,0.0
2019-10-27 22:00:00+01:00,0.0
2019-10-27 23:00:00+01:00,0.0
2019-10-28 00:00:00+01:00,375.0
2019-10-28 01:00:00+01:00,335.0
2019-10-28 02:00:00+01:00,349.0
2019-10-28 03:00:00+01:00,648.0
2019-10-28 04:00:00+01:00,643.0
2019-10-28 05:00:00+01:00,700.0
2019-10-28 06:00:00+01:00,632.0
2019-10-28 07:00:00+01:00,0.0
2019-10-28 08:00:00+01:00,38.0
2019-10-28 09:00:00+01:00,153.0
2019-10-28 10:00:00+01:00,503.0
2019-10-28 11:00:00+01:00,702.0
2019-10-28 12:00:00+01:00,702.0
2019-10-28 13:00:00+01:00,699.0
2019-10-28 14:00:00+01:00,631.0
2019-10-28 15:00:00+01:00,610.0
2019-10-28 16:00:00+01:00,0.0
2019-10-28 17:00:00+01:00,0.0
2019-10-28 18:00:00+01:00,0.0
2019-10-28 19:00:00+01:00,0.0
2019-10-28 20:00:00+01:00,499.0
2019-10-28 21:00:00+01:00,702.0
2019-10-28 22:00:00+01:00,701.0
2019-10-28 23:00:00+01:00,681.0
2019-10-29 00:00:00+01:00,679.0
2019-10-29 01:00:00+01:00,666.0
2019-10-29 02:00:00+01:00,701.0
2019-10-29 03:00:00+01:00,665.0
2019-10-29 04:00:00+01:00,682.0
2019-10-29 05:00:00+01:00,647.0
2019-10-29 06:00:00+01:00,646.0
2019-10-29 07:00:00+01:00,691.0
2019-10-29 08:00:00+01:00,664.0
2019-10-29 09:00:00+01:00,694.0
2019-10-29 10:00:00+01:00,701.0
2019-10-29 11:00:00+01:00,702.0
2019-10-29 12:00:00+01:00,701.0
2019-10-29 13:00:00+01:00,698.0
2019-10-29 14:00:00+01:00,619.0
2019-10-29 15:00:00+01:00,365.0
2019-10-29 16:00:00+01:00,558.0
2019-10-29 17:00:00+01:00,539.0
2019-10-29 18:00:00+01:00,0.0
2019-10-29 19:00:00+01:00,81.0
2019-10-29 20:00:00+01:00,702.0
2019-10-29 21:00:00+01:00,702.0
2019-10-29 22:00:00+01:00,700.0
2019-10-29 23:00:00+01:00,658.0
2019-10-30 00:00:00+01:00,691.0
2019-10-30 01:00:00+01:00,702.0
2019-10-30 02:00:00+01:00,702.0
2019-10-30 03:00:00+01:00,702.0
2019-10-30 04:00:00+01:00,702.0
2019-10-30 05:00:00+01:00,702.0
2019-10-30 06:00:00+01:00,702.0
2019-10-30 07:00:00+01:00,701.0
2019-10-30 08:00:00+01:00,686.0
2019-10-30 09:00:00+01:00,670.0
2019-10-30 10:00:00+01:00,702.0
2019-10-30 11:00:00+01:00,701.0
2019-10-30 12:00:00+01:00,701.0
2019-10-30 13:00:00+01:00,702.0
2019-10-30 14:00:00+01:00,699.0
2019-10-30 15:00:00+01:00,630.0
2019-10-30 16:00:00+01:00,369.0
2019-10-30 17:00:00+01:00,644.0
2019-10-30 18:00:00+01:00,96.0
2019-10-30 19:00:00+01:00,702.0
2019-10-30 20:00:00+01:00,702.0
2019-10-30 21:00:00+01:00,696.0
2019-10-30 22:00:00+01:00,572.0
2019-10-30 23:00:00+01:00,682.0
2019-10-31 00:00:00+01:00,701.0
2019-10-31 01:00:00+01:00,681.0
2019-10-31 02:00:00+01:00,688.0
2019-10-31 03:00:00+01:00,673.0
2019-10-31 04:00:00+01:00,677.0
2019-10-31 05:00:00+01:00,664.0
2019-10-31 06:00:00+01:00,684.0
2019-10-31 07:00:00+01:00,618.0
2019-10-31 08:00:00+01:00,601.0
2019-10-31 09:00:00+01:00,635.0
2019-10-31 10:00:00+01:00,696.0
2019-10-31 11:00:00+01:00,669.0
2019-10-31 12:00:00+01:00,610.0
2019-10-31 13:00:00+01:00,701.0
2019-10-31 14:00:00+01:00,696.0
2019-10-31 15:00:00+01:00,559.0
2019-10-31 16:00:00+01:00,216.0
2019-10-31 17:00:00+01:00,580.0
2019-10-31 18:00:00+01:00,701.0
2019-10-31 19:00:00+01:00,701.0
2019-10-31 20:00:00+01:00,701.0
2019-10-31 21:00:00+01:00,690.0
2019-10-31 22:00:00+01:00,702.0
2019-10-31 23:00:00+01:00,702.0
2019-11-01 00:00:00+01:00,702.0
2019-11-01 01:00:00+01:00,702.0
2019-11-01 02:00:00+01:00,702.0
2019-11-01 03:00:00+01:00,702.0
2019-11-01 04:00:00+01:00,701.0
2019-11-01 05:00:00+01:00,685.0
2019-11-01 06:00:00+01:00,700.0
2019-11-01 07:00:00+01:00,678.0
2019-11-01 08:00:00+01:00,677.0
2019-11-01 09:00:00+01:00,261.0
2019-11-01 10:00:00+01:00,0.0
2019-11-01 11:00:00+01:00,49.0
2019-11-01 12:00:00+01:00,38.0
2019-11-01 13:00:00+01:00,109.0
2019-11-01 14:00:00+01:00,239.0
2019-11-01 15:00:00+01:00,633.0
2019-11-01 16:00:00+01:00,490.0
2019-11-01 17:00:00+01:00,686.0
2019-11-01 18:00:00+01:00,334.0
2019-11-01 19:00:00+01:00,340.0
2019-11-01 20:00:00+01:00,345.0
2019-11-01 21:00:00+01:00,458.0
2019-11-01 22:00:00+01:00,553.0
2019-11-01 23:00:00+01:00,500.0
2019-11-02 00:00:00+01:00,361.0
2019-11-02 01:00:00+01:00,336.0
2019-11-02 02:00:00+01:00,414.0
2019-11-02 03:00:00+01:00,496.0
2019-11-02 04:00:00+01:00,561.0
2019-11-02 05:00:00+01:00,621.0
2019-11-02 06:00:00+01:00,701.0
2019-11-02 07:00:00+01:00,683.0
2019-11-02 08:00:00+01:00,268.0
2019-11-02 09:00:00+01:00,205.0
2019-11-02 10:00:00+01:00,247.0
2019-11-02 11:00:00+01:00,171.0
2019-11-02 12:00:00+01:00,107.0
2019-11-02 13:00:00+01:00,266.0
2019-11-02 14:00:00+01:00,292.0
2019-11-02 15:00:00+01:00,215.0
2019-11-02 16:00:00+01:00,275.0
2019-11-02 17:00:00+01:00,599.0
2019-11-02 18:00:00+01:00,151.0
2019-11-02 19:00:00+01:00,7.0
2019-11-02 20:00:00+01:00,137.0
2019-11-02 21:00:00+01:00,266.0
2019-11-02 22:00:00+01:00,316.0
2019-11-02 23:00:00+01:00,122.0
2019-11-03 00:00:00+01:00,44.0
2019-11-03 01:00:00+01:00,0.0
2019-11-03 02:00:00+01:00,222.0
2019-11-03 03:00:00+01:00,123.0
2019-11-03 04:00:00+01:00,256.0
2019-11-03 05:00:00+01:00,261.0
2019-11-03 06:00:00+01:00,0.0
2019-11-03 07:00:00+01:00,0.0
2019-11-03 08:00:00+01:00,0.0
2019-11-03 09:00:00+01:00,0.0
2019-11-03 10:00:00+01:00,0.0
2019-11-03 11:00:00+01:00,0.0
2019-11-03 12:00:00+01:00,0.0
2019-11-03 13:00:00+01:00,0.0
2019-11-03 14:00:00+01:00,0.0
2019-11-03 15:00:00+01:00,0.0
2019-11-03 16:00:00+01:00,0.0
2019-11-03 17:00:00+01:00,0.0
2019-11-03 18:00:00+01:00,0.0
2019-11-03 19:00:00+01:00,0.0
2019-11-03 20:00:00+01:00,1.0
2019-11-03 21:00:00+01:00,0.0
2019-11-03 22:00:00+01:00,0.0
2019-11-03 23:00:00+01:00,0.0
2019-11-04 00:00:00+01:00,0.0
2019-11-04 01:00:00+01:00,0.0
2019-11-04 02:00:00+01:00,0.0
2019-11-04 03:00:00+01:00,0.0
2019-11-04 04:00:00+01:00,0.0
2019-11-04 05:00:00+01:00,0.0
2019-11-04 06:00:00+01:00,0.0
2019-11-04 07:00:00+01:00,0.0
2019-11-04 08:00:00+01:00,0.0
2019-11-04 09:00:00+01:00,0.0
2019-11-04 10:00:00+01:00,1.0
2019-11-04 11:00:00+01:00,0.0
2019-11-04 12:00:00+01:00,0.0
2019-11-04 13:00:00+01:00,0.0
2019-11-04 14:00:00+01:00,0.0
2019-11-04 15:00:00+01:00,0.0
2019-11-04 16:00:00+01:00,0.0
2019-11-04 17:00:00+01:00,0.0
2019-11-04 18:00:00+01:00,0.0
2019-11-04 19:00:00+01:00,0.0
2019-11-04 20:00:00+01:00,0.0
2019-11-04 21:00:00+01:00,0.0
2019-11-04 22:00:00+01:00,0.0
2019-11-04 23:00:00+01:00,0.0
2019-11-05 00:00:00+01:00,0.0
2019-11-05 01:00:00+01:00,0.0
2019-11-05 02:00:00+01:00,0.0
2019-11-05 03:00:00+01:00,0.0
2019-11-05 04:00:00+01:00,0.0
2019-11-05 05:00:00+01:00,1.0
2019-11-05 06:00:00+01:00,0.0
2019-11-05 07:00:00+01:00,0.0
2019-11-05 08:00:00+01:00,0.0
2019-11-05 09:00:00+01:00,0.0
2019-11-05 10:00:00+01:00,0.0
2019-11-05 11:00:00+01:00,0.0
2019-11-05 12:00:00+01:00,0.0
2019-11-05 13:00:00+01:00,0.0
2019-11-05 14:00:00+01:00,46.0
2019-11-05 15:00:00+01:00,209.0
2019-11-05 16:00:00+01:00,670.0
2019-11-05 17:00:00+01:00,411.0
2019-11-05 18:00:00+01:00,218.0
2019-11-05 19:00:00+01:00,556.0
2019-11-05 20:00:00+01:00,76.0
2019-11-05 21:00:00+01:00,680.0
2019-11-05 22:00:00+01:00,680.0
2019-11-05 23:00:00+01:00,680.0
2019-11-06 00:00:00+01:00,680.0
2019-11-06 01:00:00+01:00,680.0
2019-11-06 02:00:00+01:00,680.0
2019-11-06 03:00:00+01:00,680.0
2019-11-06 04:00:00+01:00,680.0
2019-11-06 05:00:00+01:00,680.0
2019-11-06 06:00:00+01:00,680.0
2019-11-06 07:00:00+01:00,680.0
2019-11-06 08:00:00+01:00,680.0
2019-11-06 09:00:00+01:00,680.0
2019-11-06 10:00:00+01:00,680.0
2019-11-06 11:00:00+01:00,697.0
2019-11-06 12:00:00+01:00,702.0
2019-11-06 13:00:00+01:00,702.0
2019-11-06 14:00:00+01:00,702.0
2019-11-06 15:00:00+01:00,702.0
2019-11-06 16:00:00+01:00,702.0
2019-11-06 17:00:00+01:00,700.0
2019-11-06 18:00:00+01:00,642.0
2019-11-06 19:00:00+01:00,484.0
2019-11-06 20:00:00+01:00,382.0
2019-11-06 21:00:00+01:00,481.0
2019-11-06 22:00:00+01:00,702.0
2019-11-06 23:00:00+01:00,702.0
2019-11-07 00:00:00+01:00,702.0
2019-11-07 01:00:00+01:00,703.0
2019-11-07 02:00:00+01:00,702.0
2019-11-07 03:00:00+01:00,702.0
2019-11-07 04:00:00+01:00,702.0
2019-11-07 05:00:00+01:00,702.0
2019-11-07 06:00:00+01:00,702.0
2019-11-07 07:00:00+01:00,701.0
2019-11-07 08:00:00+01:00,694.0
2019-11-07 09:00:00+01:00,702.0
2019-11-07 10:00:00+01:00,701.0
2019-11-07 11:00:00+01:00,701.0
2019-11-07 12:00:00+01:00,701.0
2019-11-07 13:00:00+01:00,701.0
2019-11-07 14:00:00+01:00,701.0
2019-11-07 15:00:00+01:00,701.0
2019-11-07 16:00:00+01:00,692.0
2019-11-07 17:00:00+01:00,502.0
2019-11-07 18:00:00+01:00,701.0
2019-11-07 19:00:00+01:00,701.0
2019-11-07 20:00:00+01:00,701.0
2019-11-07 21:00:00+01:00,701.0
2019-11-07 22:00:00+01:00,701.0
2019-11-07 23:00:00+01:00,701.0
2019-11-08 00:00:00+01:00,701.0
2019-11-08 01:00:00+01:00,683.0
2019-11-08 02:00:00+01:00,268.0
2019-11-08 03:00:00+01:00,84.0
2019-11-08 04:00:00+01:00,668.0
2019-11-08 05:00:00+01:00,698.0
2019-11-08 06:00:00+01:00,688.0
2019-11-08 07:00:00+01:00,678.0
2019-11-08 08:00:00+01:00,174.0
2019-11-08 09:00:00+01:00,670.0
2019-11-08 10:00:00+01:00,663.0
2019-11-08 11:00:00+01:00,702.0
2019-11-08 12:00:00+01:00,702.0
2019-11-08 13:00:00+01:00,702.0
2019-11-08 14:00:00+01:00,678.0
2019-11-08 15:00:00+01:00,153.0
2019-11-08 16:00:00+01:00,183.0
2019-11-08 17:00:00+01:00,176.0
2019-11-08 18:00:00+01:00,593.0
2019-11-08 19:00:00+01:00,632.0
2019-11-08 20:00:00+01:00,624.0
2019-11-08 21:00:00+01:00,698.0
2019-11-08 22:00:00+01:00,695.0
2019-11-08 23:00:00+01:00,518.0
2019-11-09 00:00:00+01:00,246.0
2019-11-09 01:00:00+01:00,330.0
2019-11-09 02:00:00+01:00,701.0
2019-11-09 03:00:00+01:00,702.0
2019-11-09 04:00:00+01:00,701.0
2019-11-09 05:00:00+01:00,701.0
2019-11-09 06:00:00+01:00,675.0
2019-11-09 07:00:00+01:00,104.0
2019-11-09 08:00:00+01:00,660.0
2019-11-09 09:00:00+01:00,18.0
2019-11-09 10:00:00+01:00,448.0
2019-11-09 11:00:00+01:00,660.0
2019-11-09 12:00:00+01:00,569.0
2019-11-09 13:00:00+01:00,611.0
2019-11-09 14:00:00+01:00,541.0
2019-11-09 15:00:00+01:00,371.0
2019-11-09 16:00:00+01:00,109.0
2019-11-09 17:00:00+01:00,47.0
2019-11-09 18:00:00+01:00,21.0
2019-11-09 19:00:00+01:00,0.0
2019-11-09 20:00:00+01:00,0.0
2019-11-09 21:00:00+01:00,82.0
2019-11-09 22:00:00+01:00,118.0
2019-11-09 23:00:00+01:00,577.0
2019-11-10 00:00:00+01:00,702.0
2019-11-10 01:00:00+01:00,700.0
2019-11-10 02:00:00+01:00,662.0
2019-11-10 03:00:00+01:00,551.0
2019-11-10 04:00:00+01:00,300.0
2019-11-10 05:00:00+01:00,409.0
2019-11-10 06:00:00+01:00,580.0
2019-11-10 07:00:00+01:00,584.0
2019-11-10 08:00:00+01:00,700.0
2019-11-10 09:00:00+01:00,666.0
2019-11-10 10:00:00+01:00,687.0
2019-11-10 11:00:00+01:00,661.0
2019-11-10 12:00:00+01:00,689.0
2019-11-10 13:00:00+01:00,689.0
2019-11-10 14:00:00+01:00,639.0
2019-11-10 15:00:00+01:00,497.0
2019-11-10 16:00:00+01:00,575.0
2019-11-10 17:00:00+01:00,120.0
2019-11-10 18:00:00+01:00,117.0
2019-11-10 19:00:00+01:00,0.0
2019-11-10 20:00:00+01:00,0.0
2019-11-10 21:00:00+01:00,591.0
2019-11-10 22:00:00+01:00,594.0
2019-11-10 23:00:00+01:00,466.0
2019-11-11 00:00:00+01:00,547.0
2019-11-11 01:00:00+01:00,691.0
2019-11-11 02:00:00+01:00,661.0
2019-11-11 03:00:00+01:00,569.0
2019-11-11 04:00:00+01:00,569.0
2019-11-11 05:00:00+01:00,639.0
2019-11-11 06:00:00+01:00,530.0
2019-11-11 07:00:00+01:00,637.0
2019-11-11 08:00:00+01:00,281.0
2019-11-11 09:00:00+01:00,26.0
2019-11-11 10:00:00+01:00,0.0
2019-11-11 11:00:00+01:00,0.0
2019-11-11 12:00:00+01:00,172.0
2019-11-11 13:00:00+01:00,0.0
2019-11-11 14:00:00+01:00,0.0
2019-11-11 15:00:00+01:00,0.0
2019-11-11 16:00:00+01:00,6.0
2019-11-11 17:00:00+01:00,0.0
2019-11-11 18:00:00+01:00,94.0
2019-11-11 19:00:00+01:00,182.0
2019-11-11 20:00:00+01:00,0.0
2019-11-11 21:00:00+01:00,0.0
2019-11-11 22:00:00+01:00,0.0
2019-11-11 23:00:00+01:00,0.0
2019-11-12 00:00:00+01:00,0.0
2019-11-12 01:00:00+01:00,0.0
2019-11-12 02:00:00+01:00,0.0
2019-11-12 03:00:00+01:00,0.0
2019-11-12 04:00:00+01:00,0.0
2019-11-12 05:00:00+01:00,0.0
2019-11-12 06:00:00+01:00,0.0
2019-11-12 07:00:00+01:00,0.0
2019-11-12 08:00:00+01:00,0.0
2019-11-12 09:00:00+01:00,0.0
2019-11-12 10:00:00+01:00,0.0
2019-11-12 11:00:00+01:00,0.0
2019-11-12 12:00:00+01:00,0.0
2019-11-12 13:00:00+01:00,0.0
2019-11-12 14:00:00+01:00,0.0
2019-11-12 15:00:00+01:00,0.0
2019-11-12 16:00:00+01:00,0.0
2019-11-12 17:00:00+01:00,0.0
2019-11-12 18:00:00+01:00,0.0
2019-11-12 19:00:00+01:00,0.0
2019-11-12 20:00:00+01:00,515.0
2019-11-12 21:00:00+01:00,615.0
2019-11-12 22:00:00+01:00,682.0
2019-11-12 23:00:00+01:00,679.0
2019-11-13 00:00:00+01:00,192.0
2019-11-13 01:00:00+01:00,701.0
2019-11-13 02:00:00+01:00,701.0
2019-11-13 03:00:00+01:00,701.0
2019-11-13 04:00:00+01:00,701.0
2019-11-13 05:00:00+01:00,676.0
2019-11-13 06:00:00+01:00,200.0
2019-11-13 07:00:00+01:00,0.0
2019-11-13 08:00:00+01:00,0.0
2019-11-13 09:00:00+01:00,0.0
2019-11-13 10:00:00+01:00,0.0
2019-11-13 11:00:00+01:00,0.0
2019-11-13 12:00:00+01:00,0.0
2019-11-13 13:00:00+01:00,0.0
2019-11-13 14:00:00+01:00,0.0
2019-11-13 15:00:00+01:00,0.0
2019-11-13 16:00:00+01:00,0.0
2019-11-13 17:00:00+01:00,0.0
2019-11-13 18:00:00+01:00,0.0
2019-11-13 19:00:00+01:00,0.0
2019-11-13 20:00:00+01:00,165.0
2019-11-13 21:00:00+01:00,589.0
2019-11-13 22:00:00+01:00,623.0
2019-11-13 23:00:00+01:00,702.0
2019-11-14 00:00:00+01:00,702.0
2019-11-14 01:00:00+01:00,692.0
2019-11-14 02:00:00+01:00,471.0
2019-11-14 03:00:00+01:00,623.0
2019-11-14 04:00:00+01:00,643.0
2019-11-14 05:00:00+01:00,702.0
2019-11-14 06:00:00+01:00,699.0
2019-11-14 07:00:00+01:00,635.0
2019-11-14 08:00:00+01:00,644.0
2019-11-14 09:00:00+01:00,100.0
2019-11-14 10:00:00+01:00,496.0
2019-11-14 11:00:00+01:00,289.0
2019-11-14 12:00:00+01:00,397.0
2019-11-14 13:00:00+01:00,0.0
2019-11-14 14:00:00+01:00,332.0
2019-11-14 15:00:00+01:00,120.0
2019-11-14 16:00:00+01:00,0.0
2019-11-14 17:00:00+01:00,0.0
2019-11-14 18:00:00+01:00,0.0
2019-11-14 19:00:00+01:00,496.0
2019-11-14 20:00:00+01:00,343.0
2019-11-14 21:00:00+01:00,280.0
2019-11-14 22:00:00+01:00,377.0
2019-11-14 23:00:00+01:00,343.0
2019-11-15 00:00:00+01:00,0.0
2019-11-15 01:00:00+01:00,0.0
2019-11-15 02:00:00+01:00,0.0
2019-11-15 03:00:00+01:00,0.0
2019-11-15 04:00:00+01:00,0.0
2019-11-15 05:00:00+01:00,0.0
2019-11-15 06:00:00+01:00,0.0
2019-11-15 07:00:00+01:00,0.0
2019-11-15 08:00:00+01:00,0.0
2019-11-15 09:00:00+01:00,0.0
2019-11-15 10:00:00+01:00,0.0
2019-11-15 11:00:00+01:00,0.0
2019-11-15 12:00:00+01:00,0.0
2019-11-15 13:00:00+01:00,0.0
2019-11-15 14:00:00+01:00,0.0
2019-11-15 15:00:00+01:00,0.0
2019-11-15 16:00:00+01:00,0.0
2019-11-15 17:00:00+01:00,0.0
2019-11-15 18:00:00+01:00,0.0
2019-11-15 19:00:00+01:00,0.0
2019-11-15 20:00:00+01:00,0.0
2019-11-15 21:00:00+01:00,0.0
2019-11-15 22:00:00+01:00,27.0
2019-11-15 23:00:00+01:00,74.0
2019-11-16 00:00:00+01:00,0.0
2019-11-16 01:00:00+01:00,0.0
2019-11-16 02:00:00+01:00,0.0
2019-11-16 03:00:00+01:00,325.0
2019-11-16 04:00:00+01:00,213.0
2019-11-16 05:00:00+01:00,136.0
2019-11-16 06:00:00+01:00,112.0
2019-11-16 07:00:00+01:00,0.0
2019-11-16 08:00:00+01:00,0.0
2019-11-16 09:00:00+01:00,0.0
2019-11-16 10:00:00+01:00,0.0
2019-11-16 11:00:00+01:00,48.0
2019-11-16 12:00:00+01:00,227.0
2019-11-16 13:00:00+01:00,235.0
2019-11-16 14:00:00+01:00,203.0
2019-11-16 15:00:00+01:00,199.0
2019-11-16 16:00:00+01:00,0.0
2019-11-16 17:00:00+01:00,0.0
2019-11-16 18:00:00+01:00,0.0
2019-11-16 19:00:00+01:00,168.0
2019-11-16 20:00:00+01:00,32.0
2019-11-16 21:00:00+01:00,65.0
2019-11-16 22:00:00+01:00,0.0
2019-11-16 23:00:00+01:00,0.0
2019-11-17 00:00:00+01:00,0.0
2019-11-17 01:00:00+01:00,0.0
2019-11-17 02:00:00+01:00,0.0
2019-11-17 03:00:00+01:00,0.0
2019-11-17 04:00:00+01:00,0.0
2019-11-17 05:00:00+01:00,0.0
2019-11-17 06:00:00+01:00,0.0
2019-11-17 07:00:00+01:00,0.0
2019-11-17 08:00:00+01:00,13.0
2019-11-17 09:00:00+01:00,0.0
2019-11-17 10:00:00+01:00,94.0
2019-11-17 11:00:00+01:00,207.0
2019-11-17 12:00:00+01:00,258.0
2019-11-17 13:00:00+01:00,532.0
2019-11-17 14:00:00+01:00,677.0
2019-11-17 15:00:00+01:00,475.0
2019-11-17 16:00:00+01:00,4.0
2019-11-17 17:00:00+01:00,0.0
2019-11-17 18:00:00+01:00,0.0
2019-11-17 19:00:00+01:00,0.0
2019-11-17 20:00:00+01:00,235.0
2019-11-17 21:00:00+01:00,701.0
2019-11-17 22:00:00+01:00,683.0
2019-11-17 23:00:00+01:00,244.0
2019-11-18 00:00:00+01:00,0.0
2019-11-18 01:00:00+01:00,0.0
2019-11-18 02:00:00+01:00,0.0
2019-11-18 03:00:00+01:00,0.0
2019-11-18 04:00:00+01:00,0.0
2019-11-18 05:00:00+01:00,120.0
2019-11-18 06:00:00+01:00,295.0
2019-11-18 07:00:00+01:00,0.0
2019-11-18 08:00:00+01:00,0.0
2019-11-18 09:00:00+01:00,0.0
2019-11-18 10:00:00+01:00,0.0
2019-11-18 11:00:00+01:00,0.0
2019-11-18 12:00:00+01:00,0.0
2019-11-18 13:00:00+01:00,0.0
2019-11-18 14:00:00+01:00,0.0
2019-11-18 15:00:00+01:00,0.0
2019-11-18 16:00:00+01:00,0.0
2019-11-18 17:00:00+01:00,192.0
2019-11-18 18:00:00+01:00,701.0
2019-11-18 19:00:00+01:00,693.0
2019-11-18 20:00:00+01:00,692.0
2019-11-18 21:00:00+01:00,477.0
2019-11-18 22:00:00+01:00,665.0
2019-11-18 23:00:00+01:00,362.0
2019-11-19 00:00:00+01:00,226.0
2019-11-19 01:00:00+01:00,223.0
2019-11-19 02:00:00+01:00,202.0
2019-11-19 03:00:00+01:00,215.0
2019-11-19 04:00:00+01:00,155.0
2019-11-19 05:00:00+01:00,214.0
2019-11-19 06:00:00+01:00,103.0
2019-11-19 07:00:00+01:00,0.0
2019-11-19 08:00:00+01:00,0.0
2019-11-19 09:00:00+01:00,0.0
2019-11-19 10:00:00+01:00,0.0
2019-11-19 11:00:00+01:00,0.0
2019-11-19 12:00:00+01:00,0.0
2019-11-19 13:00:00+01:00,0.0
2019-11-19 14:00:00+01:00,0.0
2019-11-19 15:00:00+01:00,0.0
2019-11-19 16:00:00+01:00,0.0
2019-11-19 17:00:00+01:00,77.0
2019-11-19 18:00:00+01:00,0.0
2019-11-19 19:00:00+01:00,86.0
2019-11-19 20:00:00+01:00,157.0
2019-11-19 21:00:00+01:00,306.0
2019-11-19 22:00:00+01:00,699.0
2019-11-19 23:00:00+01:00,646.0
2019-11-20 00:00:00+01:00,655.0
2019-11-20 01:00:00+01:00,702.0
2019-11-20 02:00:00+01:00,697.0
2019-11-20 03:00:00+01:00,601.0
2019-11-20 04:00:00+01:00,700.0
2019-11-20 05:00:00+01:00,665.0
2019-11-20 06:00:00+01:00,702.0
2019-11-20 07:00:00+01:00,692.0
2019-11-20 08:00:00+01:00,685.0
2019-11-20 09:00:00+01:00,676.0
2019-11-20 10:00:00+01:00,701.0
2019-11-20 11:00:00+01:00,702.0
2019-11-20 12:00:00+01:00,702.0
2019-11-20 13:00:00+01:00,676.0
2019-11-20 14:00:00+01:00,88.0
2019-11-20 15:00:00+01:00,64.0
2019-11-20 16:00:00+01:00,652.0
2019-11-20 17:00:00+01:00,174.0
2019-11-20 18:00:00+01:00,702.0
2019-11-20 19:00:00+01:00,691.0
2019-11-20 20:00:00+01:00,451.0
2019-11-20 21:00:00+01:00,698.0
2019-11-20 22:00:00+01:00,615.0
2019-11-20 23:00:00+01:00,625.0
2019-11-21 00:00:00+01:00,701.0
2019-11-21 01:00:00+01:00,684.0
2019-11-21 02:00:00+01:00,604.0
2019-11-21 03:00:00+01:00,675.0
2019-11-21 04:00:00+01:00,702.0
2019-11-21 05:00:00+01:00,691.0
2019-11-21 06:00:00+01:00,442.0
2019-11-21 07:00:00+01:00,546.0
2019-11-21 08:00:00+01:00,614.0
2019-11-21 09:00:00+01:00,506.0
2019-11-21 10:00:00+01:00,563.0
2019-11-21 11:00:00+01:00,618.0
2019-11-21 12:00:00+01:00,637.0
2019-11-21 13:00:00+01:00,653.0
2019-11-21 14:00:00+01:00,672.0
2019-11-21 15:00:00+01:00,425.0
2019-11-21 16:00:00+01:00,194.0
2019-11-21 17:00:00+01:00,180.0
2019-11-21 18:00:00+01:00,365.0
2019-11-21 19:00:00+01:00,0.0
2019-11-21 20:00:00+01:00,0.0
2019-11-21 21:00:00+01:00,257.0
2019-11-21 22:00:00+01:00,477.0
2019-11-21 23:00:00+01:00,632.0
2019-11-22 00:00:00+01:00,701.0
2019-11-22 01:00:00+01:00,691.0
2019-11-22 02:00:00+01:00,701.0
2019-11-22 03:00:00+01:00,683.0
2019-11-22 04:00:00+01:00,580.0
2019-11-22 05:00:00+01:00,501.0
2019-11-22 06:00:00+01:00,460.0
2019-11-22 07:00:00+01:00,0.0
2019-11-22 08:00:00+01:00,0.0
2019-11-22 09:00:00+01:00,0.0
2019-11-22 10:00:00+01:00,0.0
2019-11-22 11:00:00+01:00,189.0
2019-11-22 12:00:00+01:00,405.0
2019-11-22 13:00:00+01:00,613.0
2019-11-22 14:00:00+01:00,237.0
2019-11-22 15:00:00+01:00,0.0
2019-11-22 16:00:00+01:00,0.0
2019-11-22 17:00:00+01:00,66.0
2019-11-22 18:00:00+01:00,701.0
2019-11-22 19:00:00+01:00,688.0
2019-11-22 20:00:00+01:00,698.0
2019-11-22 21:00:00+01:00,693.0
2019-11-22 22:00:00+01:00,688.0
2019-11-22 23:00:00+01:00,407.0
2019-11-23 00:00:00+01:00,0.0
2019-11-23 01:00:00+01:00,0.0
2019-11-23 02:00:00+01:00,0.0
2019-11-23 03:00:00+01:00,0.0
2019-11-23 04:00:00+01:00,0.0
2019-11-23 05:00:00+01:00,0.0
2019-11-23 06:00:00+01:00,0.0
2019-11-23 07:00:00+01:00,1.0
2019-11-23 08:00:00+01:00,1.0
2019-11-23 09:00:00+01:00,1.0
2019-11-23 10:00:00+01:00,1.0
2019-11-23 11:00:00+01:00,1.0
2019-11-23 12:00:00+01:00,1.0
2019-11-23 13:00:00+01:00,1.0
2019-11-23 14:00:00+01:00,1.0
2019-11-23 15:00:00+01:00,1.0
2019-11-23 16:00:00+01:00,1.0
2019-11-23 17:00:00+01:00,1.0
2019-11-23 18:00:00+01:00,1.0
2019-11-23 19:00:00+01:00,1.0
2019-11-23 20:00:00+01:00,1.0
2019-11-23 21:00:00+01:00,1.0
2019-11-23 22:00:00+01:00,1.0
2019-11-23 23:00:00+01:00,1.0
2019-11-24 00:00:00+01:00,1.0
2019-11-24 01:00:00+01:00,1.0
2019-11-24 02:00:00+01:00,1.0
2019-11-24 03:00:00+01:00,1.0
2019-11-24 04:00:00+01:00,1.0
2019-11-24 05:00:00+01:00,1.0
2019-11-24 06:00:00+01:00,1.0
2019-11-24 07:00:00+01:00,1.0
2019-11-24 08:00:00+01:00,1.0
2019-11-24 09:00:00+01:00,14.0
2019-11-24 10:00:00+01:00,296.0
2019-11-24 11:00:00+01:00,65.0
2019-11-24 12:00:00+01:00,114.0
2019-11-24 13:00:00+01:00,60.0
2019-11-24 14:00:00+01:00,37.0
2019-11-24 15:00:00+01:00,110.0
2019-11-24 16:00:00+01:00,1.0
2019-11-24 17:00:00+01:00,0.0
2019-11-24 18:00:00+01:00,0.0
2019-11-24 19:00:00+01:00,0.0
2019-11-24 20:00:00+01:00,0.0
2019-11-24 21:00:00+01:00,0.0
2019-11-24 22:00:00+01:00,0.0
2019-11-24 23:00:00+01:00,0.0
2019-11-25 00:00:00+01:00,0.0
2019-11-25 01:00:00+01:00,346.0
2019-11-25 02:00:00+01:00,229.0
2019-11-25 03:00:00+01:00,325.0
2019-11-25 04:00:00+01:00,157.0
2019-11-25 05:00:00+01:00,37.0
2019-11-25 06:00:00+01:00,62.0
2019-11-25 07:00:00+01:00,108.0
2019-11-25 08:00:00+01:00,0.0
2019-11-25 09:00:00+01:00,0.0
2019-11-25 10:00:00+01:00,87.0
2019-11-25 11:00:00+01:00,160.0
2019-11-25 12:00:00+01:00,250.0
2019-11-25 13:00:00+01:00,500.0
2019-11-25 14:00:00+01:00,463.0
2019-11-25 15:00:00+01:00,483.0
2019-11-25 16:00:00+01:00,157.0
2019-11-25 17:00:00+01:00,0.0
2019-11-25 18:00:00+01:00,116.0
2019-11-25 19:00:00+01:00,236.0
2019-11-25 20:00:00+01:00,311.0
2019-11-25 21:00:00+01:00,328.0
2019-11-25 22:00:00+01:00,691.0
2019-11-25 23:00:00+01:00,640.0
2019-11-26 00:00:00+01:00,580.0
2019-11-26 01:00:00+01:00,632.0
2019-11-26 02:00:00+01:00,701.0
2019-11-26 03:00:00+01:00,701.0
2019-11-26 04:00:00+01:00,685.0
2019-11-26 05:00:00+01:00,639.0
2019-11-26 06:00:00+01:00,0.0
2019-11-26 07:00:00+01:00,0.0
2019-11-26 08:00:00+01:00,0.0
2019-11-26 09:00:00+01:00,0.0
2019-11-26 10:00:00+01:00,0.0
2019-11-26 11:00:00+01:00,0.0
2019-11-26 12:00:00+01:00,0.0
2019-11-26 13:00:00+01:00,0.0
2019-11-26 14:00:00+01:00,0.0
2019-11-26 15:00:00+01:00,0.0
2019-11-26 16:00:00+01:00,0.0
2019-11-26 17:00:00+01:00,0.0
2019-11-26 18:00:00+01:00,0.0
2019-11-26 19:00:00+01:00,0.0
2019-11-26 20:00:00+01:00,0.0
2019-11-26 21:00:00+01:00,0.0
2019-11-26 22:00:00+01:00,0.0
2019-11-26 23:00:00+01:00,0.0
2019-11-27 00:00:00+01:00,0.0
2019-11-27 01:00:00+01:00,0.0
2019-11-27 02:00:00+01:00,0.0
2019-11-27 03:00:00+01:00,0.0
2019-11-27 04:00:00+01:00,0.0
2019-11-27 05:00:00+01:00,0.0
2019-11-27 06:00:00+01:00,0.0
2019-11-27 07:00:00+01:00,0.0
2019-11-27 08:00:00+01:00,0.0
2019-11-27 09:00:00+01:00,0.0
2019-11-27 10:00:00+01:00,0.0
2019-11-27 11:00:00+01:00,0.0
2019-11-27 12:00:00+01:00,0.0
2019-11-27 13:00:00+01:00,0.0
2019-11-27 14:00:00+01:00,0.0
2019-11-27 15:00:00+01:00,0.0
2019-11-27 16:00:00+01:00,0.0
2019-11-27 17:00:00+01:00,0.0
2019-11-27 18:00:00+01:00,0.0
2019-11-27 19:00:00+01:00,0.0
2019-11-27 20:00:00+01:00,0.0
2019-11-27 21:00:00+01:00,0.0
2019-11-27 22:00:00+01:00,0.0
2019-11-27 23:00:00+01:00,0.0
2019-11-28 00:00:00+01:00,0.0
2019-11-28 01:00:00+01:00,0.0
2019-11-28 02:00:00+01:00,0.0
2019-11-28 03:00:00+01:00,0.0
2019-11-28 04:00:00+01:00,0.0
2019-11-28 05:00:00+01:00,0.0
2019-11-28 06:00:00+01:00,0.0
2019-11-28 07:00:00+01:00,0.0
2019-11-28 08:00:00+01:00,0.0
2019-11-28 09:00:00+01:00,0.0
2019-11-28 10:00:00+01:00,0.0
2019-11-28 11:00:00+01:00,0.0
2019-11-28 12:00:00+01:00,0.0
2019-11-28 13:00:00+01:00,0.0
2019-11-28 14:00:00+01:00,0.0
2019-11-28 15:00:00+01:00,0.0
2019-11-28 16:00:00+01:00,0.0
2019-11-28 17:00:00+01:00,0.0
2019-11-28 18:00:00+01:00,0.0
2019-11-28 19:00:00+01:00,0.0
2019-11-28 20:00:00+01:00,0.0
2019-11-28 21:00:00+01:00,0.0
2019-11-28 22:00:00+01:00,0.0
2019-11-28 23:00:00+01:00,0.0
2019-11-29 00:00:00+01:00,0.0
2019-11-29 01:00:00+01:00,0.0
2019-11-29 02:00:00+01:00,0.0
2019-11-29 03:00:00+01:00,0.0
2019-11-29 04:00:00+01:00,0.0
2019-11-29 05:00:00+01:00,0.0
2019-11-29 06:00:00+01:00,0.0
2019-11-29 07:00:00+01:00,0.0
2019-11-29 08:00:00+01:00,0.0
2019-11-29 09:00:00+01:00,0.0
2019-11-29 10:00:00+01:00,0.0
2019-11-29 11:00:00+01:00,0.0
2019-11-29 12:00:00+01:00,2.0
2019-11-29 13:00:00+01:00,20.0
2019-11-29 14:00:00+01:00,0.0
2019-11-29 15:00:00+01:00,0.0
2019-11-29 16:00:00+01:00,0.0
2019-11-29 17:00:00+01:00,0.0
2019-11-29 18:00:00+01:00,0.0
2019-11-29 19:00:00+01:00,0.0
2019-11-29 20:00:00+01:00,0.0
2019-11-29 21:00:00+01:00,0.0
2019-11-29 22:00:00+01:00,0.0
2019-11-29 23:00:00+01:00,0.0
2019-11-30 00:00:00+01:00,0.0
2019-11-30 01:00:00+01:00,0.0
2019-11-30 02:00:00+01:00,0.0
2019-11-30 03:00:00+01:00,0.0
2019-11-30 04:00:00+01:00,0.0
2019-11-30 05:00:00+01:00,0.0
2019-11-30 06:00:00+01:00,0.0
2019-11-30 07:00:00+01:00,0.0
2019-11-30 08:00:00+01:00,0.0
2019-11-30 09:00:00+01:00,0.0
2019-11-30 10:00:00+01:00,0.0
2019-11-30 11:00:00+01:00,0.0
2019-11-30 12:00:00+01:00,0.0
2019-11-30 13:00:00+01:00,0.0
2019-11-30 14:00:00+01:00,0.0
2019-11-30 15:00:00+01:00,0.0
2019-11-30 16:00:00+01:00,0.0
2019-11-30 17:00:00+01:00,0.0
2019-11-30 18:00:00+01:00,0.0
2019-11-30 19:00:00+01:00,0.0
2019-11-30 20:00:00+01:00,0.0
2019-11-30 21:00:00+01:00,0.0
2019-11-30 22:00:00+01:00,0.0
2019-11-30 23:00:00+01:00,0.0
2019-12-01 00:00:00+01:00,0.0
2019-12-01 01:00:00+01:00,23.0
2019-12-01 02:00:00+01:00,37.0
2019-12-01 03:00:00+01:00,221.0
2019-12-01 04:00:00+01:00,42.0
2019-12-01 05:00:00+01:00,0.0
2019-12-01 06:00:00+01:00,206.0
2019-12-01 07:00:00+01:00,142.0
2019-12-01 08:00:00+01:00,0.0
2019-12-01 09:00:00+01:00,0.0
2019-12-01 10:00:00+01:00,0.0
2019-12-01 11:00:00+01:00,0.0
2019-12-01 12:00:00+01:00,0.0
2019-12-01 13:00:00+01:00,0.0
2019-12-01 14:00:00+01:00,0.0
2019-12-01 15:00:00+01:00,0.0
2019-12-01 16:00:00+01:00,0.0
2019-12-01 17:00:00+01:00,0.0
2019-12-01 18:00:00+01:00,0.0
2019-12-01 19:00:00+01:00,0.0
2019-12-01 20:00:00+01:00,0.0
2019-12-01 21:00:00+01:00,0.0
2019-12-01 22:00:00+01:00,0.0
2019-12-01 23:00:00+01:00,0.0
2019-12-02 00:00:00+01:00,0.0
2019-12-02 01:00:00+01:00,0.0
2019-12-02 02:00:00+01:00,0.0
2019-12-02 03:00:00+01:00,0.0
2019-12-02 04:00:00+01:00,0.0
2019-12-02 05:00:00+01:00,0.0
2019-12-02 06:00:00+01:00,0.0
2019-12-02 07:00:00+01:00,0.0
2019-12-02 08:00:00+01:00,0.0
2019-12-02 09:00:00+01:00,0.0
2019-12-02 10:00:00+01:00,0.0
2019-12-02 11:00:00+01:00,0.0
2019-12-02 12:00:00+01:00,0.0
2019-12-02 13:00:00+01:00,0.0
2019-12-02 14:00:00+01:00,0.0
2019-12-02 15:00:00+01:00,0.0
2019-12-02 16:00:00+01:00,0.0
2019-12-02 17:00:00+01:00,0.0
2019-12-02 18:00:00+01:00,0.0
2019-12-02 19:00:00+01:00,0.0
2019-12-02 20:00:00+01:00,0.0
2019-12-02 21:00:00+01:00,113.0
2019-12-02 22:00:00+01:00,674.0
2019-12-02 23:00:00+01:00,267.0
2019-12-03 00:00:00+01:00,702.0
2019-12-03 01:00:00+01:00,699.0
2019-12-03 02:00:00+01:00,699.0
2019-12-03 03:00:00+01:00,702.0
2019-12-03 04:00:00+01:00,691.0
2019-12-03 05:00:00+01:00,434.0
2019-12-03 06:00:00+01:00,28.0
2019-12-03 07:00:00+01:00,0.0
2019-12-03 08:00:00+01:00,0.0
2019-12-03 09:00:00+01:00,0.0
2019-12-03 10:00:00+01:00,0.0
2019-12-03 11:00:00+01:00,0.0
2019-12-03 12:00:00+01:00,0.0
2019-12-03 13:00:00+01:00,0.0
2019-12-03 14:00:00+01:00,0.0
2019-12-03 15:00:00+01:00,0.0
2019-12-03 16:00:00+01:00,0.0
2019-12-03 17:00:00+01:00,0.0
2019-12-03 18:00:00+01:00,0.0
2019-12-03 19:00:00+01:00,0.0
2019-12-03 20:00:00+01:00,0.0
2019-12-03 21:00:00+01:00,0.0
2019-12-03 22:00:00+01:00,16.0
2019-12-03 23:00:00+01:00,15.0
2019-12-04 00:00:00+01:00,0.0
2019-12-04 01:00:00+01:00,0.0
2019-12-04 02:00:00+01:00,0.0
2019-12-04 03:00:00+01:00,0.0
2019-12-04 04:00:00+01:00,0.0
2019-12-04 05:00:00+01:00,0.0
2019-12-04 06:00:00+01:00,0.0
2019-12-04 07:00:00+01:00,0.0
2019-12-04 08:00:00+01:00,0.0
2019-12-04 09:00:00+01:00,0.0
2019-12-04 10:00:00+01:00,0.0
2019-12-04 11:00:00+01:00,0.0
2019-12-04 12:00:00+01:00,0.0
2019-12-04 13:00:00+01:00,0.0
2019-12-04 14:00:00+01:00,0.0
2019-12-04 15:00:00+01:00,0.0
2019-12-04 16:00:00+01:00,0.0
2019-12-04 17:00:00+01:00,0.0
2019-12-04 18:00:00+01:00,0.0
2019-12-04 19:00:00+01:00,0.0
2019-12-04 20:00:00+01:00,0.0
2019-12-04 21:00:00+01:00,0.0
2019-12-04 22:00:00+01:00,0.0
2019-12-04 23:00:00+01:00,0.0
2019-12-05 00:00:00+01:00,0.0
2019-12-05 01:00:00+01:00,0.0
2019-12-05 02:00:00+01:00,0.0
2019-12-05 03:00:00+01:00,0.0
2019-12-05 04:00:00+01:00,0.0
2019-12-05 05:00:00+01:00,0.0
2019-12-05 06:00:00+01:00,0.0
2019-12-05 07:00:00+01:00,0.0
2019-12-05 08:00:00+01:00,0.0
2019-12-05 09:00:00+01:00,0.0
2019-12-05 10:00:00+01:00,0.0
2019-12-05 11:00:00+01:00,0.0
2019-12-05 12:00:00+01:00,0.0
2019-12-05 13:00:00+01:00,0.0
2019-12-05 14:00:00+01:00,0.0
2019-12-05 15:00:00+01:00,0.0
2019-12-05 16:00:00+01:00,0.0
2019-12-05 17:00:00+01:00,0.0
2019-12-05 18:00:00+01:00,0.0
2019-12-05 19:00:00+01:00,0.0
2019-12-05 20:00:00+01:00,0.0
2019-12-05 21:00:00+01:00,0.0
2019-12-05 22:00:00+01:00,0.0
2019-12-05 23:00:00+01:00,0.0
2019-12-06 00:00:00+01:00,0.0
2019-12-06 01:00:00+01:00,0.0
2019-12-06 02:00:00+01:00,0.0
2019-12-06 03:00:00+01:00,0.0
2019-12-06 04:00:00+01:00,0.0
2019-12-06 05:00:00+01:00,0.0
2019-12-06 06:00:00+01:00,0.0
2019-12-06 07:00:00+01:00,0.0
2019-12-06 08:00:00+01:00,0.0
2019-12-06 09:00:00+01:00,0.0
2019-12-06 10:00:00+01:00,0.0
2019-12-06 11:00:00+01:00,0.0
2019-12-06 12:00:00+01:00,0.0
2019-12-06 13:00:00+01:00,0.0
2019-12-06 14:00:00+01:00,0.0
2019-12-06 15:00:00+01:00,0.0
2019-12-06 16:00:00+01:00,0.0
2019-12-06 17:00:00+01:00,0.0
2019-12-06 18:00:00+01:00,0.0
2019-12-06 19:00:00+01:00,0.0
2019-12-06 20:00:00+01:00,0.0
2019-12-06 21:00:00+01:00,0.0
2019-12-06 22:00:00+01:00,0.0
2019-12-06 23:00:00+01:00,0.0
2019-12-07 00:00:00+01:00,0.0
2019-12-07 01:00:00+01:00,0.0
2019-12-07 02:00:00+01:00,0.0
2019-12-07 03:00:00+01:00,0.0
2019-12-07 04:00:00+01:00,0.0
2019-12-07 05:00:00+01:00,0.0
2019-12-07 06:00:00+01:00,0.0
2019-12-07 07:00:00+01:00,0.0
2019-12-07 08:00:00+01:00,0.0
2019-12-07 09:00:00+01:00,0.0
2019-12-07 10:00:00+01:00,0.0
2019-12-07 11:00:00+01:00,0.0
2019-12-07 12:00:00+01:00,0.0
2019-12-07 13:00:00+01:00,0.0
2019-12-07 14:00:00+01:00,0.0
2019-12-07 15:00:00+01:00,0.0
2019-12-07 16:00:00+01:00,0.0
2019-12-07 17:00:00+01:00,0.0
2019-12-07 18:00:00+01:00,0.0
2019-12-07 19:00:00+01:00,0.0
2019-12-07 20:00:00+01:00,0.0
2019-12-07 21:00:00+01:00,0.0
2019-12-07 22:00:00+01:00,0.0
2019-12-07 23:00:00+01:00,348.0
2019-12-08 00:00:00+01:00,0.0
2019-12-08 01:00:00+01:00,0.0
2019-12-08 02:00:00+01:00,0.0
2019-12-08 03:00:00+01:00,0.0
2019-12-08 04:00:00+01:00,0.0
2019-12-08 05:00:00+01:00,0.0
2019-12-08 06:00:00+01:00,0.0
2019-12-08 07:00:00+01:00,0.0
2019-12-08 08:00:00+01:00,0.0
2019-12-08 09:00:00+01:00,0.0
2019-12-08 10:00:00+01:00,0.0
2019-12-08 11:00:00+01:00,0.0
2019-12-08 12:00:00+01:00,0.0
2019-12-08 13:00:00+01:00,0.0
2019-12-08 14:00:00+01:00,0.0
2019-12-08 15:00:00+01:00,0.0
2019-12-08 16:00:00+01:00,0.0
2019-12-08 17:00:00+01:00,0.0
2019-12-08 18:00:00+01:00,0.0
2019-12-08 19:00:00+01:00,0.0
2019-12-08 20:00:00+01:00,0.0
2019-12-08 21:00:00+01:00,0.0
2019-12-08 22:00:00+01:00,0.0
2019-12-08 23:00:00+01:00,0.0
2019-12-09 00:00:00+01:00,0.0
2019-12-09 01:00:00+01:00,0.0
2019-12-09 02:00:00+01:00,0.0
2019-12-09 03:00:00+01:00,0.0
2019-12-09 04:00:00+01:00,0.0
2019-12-09 05:00:00+01:00,0.0
2019-12-09 06:00:00+01:00,0.0
2019-12-09 07:00:00+01:00,0.0
2019-12-09 08:00:00+01:00,0.0
2019-12-09 09:00:00+01:00,0.0
2019-12-09 10:00:00+01:00,0.0
2019-12-09 11:00:00+01:00,0.0
2019-12-09 12:00:00+01:00,0.0
2019-12-09 13:00:00+01:00,0.0
2019-12-09 14:00:00+01:00,0.0
2019-12-09 15:00:00+01:00,0.0
2019-12-09 16:00:00+01:00,0.0
2019-12-09 17:00:00+01:00,0.0
2019-12-09 18:00:00+01:00,0.0
2019-12-09 19:00:00+01:00,0.0
2019-12-09 20:00:00+01:00,0.0
2019-12-09 21:00:00+01:00,0.0
2019-12-09 22:00:00+01:00,0.0
2019-12-09 23:00:00+01:00,0.0
2019-12-10 00:00:00+01:00,0.0
2019-12-10 01:00:00+01:00,0.0
2019-12-10 02:00:00+01:00,0.0
2019-12-10 03:00:00+01:00,0.0
2019-12-10 04:00:00+01:00,0.0
2019-12-10 05:00:00+01:00,155.0
2019-12-10 06:00:00+01:00,178.0
2019-12-10 07:00:00+01:00,142.0
2019-12-10 08:00:00+01:00,183.0
2019-12-10 09:00:00+01:00,460.0
2019-12-10 10:00:00+01:00,426.0
2019-12-10 11:00:00+01:00,701.0
2019-12-10 12:00:00+01:00,702.0
2019-12-10 13:00:00+01:00,699.0
2019-12-10 14:00:00+01:00,611.0
2019-12-10 15:00:00+01:00,0.0
2019-12-10 16:00:00+01:00,0.0
2019-12-10 17:00:00+01:00,313.0
2019-12-10 18:00:00+01:00,512.0
2019-12-10 19:00:00+01:00,384.0
2019-12-10 20:00:00+01:00,140.0
2019-12-10 21:00:00+01:00,0.0
2019-12-10 22:00:00+01:00,0.0
2019-12-10 23:00:00+01:00,0.0
2019-12-11 00:00:00+01:00,0.0
2019-12-11 01:00:00+01:00,0.0
2019-12-11 02:00:00+01:00,0.0
2019-12-11 03:00:00+01:00,0.0
2019-12-11 04:00:00+01:00,0.0
2019-12-11 05:00:00+01:00,0.0
2019-12-11 06:00:00+01:00,0.0
2019-12-11 07:00:00+01:00,0.0
2019-12-11 08:00:00+01:00,0.0
2019-12-11 09:00:00+01:00,0.0
2019-12-11 10:00:00+01:00,0.0
2019-12-11 11:00:00+01:00,0.0
2019-12-11 12:00:00+01:00,0.0
2019-12-11 13:00:00+01:00,0.0
2019-12-11 14:00:00+01:00,0.0
2019-12-11 15:00:00+01:00,0.0
2019-12-11 16:00:00+01:00,0.0
2019-12-11 17:00:00+01:00,0.0
2019-12-11 18:00:00+01:00,0.0
2019-12-11 19:00:00+01:00,0.0
2019-12-11 20:00:00+01:00,0.0
2019-12-11 21:00:00+01:00,0.0
2019-12-11 22:00:00+01:00,41.0
2019-12-11 23:00:00+01:00,215.0
2019-12-12 00:00:00+01:00,257.0
2019-12-12 01:00:00+01:00,226.0
2019-12-12 02:00:00+01:00,308.0
2019-12-12 03:00:00+01:00,191.0
2019-12-12 04:00:00+01:00,85.0
2019-12-12 05:00:00+01:00,128.0
2019-12-12 06:00:00+01:00,37.0
2019-12-12 07:00:00+01:00,0.0
2019-12-12 08:00:00+01:00,0.0
2019-12-12 09:00:00+01:00,0.0
2019-12-12 10:00:00+01:00,0.0
2019-12-12 11:00:00+01:00,137.0
2019-12-12 12:00:00+01:00,702.0
2019-12-12 13:00:00+01:00,701.0
2019-12-12 14:00:00+01:00,702.0
2019-12-12 15:00:00+01:00,649.0
2019-12-12 16:00:00+01:00,596.0
2019-12-12 17:00:00+01:00,150.0
2019-12-12 18:00:00+01:00,499.0
2019-12-12 19:00:00+01:00,701.0
2019-12-12 20:00:00+01:00,701.0
2019-12-12 21:00:00+01:00,678.0
2019-12-12 22:00:00+01:00,174.0
2019-12-12 23:00:00+01:00,233.0
2019-12-13 00:00:00+01:00,0.0
2019-12-13 01:00:00+01:00,0.0
2019-12-13 02:00:00+01:00,0.0
2019-12-13 03:00:00+01:00,0.0
2019-12-13 04:00:00+01:00,0.0
2019-12-13 05:00:00+01:00,0.0
2019-12-13 06:00:00+01:00,0.0
2019-12-13 07:00:00+01:00,0.0
2019-12-13 08:00:00+01:00,0.0
2019-12-13 09:00:00+01:00,0.0
2019-12-13 10:00:00+01:00,0.0
2019-12-13 11:00:00+01:00,0.0
2019-12-13 12:00:00+01:00,0.0
2019-12-13 13:00:00+01:00,0.0
2019-12-13 14:00:00+01:00,0.0
2019-12-13 15:00:00+01:00,0.0
2019-12-13 16:00:00+01:00,0.0
2019-12-13 17:00:00+01:00,0.0
2019-12-13 18:00:00+01:00,0.0
2019-12-13 19:00:00+01:00,0.0
2019-12-13 20:00:00+01:00,0.0
2019-12-13 21:00:00+01:00,136.0
2019-12-13 22:00:00+01:00,35.0
2019-12-13 23:00:00+01:00,0.0
2019-12-14 00:00:00+01:00,69.0
2019-12-14 01:00:00+01:00,201.0
2019-12-14 02:00:00+01:00,155.0
2019-12-14 03:00:00+01:00,148.0
2019-12-14 04:00:00+01:00,200.0
2019-12-14 05:00:00+01:00,317.0
2019-12-14 06:00:00+01:00,131.0
2019-12-14 07:00:00+01:00,181.0
2019-12-14 08:00:00+01:00,0.0
2019-12-14 09:00:00+01:00,0.0
2019-12-14 10:00:00+01:00,0.0
2019-12-14 11:00:00+01:00,42.0
2019-12-14 12:00:00+01:00,0.0
2019-12-14 13:00:00+01:00,0.0
2019-12-14 14:00:00+01:00,0.0
2019-12-14 15:00:00+01:00,0.0
2019-12-14 16:00:00+01:00,0.0
2019-12-14 17:00:00+01:00,0.0
2019-12-14 18:00:00+01:00,0.0
2019-12-14 19:00:00+01:00,0.0
2019-12-14 20:00:00+01:00,0.0
2019-12-14 21:00:00+01:00,0.0
2019-12-14 22:00:00+01:00,0.0
2019-12-14 23:00:00+01:00,0.0
2019-12-15 00:00:00+01:00,0.0
2019-12-15 01:00:00+01:00,0.0
2019-12-15 02:00:00+01:00,0.0
2019-12-15 03:00:00+01:00,0.0
2019-12-15 04:00:00+01:00,0.0
2019-12-15 05:00:00+01:00,0.0
2019-12-15 06:00:00+01:00,0.0
2019-12-15 07:00:00+01:00,0.0
2019-12-15 08:00:00+01:00,0.0
2019-12-15 09:00:00+01:00,0.0
2019-12-15 10:00:00+01:00,0.0
2019-12-15 11:00:00+01:00,0.0
2019-12-15 12:00:00+01:00,0.0
2019-12-15 13:00:00+01:00,0.0
2019-12-15 14:00:00+01:00,0.0
2019-12-15 15:00:00+01:00,0.0
2019-12-15 16:00:00+01:00,0.0
2019-12-15 17:00:00+01:00,0.0
2019-12-15 18:00:00+01:00,0.0
2019-12-15 19:00:00+01:00,0.0
2019-12-15 20:00:00+01:00,0.0
2019-12-15 21:00:00+01:00,0.0
2019-12-15 22:00:00+01:00,0.0
2019-12-15 23:00:00+01:00,0.0
2019-12-16 00:00:00+01:00,0.0
2019-12-16 01:00:00+01:00,0.0
2019-12-16 02:00:00+01:00,0.0
2019-12-16 03:00:00+01:00,0.0
2019-12-16 04:00:00+01:00,0.0
2019-12-16 05:00:00+01:00,0.0
2019-12-16 06:00:00+01:00,0.0
2019-12-16 07:00:00+01:00,0.0
2019-12-16 08:00:00+01:00,0.0
2019-12-16 09:00:00+01:00,0.0
2019-12-16 10:00:00+01:00,0.0
2019-12-16 11:00:00+01:00,0.0
2019-12-16 12:00:00+01:00,0.0
2019-12-16 13:00:00+01:00,0.0
2019-12-16 14:00:00+01:00,0.0
2019-12-16 15:00:00+01:00,0.0
2019-12-16 16:00:00+01:00,0.0
2019-12-16 17:00:00+01:00,0.0
2019-12-16 18:00:00+01:00,0.0
2019-12-16 19:00:00+01:00,0.0
2019-12-16 20:00:00+01:00,0.0
2019-12-16 21:00:00+01:00,0.0
2019-12-16 22:00:00+01:00,30.0
2019-12-16 23:00:00+01:00,563.0
2019-12-17 00:00:00+01:00,1.0
2019-12-17 01:00:00+01:00,579.0
2019-12-17 02:00:00+01:00,416.0
2019-12-17 03:00:00+01:00,513.0
2019-12-17 04:00:00+01:00,587.0
2019-12-17 05:00:00+01:00,101.0
2019-12-17 06:00:00+01:00,373.0
2019-12-17 07:00:00+01:00,47.0
2019-12-17 08:00:00+01:00,0.0
2019-12-17 09:00:00+01:00,0.0
2019-12-17 10:00:00+01:00,283.0
2019-12-17 11:00:00+01:00,688.0
2019-12-17 12:00:00+01:00,693.0
2019-12-17 13:00:00+01:00,701.0
2019-12-17 14:00:00+01:00,701.0
2019-12-17 15:00:00+01:00,702.0
2019-12-17 16:00:00+01:00,701.0
2019-12-17 17:00:00+01:00,699.0
2019-12-17 18:00:00+01:00,643.0
2019-12-17 19:00:00+01:00,573.0
2019-12-17 20:00:00+01:00,171.0
2019-12-17 21:00:00+01:00,118.0
2019-12-17 22:00:00+01:00,0.0
2019-12-17 23:00:00+01:00,0.0
2019-12-18 00:00:00+01:00,0.0
2019-12-18 01:00:00+01:00,0.0
2019-12-18 02:00:00+01:00,0.0
2019-12-18 03:00:00+01:00,0.0
2019-12-18 04:00:00+01:00,0.0
2019-12-18 05:00:00+01:00,0.0
2019-12-18 06:00:00+01:00,0.0
2019-12-18 07:00:00+01:00,0.0
2019-12-18 08:00:00+01:00,0.0
2019-12-18 09:00:00+01:00,0.0
2019-12-18 10:00:00+01:00,0.0
2019-12-18 11:00:00+01:00,0.0
2019-12-18 12:00:00+01:00,0.0
2019-12-18 13:00:00+01:00,0.0
2019-12-18 14:00:00+01:00,134.0
2019-12-18 15:00:00+01:00,0.0
2019-12-18 16:00:00+01:00,0.0
2019-12-18 17:00:00+01:00,169.0
2019-12-18 18:00:00+01:00,289.0
2019-12-18 19:00:00+01:00,488.0
2019-12-18 20:00:00+01:00,439.0
2019-12-18 21:00:00+01:00,114.0
2019-12-18 22:00:00+01:00,477.0
2019-12-18 23:00:00+01:00,553.0
2019-12-19 00:00:00+01:00,575.0
2019-12-19 01:00:00+01:00,688.0
2019-12-19 02:00:00+01:00,702.0
2019-12-19 03:00:00+01:00,695.0
2019-12-19 04:00:00+01:00,539.0
2019-12-19 05:00:00+01:00,241.0
2019-12-19 06:00:00+01:00,496.0
2019-12-19 07:00:00+01:00,0.0
2019-12-19 08:00:00+01:00,0.0
2019-12-19 09:00:00+01:00,0.0
2019-12-19 10:00:00+01:00,0.0
2019-12-19 11:00:00+01:00,0.0
2019-12-19 12:00:00+01:00,0.0
2019-12-19 13:00:00+01:00,437.0
2019-12-19 14:00:00+01:00,319.0
2019-12-19 15:00:00+01:00,287.0
2019-12-19 16:00:00+01:00,0.0
2019-12-19 17:00:00+01:00,0.0
2019-12-19 18:00:00+01:00,0.0
2019-12-19 19:00:00+01:00,0.0
2019-12-19 20:00:00+01:00,90.0
2019-12-19 21:00:00+01:00,0.0
2019-12-19 22:00:00+01:00,0.0
2019-12-19 23:00:00+01:00,0.0
2019-12-20 00:00:00+01:00,0.0
2019-12-20 01:00:00+01:00,214.0
2019-12-20 02:00:00+01:00,0.0
2019-12-20 03:00:00+01:00,552.0
2019-12-20 04:00:00+01:00,545.0
2019-12-20 05:00:00+01:00,195.0
2019-12-20 06:00:00+01:00,285.0
2019-12-20 07:00:00+01:00,0.0
2019-12-20 08:00:00+01:00,0.0
2019-12-20 09:00:00+01:00,0.0
2019-12-20 10:00:00+01:00,0.0
2019-12-20 11:00:00+01:00,0.0
2019-12-20 12:00:00+01:00,0.0
2019-12-20 13:00:00+01:00,0.0
2019-12-20 14:00:00+01:00,0.0
2019-12-20 15:00:00+01:00,0.0
2019-12-20 16:00:00+01:00,0.0
2019-12-20 17:00:00+01:00,0.0
2019-12-20 18:00:00+01:00,0.0
2019-12-20 19:00:00+01:00,0.0
2019-12-20 20:00:00+01:00,0.0
2019-12-20 21:00:00+01:00,0.0
2019-12-20 22:00:00+01:00,0.0
2019-12-20 23:00:00+01:00,0.0
2019-12-21 00:00:00+01:00,0.0
2019-12-21 01:00:00+01:00,0.0
2019-12-21 02:00:00+01:00,0.0
2019-12-21 03:00:00+01:00,0.0
2019-12-21 04:00:00+01:00,0.0
2019-12-21 05:00:00+01:00,0.0
2019-12-21 06:00:00+01:00,262.0
2019-12-21 07:00:00+01:00,0.0
2019-12-21 08:00:00+01:00,649.0
2019-12-21 09:00:00+01:00,696.0
2019-12-21 10:00:00+01:00,565.0
2019-12-21 11:00:00+01:00,368.0
2019-12-21 12:00:00+01:00,701.0
2019-12-21 13:00:00+01:00,693.0
2019-12-21 14:00:00+01:00,701.0
2019-12-21 15:00:00+01:00,698.0
2019-12-21 16:00:00+01:00,690.0
2019-12-21 17:00:00+01:00,697.0
2019-12-21 18:00:00+01:00,674.0
2019-12-21 19:00:00+01:00,88.0
2019-12-21 20:00:00+01:00,689.0
2019-12-21 21:00:00+01:00,601.0
2019-12-21 22:00:00+01:00,699.0
2019-12-21 23:00:00+01:00,648.0
2019-12-22 00:00:00+01:00,608.0
2019-12-22 01:00:00+01:00,702.0
2019-12-22 02:00:00+01:00,695.0
2019-12-22 03:00:00+01:00,563.0
2019-12-22 04:00:00+01:00,617.0
2019-12-22 05:00:00+01:00,698.0
2019-12-22 06:00:00+01:00,701.0
2019-12-22 07:00:00+01:00,702.0
2019-12-22 08:00:00+01:00,673.0
2019-12-22 09:00:00+01:00,0.0
2019-12-22 10:00:00+01:00,0.0
2019-12-22 11:00:00+01:00,0.0
2019-12-22 12:00:00+01:00,202.0
2019-12-22 13:00:00+01:00,535.0
2019-12-22 14:00:00+01:00,287.0
2019-12-22 15:00:00+01:00,0.0
2019-12-22 16:00:00+01:00,56.0
2019-12-22 17:00:00+01:00,0.0
2019-12-22 18:00:00+01:00,0.0
2019-12-22 19:00:00+01:00,0.0
2019-12-22 20:00:00+01:00,444.0
2019-12-22 21:00:00+01:00,366.0
2019-12-22 22:00:00+01:00,701.0
2019-12-22 23:00:00+01:00,698.0
2019-12-23 00:00:00+01:00,688.0
2019-12-23 01:00:00+01:00,391.0
2019-12-23 02:00:00+01:00,352.0
2019-12-23 03:00:00+01:00,331.0
2019-12-23 04:00:00+01:00,399.0
2019-12-23 05:00:00+01:00,694.0
2019-12-23 06:00:00+01:00,531.0
2019-12-23 07:00:00+01:00,671.0
2019-12-23 08:00:00+01:00,0.0
2019-12-23 09:00:00+01:00,0.0
2019-12-23 10:00:00+01:00,0.0
2019-12-23 11:00:00+01:00,59.0
2019-12-23 12:00:00+01:00,56.0
2019-12-23 13:00:00+01:00,496.0
2019-12-23 14:00:00+01:00,691.0
2019-12-23 15:00:00+01:00,410.0
2019-12-23 16:00:00+01:00,0.0
2019-12-23 17:00:00+01:00,0.0
2019-12-23 18:00:00+01:00,0.0
2019-12-23 19:00:00+01:00,0.0
2019-12-23 20:00:00+01:00,0.0
2019-12-23 21:00:00+01:00,5.0
2019-12-23 22:00:00+01:00,504.0
2019-12-23 23:00:00+01:00,84.0
2019-12-24 00:00:00+01:00,0.0
2019-12-24 01:00:00+01:00,0.0
2019-12-24 02:00:00+01:00,0.0
2019-12-24 03:00:00+01:00,86.0
2019-12-24 04:00:00+01:00,394.0
2019-12-24 05:00:00+01:00,366.0
2019-12-24 06:00:00+01:00,148.0
2019-12-24 07:00:00+01:00,190.0
2019-12-24 08:00:00+01:00,154.0
2019-12-24 09:00:00+01:00,28.0
2019-12-24 10:00:00+01:00,539.0
2019-12-24 11:00:00+01:00,702.0
2019-12-24 12:00:00+01:00,699.0
2019-12-24 13:00:00+01:00,638.0
2019-12-24 14:00:00+01:00,682.0
2019-12-24 15:00:00+01:00,279.0
2019-12-24 16:00:00+01:00,84.0
2019-12-24 17:00:00+01:00,0.0
2019-12-24 18:00:00+01:00,561.0
2019-12-24 19:00:00+01:00,702.0
2019-12-24 20:00:00+01:00,702.0
2019-12-24 21:00:00+01:00,702.0
2019-12-24 22:00:00+01:00,702.0
2019-12-24 23:00:00+01:00,702.0
2019-12-25 00:00:00+01:00,702.0
2019-12-25 01:00:00+01:00,702.0
2019-12-25 02:00:00+01:00,702.0
2019-12-25 03:00:00+01:00,702.0
2019-12-25 04:00:00+01:00,702.0
2019-12-25 05:00:00+01:00,702.0
2019-12-25 06:00:00+01:00,702.0
2019-12-25 07:00:00+01:00,700.0
2019-12-25 08:00:00+01:00,657.0
2019-12-25 09:00:00+01:00,694.0
2019-12-25 10:00:00+01:00,495.0
2019-12-25 11:00:00+01:00,174.0
2019-12-25 12:00:00+01:00,702.0
2019-12-25 13:00:00+01:00,700.0
2019-12-25 14:00:00+01:00,644.0
2019-12-25 15:00:00+01:00,25.0
2019-12-25 16:00:00+01:00,0.0
2019-12-25 17:00:00+01:00,0.0
2019-12-25 18:00:00+01:00,0.0
2019-12-25 19:00:00+01:00,0.0
2019-12-25 20:00:00+01:00,0.0
2019-12-25 21:00:00+01:00,0.0
2019-12-25 22:00:00+01:00,0.0
2019-12-25 23:00:00+01:00,178.0
2019-12-26 00:00:00+01:00,0.0
2019-12-26 01:00:00+01:00,0.0
2019-12-26 02:00:00+01:00,288.0
2019-12-26 03:00:00+01:00,188.0
2019-12-26 04:00:00+01:00,471.0
2019-12-26 05:00:00+01:00,702.0
2019-12-26 06:00:00+01:00,702.0
2019-12-26 07:00:00+01:00,702.0
2019-12-26 08:00:00+01:00,702.0
2019-12-26 09:00:00+01:00,702.0
2019-12-26 10:00:00+01:00,693.0
2019-12-26 11:00:00+01:00,493.0
2019-12-26 12:00:00+01:00,702.0
2019-12-26 13:00:00+01:00,702.0
2019-12-26 14:00:00+01:00,702.0
2019-12-26 15:00:00+01:00,702.0
2019-12-26 16:00:00+01:00,691.0
2019-12-26 17:00:00+01:00,421.0
2019-12-26 18:00:00+01:00,0.0
2019-12-26 19:00:00+01:00,0.0
2019-12-26 20:00:00+01:00,46.0
2019-12-26 21:00:00+01:00,702.0
2019-12-26 22:00:00+01:00,702.0
2019-12-26 23:00:00+01:00,702.0
2019-12-27 00:00:00+01:00,702.0
2019-12-27 01:00:00+01:00,702.0
2019-12-27 02:00:00+01:00,702.0
2019-12-27 03:00:00+01:00,702.0
2019-12-27 04:00:00+01:00,702.0
2019-12-27 05:00:00+01:00,698.0
2019-12-27 06:00:00+01:00,630.0
2019-12-27 07:00:00+01:00,702.0
2019-12-27 08:00:00+01:00,702.0
2019-12-27 09:00:00+01:00,700.0
2019-12-27 10:00:00+01:00,647.0
2019-12-27 11:00:00+01:00,453.0
2019-12-27 12:00:00+01:00,564.0
2019-12-27 13:00:00+01:00,581.0
2019-12-27 14:00:00+01:00,656.0
2019-12-27 15:00:00+01:00,695.0
2019-12-27 16:00:00+01:00,658.0
2019-12-27 17:00:00+01:00,493.0
2019-12-27 18:00:00+01:00,109.0
2019-12-27 19:00:00+01:00,0.0
2019-12-27 20:00:00+01:00,0.0
2019-12-27 21:00:00+01:00,221.0
2019-12-27 22:00:00+01:00,382.0
2019-12-27 23:00:00+01:00,446.0
2019-12-28 00:00:00+01:00,702.0
2019-12-28 01:00:00+01:00,694.0
2019-12-28 02:00:00+01:00,653.0
2019-12-28 03:00:00+01:00,702.0
2019-12-28 04:00:00+01:00,702.0
2019-12-28 05:00:00+01:00,699.0
2019-12-28 06:00:00+01:00,655.0
2019-12-28 07:00:00+01:00,670.0
2019-12-28 08:00:00+01:00,689.0
2019-12-28 09:00:00+01:00,621.0
2019-12-28 10:00:00+01:00,0.0
2019-12-28 11:00:00+01:00,60.0
2019-12-28 12:00:00+01:00,0.0
2019-12-28 13:00:00+01:00,0.0
2019-12-28 14:00:00+01:00,0.0
2019-12-28 15:00:00+01:00,0.0
2019-12-28 16:00:00+01:00,0.0
2019-12-28 17:00:00+01:00,0.0
2019-12-28 18:00:00+01:00,0.0
2019-12-28 19:00:00+01:00,0.0
2019-12-28 20:00:00+01:00,0.0
2019-12-28 21:00:00+01:00,0.0
2019-12-28 22:00:00+01:00,0.0
2019-12-28 23:00:00+01:00,0.0
2019-12-29 00:00:00+01:00,0.0
2019-12-29 01:00:00+01:00,0.0
2019-12-29 02:00:00+01:00,0.0
2019-12-29 03:00:00+01:00,0.0
2019-12-29 04:00:00+01:00,0.0
2019-12-29 05:00:00+01:00,0.0
2019-12-29 06:00:00+01:00,0.0
2019-12-29 07:00:00+01:00,0.0
2019-12-29 08:00:00+01:00,0.0
2019-12-29 09:00:00+01:00,0.0
2019-12-29 10:00:00+01:00,0.0
2019-12-29 11:00:00+01:00,0.0
2019-12-29 12:00:00+01:00,0.0
2019-12-29 13:00:00+01:00,0.0
2019-12-29 14:00:00+01:00,0.0
2019-12-29 15:00:00+01:00,0.0
2019-12-29 16:00:00+01:00,0.0
2019-12-29 17:00:00+01:00,0.0
2019-12-29 18:00:00+01:00,0.0
2019-12-29 19:00:00+01:00,0.0
2019-12-29 20:00:00+01:00,0.0
2019-12-29 21:00:00+01:00,0.0
2019-12-29 22:00:00+01:00,0.0
2019-12-29 23:00:00+01:00,0.0
2019-12-30 00:00:00+01:00,0.0
2019-12-30 01:00:00+01:00,0.0
2019-12-30 02:00:00+01:00,0.0
2019-12-30 03:00:00+01:00,0.0
2019-12-30 04:00:00+01:00,0.0
2019-12-30 05:00:00+01:00,0.0
2019-12-30 06:00:00+01:00,0.0
2019-12-30 07:00:00+01:00,0.0
2019-12-30 08:00:00+01:00,0.0
2019-12-30 09:00:00+01:00,0.0
2019-12-30 10:00:00+01:00,0.0
2019-12-30 11:00:00+01:00,0.0
2019-12-30 12:00:00+01:00,0.0
2019-12-30 13:00:00+01:00,0.0
2019-12-30 14:00:00+01:00,0.0
2019-12-30 15:00:00+01:00,0.0
2019-12-30 16:00:00+01:00,0.0
2019-12-30 17:00:00+01:00,0.0
2019-12-30 18:00:00+01:00,0.0
2019-12-30 19:00:00+01:00,0.0
2019-12-30 20:00:00+01:00,0.0
2019-12-30 21:00:00+01:00,0.0
2019-12-30 22:00:00+01:00,0.0
2019-12-30 23:00:00+01:00,0.0
2019-12-31 00:00:00+01:00,0.0
2019-12-31 01:00:00+01:00,0.0
2019-12-31 02:00:00+01:00,0.0
2019-12-31 03:00:00+01:00,0.0
2019-12-31 04:00:00+01:00,0.0
2019-12-31 05:00:00+01:00,0.0
2019-12-31 06:00:00+01:00,0.0
2019-12-31 07:00:00+01:00,0.0
2019-12-31 08:00:00+01:00,0.0
2019-12-31 09:00:00+01:00,0.0
2019-12-31 10:00:00+01:00,0.0
2019-12-31 11:00:00+01:00,0.0
2019-12-31 12:00:00+01:00,0.0
2019-12-31 13:00:00+01:00,0.0
2019-12-31 14:00:00+01:00,0.0
2019-12-31 15:00:00+01:00,0.0
2019-12-31 16:00:00+01:00,0.0
2019-12-31 17:00:00+01:00,0.0
2019-12-31 18:00:00+01:00,0.0
2019-12-31 19:00:00+01:00,0.0
2019-12-31 20:00:00+01:00,0.0
2019-12-31 21:00:00+01:00,0.0
2019-12-31 22:00:00+01:00,0.0
2019-12-31 23:00:00+01:00,0.0
