name,bus0,bus1,bus2,bus3,bus4,type,carrier,efficiency,efficiency2,efficiency3,efficiency4,active,build_year,lifetime,p_nom,p_nom_mod,p_nom_extendable,p_nom_min,p_nom_max,p_nom_set,p_set,p_init,p_min_pu,p_max_pu,capital_cost,overnight_cost,discount_rate,fom_cost,marginal_cost,marginal_cost_quadratic,stand_by_cost,length,terrain_factor,committable,start_up_cost,shut_down_cost,min_up_time,min_down_time,up_time_before,down_time_before,ramp_limit_up,ramp_limit_down,ramp_limit_start_up,ramp_limit_shut_down,delay,delay2,delay3,delay4,cyclic_delay,cyclic_delay2,cyclic_delay3,cyclic_delay4,p_nom_opt,geometry,tags,under_construction,underground,underwater_fraction,length_original,reversed
DE1 0 co2 sequestered,DE1 0 co2 stored,DE1 0 co2 sequestered,,,,,co2 sequestered,1.0,1.0,1.0,1.0,True,0,inf,0.0,0.0,True,0.0,inf,,,,0.0,1.0,0.0,,,0.0,0.009048296811567545,0.0,0.0,0.0,1.0,False,0.0,0.0,0,0,1,0,,,,,0,0,0,0,True,True,True,True,0.24255298540178882,,,,,,0.0,False
DE1 0 OCGT-2030,DE1 0 gas,DE1 0,co2 atmosphere,,,,OCGT,0.41,0.198,1.0,1.0,True,2030,25.0,0.0,0.0,True,0.0,inf,,,,0.0,1.0,19564.65493111743,,,0.0,1.9631378336751626,0.0,0.0,0.0,1.0,False,0.0,0.0,0,0,1,0,,,,,0,0,0,0,True,True,True,True,38037.94974453639,,,,,,0.0,False
DE1 0 CCGT-2030,DE1 0 gas,DE1 0,co2 atmosphere,,,,CCGT,0.58,0.198,1.0,1.0,True,2030,25.0,0.0,0.0,True,0.0,inf,,,,0.0,1.0,60777.05205432785,,,0.0,2.5880353645656173,0.0,0.0,0.0,1.0,False,0.0,0.0,0,0,1,0,,,,,0,0,0,0,True,True,True,True,3040.634271242809,,,,,,0.0,False
DE1 0 nuclear-2030,EU uranium,DE1 0,co2 atmosphere,,,,nuclear,0.326,0.0,1.0,1.0,True,2030,40.0,0.0,0.0,True,0.0,inf,,,,0.0,1.0,245733.6541868906,,,0.0,1.1652076322491172,0.0,0.0,0.0,1.0,False,0.0,0.0,0,0,1,0,,,,,0,0,0,0,True,True,True,True,0.044911793090517724,,,,,,0.0,False
DE1 0 H2 Electrolysis-2030,DE1 0,DE1 0 H2,,,,,H2 Electrolysis,0.6217,1.0,1.0,1.0,True,2030,25.0,0.0,0.0,True,0.0,inf,,,,0.0,1.0,69195.78447136609,,,0.0,0.010296899423818095,0.0,0.0,0.0,1.0,False,0.0,0.0,0,0,1,0,,,,,0,0,0,0,True,True,True,True,0.1385931828605663,,,,,,0.0,False
DE1 0 H2 Fuel Cell-2030,DE1 0 H2,DE1 0,DE1 0 urban central heat,,,,H2 Fuel Cell,0.5,0.44999999999999996,1.0,1.0,True,2030,10.0,0.0,0.0,True,0.0,inf,,,,0.0,1.0,111967.91965463593,,,0.0,0.009574206579450992,0.0,0.0,0.0,1.0,False,0.0,0.0,0,0,1,0,,,,,0,0,0,0,True,True,True,True,0.08363588979514454,,,,,,0.0,False
DE1 0 H2 turbine-2030,DE1 0 H2,DE1 0,,,,,H2 turbine,0.397,1.0,1.0,1.0,True,2030,25.0,0.0,0.0,True,0.0,inf,,,,0.0,1.0,31505.081502453184,,,0.0,6.771444314124969,0.0,0.0,0.0,1.0,False,0.0,0.0,0,0,1,0,,,,,0,0,0,0,True,True,True,True,0.3096128072772637,,,,,,0.0,False
DE1 0 battery charger-2030,DE1 0,DE1 0 battery,,,,,battery charger,0.9797958971132712,1.0,1.0,1.0,True,2030,10.0,0.0,0.0,True,0.0,inf,,,,0.0,1.0,24678.157875535107,,,0.0,0.0102558436977912,0.0,0.0,0.0,1.0,False,0.0,0.0,0,0,1,0,,,,,0,0,0,0,True,True,True,True,1743.2805734763267,,,,,,0.0,False
DE1 0 battery discharger-2030,DE1 0 battery,DE1 0,,,,,battery discharger,0.9797958971132712,1.0,1.0,1.0,True,2030,10.0,0.0,0.0,True,0.0,inf,,,,0.0,1.0,0.0,,,0.0,0.010020752740695167,0.0,0.0,0.0,1.0,False,0.0,0.0,0,0,1,0,,,,,0,0,0,0,True,True,True,True,1779.2282848019254,,,,,,0.0,False
DE1 0 Sabatier-2030,DE1 0 H2,DE1 0 gas,DE1 0 co2 stored,,,,Sabatier,0.8,-0.1584,1.0,1.0,True,2030,20.0,0.0,0.0,True,0.0,inf,,,,0.3,1.0,67651.68975151317,,,0.0,0.009771486964873436,0.0,0.0,0.0,1.0,False,0.0,0.0,0,0,1,0,,,,,0,0,0,0,True,True,True,True,0.07299986714576487,,,,,,0.0,False
DE1 0 SMR CC-2030,DE1 0 gas,DE1 0 H2,co2 atmosphere,DE1 0 co2 stored,,,SMR CC,0.69,0.019799999999999998,0.17820000000000003,1.0,True,2030,30.0,0.0,0.0,True,0.0,inf,,,,0.0,1.0,79103.13403637432,,,0.0,0.010751542421087706,0.0,0.0,0.0,1.0,False,0.0,0.0,0,0,1,0,,,,,0,0,0,0,True,True,True,True,0.19904382944452062,,,,,,0.0,False
DE1 0 SMR-2030,DE1 0 gas,DE1 0 H2,co2 atmosphere,,,,SMR,0.76,0.198,1.0,1.0,True,2030,30.0,0.0,0.0,True,0.0,inf,,,,0.0,1.0,68192.35692475682,,,0.0,0.009883758542931718,0.0,0.0,0.0,1.0,False,0.0,0.0,0,0,1,0,,,,,0,0,0,0,True,True,True,True,10590.132830928289,,,,,,0.0,False
DE1 0 EV charger,DE1 0 low voltage,DE1 0 EV battery,,,,,EV charger,0.9,1.0,1.0,1.0,True,0,inf,148734.9897,0.0,False,0.0,inf,,,,0.0,1.0,0.0,,,0.0,0.010296326246411549,0.0,0.0,0.0,1.0,False,0.0,0.0,0,0,1,0,,,,,0,0,0,0,True,True,True,True,148734.9897,,,,,,0.0,False
DE1 0 V2G,DE1 0 EV battery,DE1 0 low voltage,,,,,V2G,0.9,1.0,1.0,1.0,True,0,inf,148734.9897,0.0,False,0.0,inf,,,,0.0,1.0,0.0,,,0.0,0.010466255790805163,0.0,0.0,0.0,1.0,False,0.0,0.0,0,0,1,0,,,,,0,0,0,0,True,True,True,True,148734.9897,,,,,,0.0,False
DE1 0 land transport oil,DE1 0 oil,DE1 0 land transport oil,co2 atmosphere,,,,land transport oil,1.0,0.2571,1.0,1.0,True,0,inf,0.0,0.0,True,0.0,inf,,,,0.0,1.0,0.0,,,0.0,0.010585302721452949,0.0,0.0,0.0,1.0,False,0.0,0.0,0,0,1,0,,,,,0,0,0,0,True,True,True,True,101910.5744532161,,,,,,0.0,False
DE1 0 residential rural ground heat pump-2030,DE1 0 low voltage,DE1 0 residential rural heat,,,,,residential rural ground heat pump,1.0,1.0,1.0,1.0,True,2030,20.0,0.0,0.0,True,0.0,inf,,,,0.0,1.0,685285.739303083,,,0.0,0.010051423082540296,0.0,0.0,0.0,1.0,False,0.0,0.0,0,0,1,0,,,,,0,0,0,0,True,True,True,True,709.827805460237,,,,,,0.0,False
DE1 0 residential rural air heat pump-2030,DE1 0 low voltage,DE1 0 residential rural heat,,,,,residential rural air heat pump,1.0,1.0,1.0,1.0,True,2030,18.0,0.0,0.0,True,0.0,inf,,,,0.0,1.0,464475.86492974695,,,0.0,0.010402719602036465,0.0,0.0,0.0,1.0,False,0.0,0.0,0,0,1,0,,,,,0,0,0,0,True,True,True,True,0.059946318516639736,,,,,,0.0,False
DE1 0 residential rural water tanks charger,DE1 0 residential rural heat,DE1 0 residential rural water tanks,,,,,residential rural water tanks charger,0.8367,1.0,1.0,1.0,True,0,inf,0.0,0.0,True,0.0,inf,,,,0.0,1.0,0.0,,,0.0,0.009914363455392532,0.0,0.0,0.0,1.0,False,0.0,0.0,0,0,1,0,,,,,0,0,0,0,True,True,True,True,1736.5911504519354,,,,,,0.0,False
DE1 0 residential rural water tanks discharger,DE1 0 residential rural water tanks,DE1 0 residential rural heat,,,,,residential rural water tanks discharger,0.8367,1.0,1.0,1.0,True,0,inf,0.0,0.0,True,0.0,inf,,,,0.0,1.0,0.0,,,0.0,0.009950935574982233,0.0,0.0,0.0,1.0,False,0.0,0.0,0,0,1,0,,,,,0,0,0,0,True,True,True,True,1435.8122946503383,,,,,,0.0,False
DE1 0 residential rural resistive heater-2030,DE1 0 low voltage,DE1 0 residential rural heat,,,,,residential rural resistive heater,0.9,1.0,1.0,1.0,True,2030,20.0,0.0,0.0,True,0.0,inf,,,,0.0,1.0,79054.77447986482,,,0.0,0.010817683592256662,0.0,0.0,0.0,1.0,False,0.0,0.0,0,0,1,0,,,,,0,0,0,0,True,True,True,True,162.32681278304506,,,,,,0.0,False
DE1 0 residential rural gas boiler-2030,DE1 0 gas,DE1 0 residential rural heat,co2 atmosphere,,,,residential rural gas boiler,0.98,0.198,1.0,1.0,True,2030,20.0,0.0,0.0,True,0.0,inf,,,,0.0,1.0,97846.11056504669,,,0.0,0.010761214284353187,0.0,0.0,0.0,1.0,False,0.0,0.0,0,0,1,0,,,,,0,0,0,0,True,True,True,True,16648.487794215027,,,,,,0.0,False
DE1 0 services rural ground heat pump-2030,DE1 0 low voltage,DE1 0 services rural heat,,,,,services rural ground heat pump,1.0,1.0,1.0,1.0,True,2030,20.0,0.0,0.0,True,0.0,inf,,,,0.0,1.0,685285.739303083,,,0.0,0.009933619754923958,0.0,0.0,0.0,1.0,False,0.0,0.0,0,0,1,0,,,,,0,0,0,0,True,True,True,True,596.323318388036,,,,,,0.0,False
DE1 0 services rural air heat pump-2030,DE1 0 low voltage,DE1 0 services rural heat,,,,,services rural air heat pump,1.0,1.0,1.0,1.0,True,2030,18.0,0.0,0.0,True,0.0,inf,,,,0.0,1.0,464475.86492974695,,,0.0,0.009672459789535308,0.0,0.0,0.0,1.0,False,0.0,0.0,0,0,1,0,,,,,0,0,0,0,True,True,True,True,0.060107354475329666,,,,,,0.0,False
DE1 0 services rural water tanks charger,DE1 0 services rural heat,DE1 0 services rural water tanks,,,,,services rural water tanks charger,0.8367,1.0,1.0,1.0,True,0,inf,0.0,0.0,True,0.0,inf,,,,0.0,1.0,0.0,,,0.0,0.010889555664421255,0.0,0.0,0.0,1.0,False,0.0,0.0,0,0,1,0,,,,,0,0,0,0,True,True,True,True,96.83975643830247,,,,,,0.0,False
DE1 0 services rural water tanks discharger,DE1 0 services rural water tanks,DE1 0 services rural heat,,,,,services rural water tanks discharger,0.8367,1.0,1.0,1.0,True,0,inf,0.0,0.0,True,0.0,inf,,,,0.0,1.0,0.0,,,0.0,0.009907979628825307,0.0,0.0,0.0,1.0,False,0.0,0.0,0,0,1,0,,,,,0,0,0,0,True,True,True,True,61.16894909764102,,,,,,0.0,False
DE1 0 services rural resistive heater-2030,DE1 0 low voltage,DE1 0 services rural heat,,,,,services rural resistive heater,0.9,1.0,1.0,1.0,True,2030,20.0,0.0,0.0,True,0.0,inf,,,,0.0,1.0,79054.77447986482,,,0.0,0.010617252229451,0.0,0.0,0.0,1.0,False,0.0,0.0,0,0,1,0,,,,,0,0,0,0,True,True,True,True,897.2977150218692,,,,,,0.0,False
DE1 0 services rural gas boiler-2030,DE1 0 gas,DE1 0 services rural heat,co2 atmosphere,,,,services rural gas boiler,0.98,0.198,1.0,1.0,True,2030,20.0,0.0,0.0,True,0.0,inf,,,,0.0,1.0,97846.11056504669,,,0.0,0.009326675382672766,0.0,0.0,0.0,1.0,False,0.0,0.0,0,0,1,0,,,,,0,0,0,0,True,True,True,True,7196.755141925667,,,,,,0.0,False
DE1 0 residential urban decentral air heat pump-2030,DE1 0 low voltage,DE1 0 residential urban decentral heat,,,,,residential urban decentral air heat pump,1.0,1.0,1.0,1.0,True,2030,18.0,0.0,0.0,True,0.0,inf,,,,0.0,1.0,464475.86492974695,,,0.0,0.010315334886150317,0.0,0.0,0.0,1.0,False,0.0,0.0,0,0,1,0,,,,,0,0,0,0,True,True,True,True,31.04901550988348,,,,,,0.0,False
DE1 0 residential urban decentral water tanks charger,DE1 0 residential urban decentral heat,DE1 0 residential urban decentral water tanks,,,,,residential urban decentral water tanks charger,0.8367,1.0,1.0,1.0,True,0,inf,0.0,0.0,True,0.0,inf,,,,0.0,1.0,0.0,,,0.0,0.010904977735578927,0.0,0.0,0.0,1.0,False,0.0,0.0,0,0,1,0,,,,,0,0,0,0,True,True,True,True,3331.119022937906,,,,,,0.0,False
DE1 0 residential urban decentral water tanks discharger,DE1 0 residential urban decentral water tanks,DE1 0 residential urban decentral heat,,,,,residential urban decentral water tanks discharger,0.8367,1.0,1.0,1.0,True,0,inf,0.0,0.0,True,0.0,inf,,,,0.0,1.0,0.0,,,0.0,0.010540338347987385,0.0,0.0,0.0,1.0,False,0.0,0.0,0,0,1,0,,,,,0,0,0,0,True,True,True,True,2751.6262976232933,,,,,,0.0,False
DE1 0 residential urban decentral resistive heater-2030,DE1 0 low voltage,DE1 0 residential urban decentral heat,,,,,residential urban decentral resistive heater,0.9,1.0,1.0,1.0,True,2030,20.0,0.0,0.0,True,0.0,inf,,,,0.0,1.0,79054.77447986482,,,0.0,0.009528655958624116,0.0,0.0,0.0,1.0,False,0.0,0.0,0,0,1,0,,,,,0,0,0,0,True,True,True,True,3605.1258790309853,,,,,,0.0,False
DE1 0 residential urban decentral gas boiler-2030,DE1 0 gas,DE1 0 residential urban decentral heat,co2 atmosphere,,,,residential urban decentral gas boiler,0.98,0.198,1.0,1.0,True,2030,20.0,0.0,0.0,True,0.0,inf,,,,0.0,1.0,97846.11056504669,,,0.0,0.009542983672926917,0.0,0.0,0.0,1.0,False,0.0,0.0,0,0,1,0,,,,,0,0,0,0,True,True,True,True,40686.23450314016,,,,,,0.0,False
DE1 0 services urban decentral air heat pump-2030,DE1 0 low voltage,DE1 0 services urban decentral heat,,,,,services urban decentral air heat pump,1.0,1.0,1.0,1.0,True,2030,18.0,0.0,0.0,True,0.0,inf,,,,0.0,1.0,464475.86492974695,,,0.0,0.01099156350027056,0.0,0.0,0.0,1.0,False,0.0,0.0,0,0,1,0,,,,,0,0,0,0,True,True,True,True,0.2622407629608617,,,,,,0.0,False
DE1 0 services urban decentral water tanks charger,DE1 0 services urban decentral heat,DE1 0 services urban decentral water tanks,,,,,services urban decentral water tanks charger,0.8367,1.0,1.0,1.0,True,0,inf,0.0,0.0,True,0.0,inf,,,,0.0,1.0,0.0,,,0.0,0.01045408548789276,0.0,0.0,0.0,1.0,False,0.0,0.0,0,0,1,0,,,,,0,0,0,0,True,True,True,True,268.14896425167166,,,,,,0.0,False
DE1 0 services urban decentral water tanks discharger,DE1 0 services urban decentral water tanks,DE1 0 services urban decentral heat,,,,,services urban decentral water tanks discharger,0.8367,1.0,1.0,1.0,True,0,inf,0.0,0.0,True,0.0,inf,,,,0.0,1.0,0.0,,,0.0,0.010002379561585359,0.0,0.0,0.0,1.0,False,0.0,0.0,0,0,1,0,,,,,0,0,0,0,True,True,True,True,205.2871677258879,,,,,,0.0,False
DE1 0 services urban decentral resistive heater-2030,DE1 0 low voltage,DE1 0 services urban decentral heat,,,,,services urban decentral resistive heater,0.9,1.0,1.0,1.0,True,2030,20.0,0.0,0.0,True,0.0,inf,,,,0.0,1.0,79054.77447986482,,,0.0,0.010797425384864816,0.0,0.0,0.0,1.0,False,0.0,0.0,0,0,1,0,,,,,0,0,0,0,True,True,True,True,2963.4738008852337,,,,,,0.0,False
DE1 0 services urban decentral gas boiler-2030,DE1 0 gas,DE1 0 services urban decentral heat,co2 atmosphere,,,,services urban decentral gas boiler,0.98,0.198,1.0,1.0,True,2030,20.0,0.0,0.0,True,0.0,inf,,,,0.0,1.0,97846.11056504669,,,0.0,0.010101906550466512,0.0,0.0,0.0,1.0,False,0.0,0.0,0,0,1,0,,,,,0,0,0,0,True,True,True,True,17206.084446807923,,,,,,0.0,False
DE1 0 urban central air heat pump-2030,DE1 0 low voltage,DE1 0 urban central heat,,,,,urban central air heat pump,1.0,1.0,1.0,1.0,True,2030,25.0,0.0,0.0,True,0.0,inf,,,,0.0,1.0,316283.0357721848,,,0.0,0.00958903398814298,0.0,0.0,0.0,1.0,False,0.0,0.0,0,0,1,0,,,,,0,0,0,0,True,True,True,True,0.035643492939442474,,,,,,0.0,False
DE1 0 urban central water tanks charger,DE1 0 urban central heat,DE1 0 urban central water tanks,,,,,urban central water tanks charger,0.8367,1.0,1.0,1.0,True,0,inf,0.0,0.0,True,0.0,inf,,,,0.0,1.0,0.0,,,0.0,0.009489319574125271,0.0,0.0,0.0,1.0,False,0.0,0.0,0,0,1,0,,,,,0,0,0,0,True,True,True,True,13353.69235649366,,,,,,0.0,False
DE1 0 urban central water tanks discharger,DE1 0 urban central water tanks,DE1 0 urban central heat,,,,,urban central water tanks discharger,0.8367,1.0,1.0,1.0,True,0,inf,0.0,0.0,True,0.0,inf,,,,0.0,1.0,0.0,,,0.0,0.009503554141442206,0.0,0.0,0.0,1.0,False,0.0,0.0,0,0,1,0,,,,,0,0,0,0,True,True,True,True,17044.783777826826,,,,,,0.0,False
DE1 0 urban central resistive heater-2030,DE1 0 low voltage,DE1 0 urban central heat,,,,,urban central resistive heater,0.99,1.0,1.0,1.0,True,2030,20.0,0.0,0.0,True,0.0,inf,,,,0.0,1.0,7702.175148330644,,,0.0,0.01051212005825932,0.0,0.0,0.0,1.0,False,0.0,0.0,0,0,1,0,,,,,0,0,0,0,True,True,True,True,11377.351344242395,,,,,,0.0,False
DE1 0 urban central gas boiler-2030,DE1 0 gas,DE1 0 urban central heat,co2 atmosphere,,,,urban central gas boiler,1.04,0.198,1.0,1.0,True,2030,25.0,0.0,0.0,True,0.0,inf,,,,0.0,1.0,7494.287552425229,,,0.0,0.009492642007982445,0.0,0.0,0.0,1.0,False,0.0,0.0,0,0,1,0,,,,,0,0,0,0,True,True,True,True,7246.448166869306,,,,,,0.0,False
DE1 0 urban central gas CHP-2030,DE1 0 gas,DE1 0,DE1 0 urban central heat,co2 atmosphere,,,urban central gas CHP,0.41,0.41,0.198,1.0,True,2030,25.0,0.0,0.0,True,0.0,inf,,,,0.0,1.0,28919.11093124968,,,0.0,4.453727018156818,0.0,0.0,0.0,1.0,False,0.0,0.0,0,0,1,0,,,,,0,0,0,0,True,True,True,True,26078.456067395782,,,,,,0.0,False
DE1 0 urban central gas CHP CC-2030,DE1 0 gas,DE1 0,DE1 0 urban central heat,co2 atmosphere,DE1 0 co2 stored,,urban central gas CHP CC,0.38821999999999995,0.43772,0.019799999999999998,0.17820000000000003,True,2030,25.0,0.0,0.0,True,0.0,inf,,,,0.0,1.0,90831.4134374175,,,0.0,4.454608824263131,0.0,0.0,0.0,1.0,False,0.0,0.0,0,0,1,0,,,,,0,0,0,0,True,True,True,True,0.12110080367011096,,,,,,0.0,False
DE1 0 biogas to gas,DE1 0 biogas,DE1 0 gas,co2 atmosphere,,,,biogas to gas,1.0,-0.198,1.0,1.0,True,0,inf,0.0,0.0,True,0.0,inf,,,,0.0,1.0,209515.79321695745,,,0.0,3.6798116755653667,0.0,0.0,0.0,1.0,False,0.0,0.0,0,0,1,0,,,,,0,0,0,0,True,True,True,True,0.035630377215313105,,,,,,0.0,False
DE1 0 biogas to gas CC,DE1 0 biogas,DE1 0 gas,DE1 0 co2 stored,co2 atmosphere,,,biogas to gas CC,1.0,0.07812000000000001,-0.27612000000000003,1.0,True,0,inf,0.0,0.0,True,0.0,inf,,,,0.0,1.0,236657.14603279263,,,0.0,3.6810553100519376,0.0,0.0,0.0,1.0,False,0.0,0.0,0,0,1,0,,,,,0,0,0,0,True,True,True,True,0.03216997711852929,,,,,,0.0,False
DE1 0 urban central solid biomass CHP-2030,DE1 0 solid biomass,DE1 0,DE1 0 urban central heat,,,,urban central solid biomass CHP,0.2699,0.8245,1.0,1.0,True,2030,25.0,0.0,0.0,True,0.0,inf,,,,0.0,1.0,109510.43714662264,,,0.0,4.860974390409839,0.0,0.0,0.0,1.0,False,0.0,0.0,0,0,1,0,,,,,0,0,0,0,True,True,True,True,10386.23960119848,,,,,,0.0,False
DE1 0 urban central solid biomass CHP CC-2030,DE1 0 solid biomass,DE1 0,DE1 0 urban central heat,co2 atmosphere,DE1 0 co2 stored,,urban central solid biomass CHP CC,0.22956299999999996,0.875838,-0.33003000000000005,0.33003000000000005,True,2030,25.0,0.0,0.0,True,0.0,inf,,,,0.0,1.0,224173.27214163146,,,0.0,4.86073604223357,0.0,0.0,0.0,1.0,False,0.0,0.0,0,0,1,0,,,,,0,0,0,0,True,True,True,True,0.06562789745710082,,,,,,0.0,False
DE1 0 residential rural biomass boiler-2030,DE1 0 solid biomass,DE1 0 residential rural heat,,,,,residential rural biomass boiler,0.86,1.0,1.0,1.0,True,2030,20.0,0.0,0.0,True,0.0,inf,,,,0.0,1.0,110008.21646089929,,,0.0,9.009398316314666,0.0,0.0,0.0,1.0,False,0.0,0.0,0,0,1,0,,,,,0,0,0,0,True,True,True,True,0.6603113894753729,,,,,,0.0,False
DE1 0 services rural biomass boiler-2030,DE1 0 solid biomass,DE1 0 services rural heat,,,,,services rural biomass boiler,0.86,1.0,1.0,1.0,True,2030,20.0,0.0,0.0,True,0.0,inf,,,,0.0,1.0,110008.21646089929,,,0.0,9.010657054644389,0.0,0.0,0.0,1.0,False,0.0,0.0,0,0,1,0,,,,,0,0,0,0,True,True,True,True,0.6694606162522959,,,,,,0.0,False
DE1 0 residential urban decentral biomass boiler-2030,DE1 0 solid biomass,DE1 0 residential urban decentral heat,,,,,residential urban decentral biomass boiler,0.86,1.0,1.0,1.0,True,2030,20.0,0.0,0.0,True,0.0,inf,,,,0.0,1.0,110008.21646089929,,,0.0,9.009535964321232,0.0,0.0,0.0,1.0,False,0.0,0.0,0,0,1,0,,,,,0,0,0,0,True,True,True,True,1.5335406231073843,,,,,,0.0,False
DE1 0 services urban decentral biomass boiler-2030,DE1 0 solid biomass,DE1 0 services urban decentral heat,,,,,services urban decentral biomass boiler,0.86,1.0,1.0,1.0,True,2030,20.0,0.0,0.0,True,0.0,inf,,,,0.0,1.0,110008.21646089929,,,0.0,9.009623072339906,0.0,0.0,0.0,1.0,False,0.0,0.0,0,0,1,0,,,,,0,0,0,0,True,True,True,True,1.3263030499153243,,,,,,0.0,False
DE1 0 solid biomass biomass to liquid-2030,DE1 0 solid biomass,DE1 0 oil,co2 atmosphere,,,,biomass to liquid,0.3833,-0.09860000000000002,1.0,1.0,True,2030,25.0,0.0,0.0,True,0.0,inf,,,,0.0,1.0,350753.63520224707,,,0.0,0.442550197194699,0.0,0.0,0.0,1.0,False,0.0,0.0,0,0,1,0,,,,,0,0,0,0,True,True,True,True,0.028011297873031145,,,,,,0.0,False
DE1 0 solid biomass biomass to liquid CC-2030,DE1 0 solid biomass,DE1 0 oil,co2 atmosphere,DE1 0 co2 stored,,,biomass to liquid,0.3833,-0.33989,0.24129,1.0,True,2030,25.0,0.0,0.0,True,0.0,inf,,,,0.0,1.0,434585.39430277026,,,0.0,0.4432657503201342,0.0,0.0,0.0,1.0,False,0.0,0.0,0,0,1,0,,,,,0,0,0,0,True,True,True,True,0.022588952886958905,,,,,,0.0,False
DE1 0 solid biomass solid biomass to gas-2030,DE1 0 solid biomass,DE1 0 gas,,co2 atmosphere,,,BioSNG,0.63,1.0,-0.12480000000000002,1.0,True,2030,25.0,0.0,0.0,True,0.0,inf,,,,0.0,1.0,173862.5264199293,,,0.0,1.1483513642793495,0.0,0.0,0.0,1.0,False,0.0,0.0,0,0,1,0,,,,,0,0,0,0,True,True,True,True,0.05862446084952701,,,,,,0.0,False
DE1 0 solid biomass solid biomass to gas CC-2030,DE1 0 solid biomass,DE1 0 gas,DE1 0 co2 stored,co2 atmosphere,,,BioSNG,0.63,0.21771000000000001,-0.34251000000000004,1.0,True,2030,25.0,0.0,0.0,True,0.0,inf,,,,0.0,1.0,249501.8495322626,,,0.0,1.1498180214499383,0.0,0.0,0.0,1.0,False,0.0,0.0,0,0,1,0,,,,,0,0,0,0,True,True,True,True,0.04049217051871436,,,,,,0.0,False
DE1 0 Haber-Bosch-2030,DE1 0,EU NH3,DE1 0 H2,,,,Haber-Bosch,4.043671653861707,-4.643752527294784,1.0,1.0,True,2030,30.0,0.0,0.0,True,0.0,inf,,,,0.0,1.0,652881.6904272938,,,0.0,0.1013304841455274,0.0,0.0,0.0,1.0,False,0.0,0.0,0,0,1,0,,,,,0,0,0,0,True,True,True,True,0.04362599603458827,,,,,,0.0,False
DE1 0 ammonia cracker-2030,EU NH3,DE1 0 H2,,,,,ammonia cracker,0.684931506849315,1.0,1.0,1.0,True,2030,25.0,0.0,0.0,True,0.0,inf,,,,0.0,1.0,99161.63412037324,,,0.0,0.010309505288907833,0.0,0.0,0.0,1.0,False,0.0,0.0,0,0,1,0,,,,,0,0,0,0,True,True,True,True,0.057152360430509315,,,,,,0.0,False
DE1 0 solid biomass for industry,DE1 0 solid biomass,DE1 0 solid biomass for industry,,,,,solid biomass for industry,1.0,1.0,1.0,1.0,True,0,inf,0.0,0.0,True,0.0,inf,,,,0.0,1.0,0.0,,,0.0,0.00995683169665795,0.0,0.0,0.0,1.0,False,0.0,0.0,0,0,1,0,,,,,0,0,0,0,True,True,True,True,7809.346624630582,,,,,,0.0,False
DE1 0 solid biomass for industry CC-2030,DE1 0 solid biomass,DE1 0 solid biomass for industry,co2 atmosphere,DE1 0 co2 stored,,,solid biomass for industry CC,0.9,-0.33003000000000005,0.33003000000000005,1.0,True,2030,25.0,0.0,0.0,True,0.0,inf,,,,0.0,1.0,110416.063328527,,,0.0,0.009614509305031145,0.0,0.0,0.0,1.0,False,0.0,0.0,0,0,1,0,,,,,0,0,0,0,True,True,True,True,0.060421312181416435,,,,,,0.0,False
DE1 0 gas for industry,DE1 0 gas,DE1 0 gas for industry,co2 atmosphere,,,,gas for industry,1.0,0.198,1.0,1.0,True,0,inf,0.0,0.0,True,0.0,inf,,,,0.0,1.0,0.0,,,0.0,0.010115597320730437,0.0,0.0,0.0,1.0,False,0.0,0.0,0,0,1,0,,,,,0,0,0,0,True,True,True,True,24487.430263625218,,,,,,0.0,False
DE1 0 gas for industry CC-2030,DE1 0 gas,DE1 0 gas for industry,co2 atmosphere,DE1 0 co2 stored,,,gas for industry CC,0.9,0.019799999999999998,0.17820000000000003,1.0,True,2030,25.0,0.0,0.0,True,0.0,inf,,,,0.0,1.0,59619.25426519865,,,0.0,0.010325272837340414,0.0,0.0,0.0,1.0,False,0.0,0.0,0,0,1,0,,,,,0,0,0,0,True,True,True,True,0.09552594786784953,,,,,,0.0,False
DE1 0 methanolisation-2030,DE1 0 H2,EU methanol,DE1 0,DE1 0 co2 stored,,,methanolisation,0.8787,-0.23808491614056954,-0.21792614270479405,1.0,True,2030,20.0,0.0,0.0,True,0.0,inf,,,,0.3,1.0,76920.16040879975,,,0.0,0.009162401699772178,0.0,0.0,0.0,1.0,False,0.0,0.0,0,0,1,0,,,,,0,0,0,0,True,True,True,True,0.1212397040801512,,,,,,0.0,False
DE1 0 shipping methanol,EU methanol,DE1 0 shipping methanol,co2 atmosphere,,,,shipping methanol,1.0,0.24800972198110166,1.0,1.0,True,0,inf,0.0,0.0,True,0.0,inf,,,,0.0,1.0,0.0,,,0.0,0.009536248860622569,0.0,0.0,0.0,1.0,False,0.0,0.0,0,0,1,0,,,,,0,0,0,0,True,True,True,True,31.24844164884407,,,,,,0.0,False
DE1 0 shipping oil,DE1 0 oil,DE1 0 shipping oil,co2 atmosphere,,,,shipping oil,1.0,0.2571,1.0,1.0,True,0,inf,0.0,0.0,True,0.0,inf,,,,0.0,1.0,0.0,,,0.0,0.010336002590644608,0.0,0.0,0.0,1.0,False,0.0,0.0,0,0,1,0,,,,,0,0,0,0,True,True,True,True,646.8465283557142,,,,,,0.0,False
DE1 0 Fischer-Tropsch-2030,DE1 0 H2,DE1 0 oil,DE1 0 co2 stored,DE1 0 urban central heat,,,Fischer-Tropsch,0.799,-0.20542290000000002,0.1509999999999999,1.0,True,2030,20.0,0.0,0.0,True,0.0,inf,,,,0.7,1.0,69943.33466101172,,,0.0,3.5793147912412273,0.0,0.0,0.0,1.0,False,0.0,0.0,0,0,1,0,,,,,0,0,0,0,True,True,True,True,0.023248383642588355,,,,,,0.0,False
DE1 0 naphtha for industry,DE1 0 oil,DE1 0 naphtha for industry,co2 atmosphere,,,,naphtha for industry,1.0,0.2571,1.0,1.0,True,0,inf,0.0,0.0,True,0.0,inf,,,,0.0,1.0,0.0,,,0.0,0.009907455253400102,0.0,0.0,0.0,1.0,False,0.0,0.0,0,0,1,0,,,,,0,0,0,0,True,True,True,True,25388.127777260223,,,,,,0.0,False
DE1 0 kerosene for aviation,DE1 0 oil,DE1 0 kerosene for aviation,co2 atmosphere,,,,kerosene for aviation,1.0,0.2571,1.0,1.0,True,0,inf,0.0,0.0,True,0.0,inf,,,,0.0,1.0,0.0,,,0.0,0.009898703756627323,0.0,0.0,0.0,1.0,False,0.0,0.0,0,0,1,0,,,,,0,0,0,0,True,True,True,True,13857.752195911373,,,,,,0.0,False
DE1 0 process emissions,DE1 0 process emissions,co2 atmosphere,,,,,process emissions,1.0,1.0,1.0,1.0,True,0,inf,0.0,0.0,True,0.0,inf,,,,0.0,1.0,0.0,,,0.0,0.009853344667905278,0.0,0.0,0.0,1.0,False,0.0,0.0,0,0,1,0,,,,,0,0,0,0,True,True,True,True,2985.1551550400613,,,,,,0.0,False
DE1 0 process emissions CC-2030,DE1 0 process emissions,co2 atmosphere,DE1 0 co2 stored,,,,process emissions CC,0.09999999999999998,0.9,1.0,1.0,True,2030,25.0,0.0,0.0,True,0.0,inf,,,,0.0,1.0,301107.34477373055,,,0.0,0.009029681158411976,0.0,0.0,0.0,1.0,False,0.0,0.0,0,0,1,0,,,,,0,0,0,0,True,True,True,True,0.02105316368532307,,,,,,0.0,False
DE1 0 coal for industry,EU coal,DE1 0 coal for industry,co2 atmosphere,,,,coal for industry,1.0,0.3361,1.0,1.0,True,0,inf,0.0,0.0,True,0.0,inf,,,,0.0,1.0,0.0,,,0.0,0.009704553894077957,0.0,0.0,0.0,1.0,False,0.0,0.0,0,0,1,0,,,,,0,0,0,0,True,True,True,True,13559.566136609452,,,,,,0.0,False
DE1 0 agriculture machinery oil,DE1 0 oil,DE1 0 agriculture machinery oil,co2 atmosphere,,,,agriculture machinery oil,1.0,0.2571,1.0,1.0,True,0,inf,0.0,0.0,True,0.0,inf,,,,0.0,1.0,0.0,,,0.0,0.009160013040010259,0.0,0.0,0.0,1.0,False,0.0,0.0,0,0,1,0,,,,,0,0,0,0,True,True,True,True,352.69148919040293,,,,,,0.0,False
DE1 0 urban central DAC-2030,DE1 0,DE1 0 urban central heat,co2 atmosphere,DE1 0 co2 stored,,,DAC,-2.5454545454545454,-1.8181818181818181,1.8181818181818181,1.0,True,2030,20.0,0.0,0.0,True,0.0,inf,,,,0.0,1.0,1569741.0081082438,,,0.0,0.009499908609339866,0.0,0.0,0.0,1.0,False,0.0,0.0,0,0,1,0,,,,,0,0,0,0,True,True,True,True,0.0049974411431883085,,,,,,0.0,False
DE1 0 electricity distribution grid-2030,DE1 0,DE1 0 low voltage,,,,,electricity distribution grid,1.0,1.0,1.0,1.0,True,2030,40.0,0.0,0.0,True,0.0,inf,,,,-1.0,1.0,50270.361476727056,,,0.0,0.00983282925039409,0.0,0.0,0.0,1.0,False,0.0,0.0,0,0,1,0,,,,,0,0,0,0,True,True,True,True,78631.47949533154,,,,,,0.0,False
DE1 0 CCGT-1960,DE1 0 gas,DE1 0,co2 atmosphere,,,,CCGT,0.58,0.198,1.0,1.0,True,1960,160.09597523219813,1079.0,0.0,False,0.0,inf,,,,0.0,1.0,60777.05205432785,,,0.0,2.5877881183814786,0.0,0.0,0.0,1.0,False,0.0,0.0,0,0,1,0,,,,,0,0,0,0,True,True,True,True,1079.0,,,,,,,False
DE1 0 coal-1960,EU coal,DE1 0,co2 atmosphere,,,,coal,0.33,0.3361,1.0,1.0,True,1960,72.0,752.3005565555502,0.0,False,0.0,inf,,,,0.0,1.0,111278.64905784962,,,0.0,1.0863404076851688,0.0,0.0,0.0,1.0,False,0.0,0.0,0,0,1,0,,,,,0,0,0,0,True,True,True,True,752.3005565555502,,,,,,,False
DE1 0 lignite-1960,EU lignite,DE1 0,co2 atmosphere,,,,lignite,0.33,0.4069,1.0,1.0,True,1960,71.0,52.56197297440789,0.0,False,0.0,inf,,,,0.0,1.0,111278.64905784962,,,0.0,1.085405742587856,0.0,0.0,0.0,1.0,False,0.0,0.0,0,0,1,0,,,,,0,0,0,0,True,True,True,True,52.56197297440789,,,,,,,False
DE1 0 CCGT-1965,DE1 0 gas,DE1 0,co2 atmosphere,,,,CCGT,0.58,0.198,1.0,1.0,True,1965,78.66666666666667,575.5,0.0,False,0.0,inf,,,,0.0,1.0,60777.05205432785,,,0.0,2.588109942580853,0.0,0.0,0.0,1.0,False,0.0,0.0,0,0,1,0,,,,,0,0,0,0,True,True,True,True,575.5,,,,,,,False
DE1 0 coal-1965,EU coal,DE1 0,co2 atmosphere,,,,coal,0.33,0.3361,1.0,1.0,True,1965,74.0,1014.1306522194916,0.0,False,0.0,inf,,,,0.0,1.0,111278.64905784962,,,0.0,1.0858833953554468,0.0,0.0,0.0,1.0,False,0.0,0.0,0,0,1,0,,,,,0,0,0,0,True,True,True,True,1014.1306522194916,,,,,,,False
DE1 0 lignite-1965,EU lignite,DE1 0,co2 atmosphere,,,,lignite,0.33,0.4069,1.0,1.0,True,1965,74.0,3094.7014263528577,0.0,False,0.0,inf,,,,0.0,1.0,111278.64905784962,,,0.0,1.0855618425879074,0.0,0.0,0.0,1.0,False,0.0,0.0,0,0,1,0,,,,,0,0,0,0,True,True,True,True,3094.7014263528577,,,,,,,False
DE1 0 CCGT-1970,DE1 0 gas,DE1 0,co2 atmosphere,,,,CCGT,0.58,0.198,1.0,1.0,True,1970,76.0,33.0,0.0,False,0.0,inf,,,,0.0,1.0,60777.05205432785,,,0.0,2.5869472467737458,0.0,0.0,0.0,1.0,False,0.0,0.0,0,0,1,0,,,,,0,0,0,0,True,True,True,True,33.0,,,,,,,False
DE1 0 coal-1970,EU coal,DE1 0,co2 atmosphere,,,,coal,0.33,0.3361,1.0,1.0,True,1970,61.5,2531.638882722477,0.0,False,0.0,inf,,,,0.0,1.0,111278.64905784962,,,0.0,1.086608532320261,0.0,0.0,0.0,1.0,False,0.0,0.0,0,0,1,0,,,,,0,0,0,0,True,True,True,True,2531.638882722477,,,,,,,False
DE1 0 lignite-1970,EU lignite,DE1 0,co2 atmosphere,,,,lignite,0.33,0.4069,1.0,1.0,True,1970,66.0,1722.5572897577886,0.0,False,0.0,inf,,,,0.0,1.0,111278.64905784962,,,0.0,1.0861471820405848,0.0,0.0,0.0,1.0,False,0.0,0.0,0,0,1,0,,,,,0,0,0,0,True,True,True,True,1722.5572897577886,,,,,,,False
DE1 0 CCGT-1975,DE1 0 gas,DE1 0,co2 atmosphere,,,,CCGT,0.58,0.198,1.0,1.0,True,1975,76.14285714285714,3608.0,0.0,False,0.0,inf,,,,0.0,1.0,60777.05205432785,,,0.0,2.5881015968270558,0.0,0.0,0.0,1.0,False,0.0,0.0,0,0,1,0,,,,,0,0,0,0,True,True,True,True,3608.0,,,,,,,False
DE1 0 coal-1975,EU coal,DE1 0,co2 atmosphere,,,,coal,0.33,0.3361,1.0,1.0,True,1975,56.0,92.19369565631744,0.0,False,0.0,inf,,,,0.0,1.0,111278.64905784962,,,0.0,1.086431527988219,0.0,0.0,0.0,1.0,False,0.0,0.0,0,0,1,0,,,,,0,0,0,0,True,True,True,True,92.19369565631744,,,,,,,False
DE1 0 lignite-1975,EU lignite,DE1 0,co2 atmosphere,,,,lignite,0.33,0.4069,1.0,1.0,True,1975,64.0,4079.546814715448,0.0,False,0.0,inf,,,,0.0,1.0,111278.64905784962,,,0.0,1.0860907187734898,0.0,0.0,0.0,1.0,False,0.0,0.0,0,0,1,0,,,,,0,0,0,0,True,True,True,True,4079.546814715448,,,,,,,False
DE1 0 oil-1975,DE1 0 oil,DE1 0,co2 atmosphere,,,,oil,0.35,0.2571,1.0,1.0,True,1975,77.0,359.0,0.0,False,0.0,inf,,,,0.0,1.0,14030.308087454747,,,0.0,2.231385315197244,0.0,0.0,0.0,1.0,False,0.0,0.0,0,0,1,0,,,,,0,0,0,0,True,True,True,True,359.0,,,,,,,False
DE1 0 CCGT-1980,DE1 0 gas,DE1 0,co2 atmosphere,,,,CCGT,0.58,0.198,1.0,1.0,True,1980,64.5,1809.0,0.0,False,0.0,inf,,,,0.0,1.0,60777.05205432785,,,0.0,2.5876953451136995,0.0,0.0,0.0,1.0,False,0.0,0.0,0,0,1,0,,,,,0,0,0,0,True,True,True,True,1809.0,,,,,,,False
DE1 0 lignite-1980,EU lignite,DE1 0,co2 atmosphere,,,,lignite,0.33,0.4069,1.0,1.0,True,1980,59.0,2380.965161753003,0.0,False,0.0,inf,,,,0.0,1.0,111278.64905784962,,,0.0,1.0871929182520195,0.0,0.0,0.0,1.0,False,0.0,0.0,0,0,1,0,,,,,0,0,0,0,True,True,True,True,2380.965161753003,,,,,,,False
DE1 0 coal-1985,EU coal,DE1 0,co2 atmosphere,,,,coal,0.33,0.3361,1.0,1.0,True,1985,46.5,864.256097861514,0.0,False,0.0,inf,,,,0.0,1.0,111278.64905784962,,,0.0,1.0852862602731959,0.0,0.0,0.0,1.0,False,0.0,0.0,0,0,1,0,,,,,0,0,0,0,True,True,True,True,864.256097861514,,,,,,,False
DE1 0 CCGT-1990,DE1 0 gas,DE1 0,co2 atmosphere,,,,CCGT,0.58,0.198,1.0,1.0,True,1990,44.666666666666664,283.2,0.0,False,0.0,inf,,,,0.0,1.0,60777.05205432785,,,0.0,2.5879585566709236,0.0,0.0,0.0,1.0,False,0.0,0.0,0,0,1,0,,,,,0,0,0,0,True,True,True,True,283.2,,,,,,,False
DE1 0 coal-1990,EU coal,DE1 0,co2 atmosphere,,,,coal,0.33,0.3361,1.0,1.0,True,1990,44.2,281.64036522766725,0.0,False,0.0,inf,,,,0.0,1.0,111278.64905784962,,,0.0,1.0865271768315128,0.0,0.0,0.0,1.0,False,0.0,0.0,0,0,1,0,,,,,0,0,0,0,True,True,True,True,281.64036522766725,,,,,,,False
DE1 0 CCGT-1995,DE1 0 gas,DE1 0,co2 atmosphere,,,,CCGT,0.58,0.198,1.0,1.0,True,1995,43.96666666666667,3038.584,0.0,False,0.0,inf,,,,0.0,1.0,60777.05205432785,,,0.0,2.5871081240153364,0.0,0.0,0.0,1.0,False,0.0,0.0,0,0,1,0,,,,,0,0,0,0,True,True,True,True,3038.584,,,,,,,False
DE1 0 coal-1995,EU coal,DE1 0,co2 atmosphere,,,,coal,0.33,0.3361,1.0,1.0,True,1995,40.5,698.8282130748861,0.0,False,0.0,inf,,,,0.0,1.0,111278.64905784962,,,0.0,1.0865348824374896,0.0,0.0,0.0,1.0,False,0.0,0.0,0,0,1,0,,,,,0,0,0,0,True,True,True,True,698.8282130748861,,,,,,,False
DE1 0 lignite-1995,EU lignite,DE1 0,co2 atmosphere,,,,lignite,0.33,0.4069,1.0,1.0,True,1995,39.0,1031.1988852811899,0.0,False,0.0,inf,,,,0.0,1.0,111278.64905784962,,,0.0,1.0857845877060297,0.0,0.0,0.0,1.0,False,0.0,0.0,0,0,1,0,,,,,0,0,0,0,True,True,True,True,1031.1988852811899,,,,,,,False
DE1 0 oil-1995,DE1 0 oil,DE1 0,co2 atmosphere,,,,oil,0.35,0.2571,1.0,1.0,True,1995,39.333333333333336,137.5,0.0,False,0.0,inf,,,,0.0,1.0,14030.308087454747,,,0.0,2.2330593430403227,0.0,0.0,0.0,1.0,False,0.0,0.0,0,0,1,0,,,,,0,0,0,0,True,True,True,True,137.5,,,,,,,False
DE1 0 CCGT-2000,DE1 0 gas,DE1 0,co2 atmosphere,,,,CCGT,0.58,0.198,1.0,1.0,True,2000,39.69230769230769,3551.31,0.0,False,0.0,inf,,,,0.0,1.0,60777.05205432785,,,0.0,2.5869523887534815,0.0,0.0,0.0,1.0,False,0.0,0.0,0,0,1,0,,,,,0,0,0,0,True,True,True,True,3551.31,,,,,,,False
DE1 0 OCGT-2000,DE1 0 gas,DE1 0,co2 atmosphere,,,,OCGT,0.41,0.198,1.0,1.0,True,2000,40.0,14.0,0.0,False,0.0,inf,,,,0.0,1.0,19564.65493111743,,,0.0,1.963063627230053,0.0,0.0,0.0,1.0,False,0.0,0.0,0,0,1,0,,,,,0,0,0,0,True,True,True,True,14.0,,,,,,,False
DE1 0 lignite-2000,EU lignite,DE1 0,co2 atmosphere,,,,lignite,0.33,0.4069,1.0,1.0,True,2000,39.0,1475.423802790397,0.0,False,0.0,inf,,,,0.0,1.0,111278.64905784962,,,0.0,1.0859084796249308,0.0,0.0,0.0,1.0,False,0.0,0.0,0,0,1,0,,,,,0,0,0,0,True,True,True,True,1475.423802790397,,,,,,,False
DE1 0 oil-2000,DE1 0 oil,DE1 0,co2 atmosphere,,,,oil,0.35,0.2571,1.0,1.0,True,2000,38.0,97.3,0.0,False,0.0,inf,,,,0.0,1.0,14030.308087454747,,,0.0,2.231343474413709,0.0,0.0,0.0,1.0,False,0.0,0.0,0,0,1,0,,,,,0,0,0,0,True,True,True,True,97.3,,,,,,,False
DE1 0 CCGT-2005,DE1 0 gas,DE1 0,co2 atmosphere,,,,CCGT,0.58,0.198,1.0,1.0,True,2005,40.36842105263158,2157.11,0.0,False,0.0,inf,,,,0.0,1.0,60777.05205432785,,,0.0,2.5871696475902084,0.0,0.0,0.0,1.0,False,0.0,0.0,0,0,1,0,,,,,0,0,0,0,True,True,True,True,2157.11,,,,,,,False
DE1 0 lignite-2005,EU lignite,DE1 0,co2 atmosphere,,,,lignite,0.33,0.4069,1.0,1.0,True,2005,45.0,23.22,0.0,False,0.0,inf,,,,0.0,1.0,111278.64905784962,,,0.0,1.0864503480399723,0.0,0.0,0.0,1.0,False,0.0,0.0,0,0,1,0,,,,,0,0,0,0,True,True,True,True,23.22,,,,,,,False
DE1 0 oil-2005,DE1 0 oil,DE1 0,co2 atmosphere,,,,oil,0.35,0.2571,1.0,1.0,True,2005,40.0,97.1,0.0,False,0.0,inf,,,,0.0,1.0,14030.308087454747,,,0.0,2.2326679596279626,0.0,0.0,0.0,1.0,False,0.0,0.0,0,0,1,0,,,,,0,0,0,0,True,True,True,True,97.1,,,,,,,False
DE1 0 CCGT-2010,DE1 0 gas,DE1 0,co2 atmosphere,,,,CCGT,0.58,0.198,1.0,1.0,True,2010,39.733333333333334,5445.5,0.0,False,0.0,inf,,,,0.0,1.0,60777.05205432785,,,0.0,2.5873835741762665,0.0,0.0,0.0,1.0,False,0.0,0.0,0,0,1,0,,,,,0,0,0,0,True,True,True,True,5445.5,,,,,,,False
DE1 0 lignite-2010,EU lignite,DE1 0,co2 atmosphere,,,,lignite,0.33,0.4069,1.0,1.0,True,2010,46.0,97.88188952323983,0.0,False,0.0,inf,,,,0.0,1.0,111278.64905784962,,,0.0,1.085260964932013,0.0,0.0,0.0,1.0,False,0.0,0.0,0,0,1,0,,,,,0,0,0,0,True,True,True,True,97.88188952323983,,,,,,,False
DE1 0 oil-2010,DE1 0 oil,DE1 0,co2 atmosphere,,,,oil,0.35,0.2571,1.0,1.0,True,2010,39.0,60.0,0.0,False,0.0,inf,,,,0.0,1.0,14030.308087454747,,,0.0,2.231423152428267,0.0,0.0,0.0,1.0,False,0.0,0.0,0,0,1,0,,,,,0,0,0,0,True,True,True,True,60.0,,,,,,,False
DE1 0 CCGT-2015,DE1 0 gas,DE1 0,co2 atmosphere,,,,CCGT,0.58,0.198,1.0,1.0,True,2015,38.96296296296296,1714.99,0.0,False,0.0,inf,,,,0.0,1.0,60777.05205432785,,,0.0,2.586840571688677,0.0,0.0,0.0,1.0,False,0.0,0.0,0,0,1,0,,,,,0,0,0,0,True,True,True,True,1714.99,,,,,,,False
DE1 0 OCGT-2015,DE1 0 gas,DE1 0,co2 atmosphere,,,,OCGT,0.41,0.198,1.0,1.0,True,2015,38.0,33.15,0.0,False,0.0,inf,,,,0.0,1.0,19564.65493111743,,,0.0,1.9628962597010844,0.0,0.0,0.0,1.0,False,0.0,0.0,0,0,1,0,,,,,0,0,0,0,True,True,True,True,33.15,,,,,,,False
DE1 0 coal-2015,EU coal,DE1 0,co2 atmosphere,,,,coal,0.33,0.3361,1.0,1.0,True,2015,45.333333333333336,2318.9281848495266,0.0,False,0.0,inf,,,,0.0,1.0,111278.64905784962,,,0.0,1.0856972215802323,0.0,0.0,0.0,1.0,False,0.0,0.0,0,0,1,0,,,,,0,0,0,0,True,True,True,True,2318.9281848495266,,,,,,,False
DE1 0 lignite-2015,EU lignite,DE1 0,co2 atmosphere,,,,lignite,0.33,0.4069,1.0,1.0,True,2015,44.0,2140.3,0.0,False,0.0,inf,,,,0.0,1.0,111278.64905784962,,,0.0,1.0871796092713701,0.0,0.0,0.0,1.0,False,0.0,0.0,0,0,1,0,,,,,0,0,0,0,True,True,True,True,2140.3,,,,,,,False
DE1 0 CCGT-2020,DE1 0 gas,DE1 0,co2 atmosphere,,,,CCGT,0.58,0.198,1.0,1.0,True,2020,38.733333333333334,1055.5,0.0,False,0.0,inf,,,,0.0,1.0,60777.05205432785,,,0.0,2.5885470677150506,0.0,0.0,0.0,1.0,False,0.0,0.0,0,0,1,0,,,,,0,0,0,0,True,True,True,True,1055.5,,,,,,,False
DE1 0 CCGT-2025,DE1 0 gas,DE1 0,co2 atmosphere,,,,CCGT,0.58,0.198,1.0,1.0,True,2025,38.266666666666666,2344.5,0.0,False,0.0,inf,,,,0.0,1.0,60777.05205432785,,,0.0,2.586966560491188,0.0,0.0,0.0,1.0,False,0.0,0.0,0,0,1,0,,,,,0,0,0,0,True,True,True,True,2344.5,,,,,,,False
DE1 0 residential rural ground heat pump-2015,DE1 0 low voltage,DE1 0 residential rural heat,,,,,residential rural ground heat pump,1.0,1.0,1.0,1.0,True,2015,20.0,151.20579706930116,0.0,False,0.0,inf,,,,0.0,1.0,622987.0357300754,,,0.0,0.010896879906651105,0.0,0.0,0.0,1.0,False,0.0,0.0,0,0,1,0,,,,,0,0,0,0,True,True,True,True,151.20579706930116,,,,,,,False
DE1 0 residential rural gas boiler-2015,DE1 0 gas,DE1 0 residential rural heat,co2 atmosphere,,,,residential rural gas boiler,0.98,0.198,1.0,1.0,True,2015,20.0,5798.963295700536,0.0,False,0.0,inf,,,,0.0,1.0,43250.68098938149,,,0.0,0.00909649873712734,0.0,0.0,0.0,1.0,False,0.0,0.0,0,0,1,0,,,,,0,0,0,0,True,True,True,True,5798.963295700536,,,,,,,False
DE1 0 residential rural oil boiler-2015,DE1 0 oil,DE1 0 residential rural heat,co2 atmosphere,,,,residential rural oil boiler,0.9,0.2571,1.0,1.0,True,2015,20.0,6381.381105992649,0.0,False,0.0,inf,,,,0.0,1.0,16997.38745210744,,,0.0,0.010146637780109295,0.0,0.0,0.0,1.0,False,0.0,0.0,0,0,1,0,,,,,0,0,0,0,True,True,True,True,6381.381105992649,,,,,,,False
DE1 0 residential rural ground heat pump-2019,DE1 0 low voltage,DE1 0 residential rural heat,,,,,residential rural ground heat pump,1.0,1.0,1.0,1.0,True,2019,20.0,120.96463765544094,0.0,False,0.0,inf,,,,0.0,1.0,622987.0357300754,,,0.0,0.009252971376906446,0.0,0.0,0.0,1.0,False,0.0,0.0,0,0,1,0,,,,,0,0,0,0,True,True,True,True,120.96463765544094,,,,,,,False
DE1 0 residential rural gas boiler-2019,DE1 0 gas,DE1 0 residential rural heat,co2 atmosphere,,,,residential rural gas boiler,0.98,0.198,1.0,1.0,True,2019,20.0,4639.170636560429,0.0,False,0.0,inf,,,,0.0,1.0,43250.68098938149,,,0.0,0.009271237907777683,0.0,0.0,0.0,1.0,False,0.0,0.0,0,0,1,0,,,,,0,0,0,0,True,True,True,True,4639.170636560429,,,,,,,False
DE1 0 residential rural oil boiler-2019,DE1 0 oil,DE1 0 residential rural heat,co2 atmosphere,,,,residential rural oil boiler,0.9,0.2571,1.0,1.0,True,2019,20.0,5105.104884794119,0.0,False,0.0,inf,,,,0.0,1.0,16997.38745210744,,,0.0,0.009782525138211444,0.0,0.0,0.0,1.0,False,0.0,0.0,0,0,1,0,,,,,0,0,0,0,True,True,True,True,5105.104884794119,,,,,,,False
DE1 0 residential urban decentral air heat pump-2015,DE1 0 low voltage,DE1 0 residential urban decentral heat,,,,,residential urban decentral air heat pump,1.0,1.0,1.0,1.0,True,2015,18.0,118.49816011459416,0.0,False,0.0,inf,,,,0.0,1.0,422250.78629976994,,,0.0,0.010167767922146402,0.0,0.0,0.0,1.0,False,0.0,0.0,0,0,1,0,,,,,0,0,0,0,True,True,True,True,118.49816011459416,,,,,,,False
DE1 0 residential urban decentral gas boiler-2015,DE1 0 gas,DE1 0 residential urban decentral heat,co2 atmosphere,,,,residential urban decentral gas boiler,0.98,0.198,1.0,1.0,True,2015,20.0,18177.25249658198,0.0,False,0.0,inf,,,,0.0,1.0,43250.68098938149,,,0.0,0.010421121344232743,0.0,0.0,0.0,1.0,False,0.0,0.0,0,0,1,0,,,,,0,0,0,0,True,True,True,True,18177.25249658198,,,,,,,False
DE1 0 residential urban decentral oil boiler-2015,DE1 0 oil,DE1 0 residential urban decentral heat,co2 atmosphere,,,,residential urban decentral oil boiler,0.9,0.2571,1.0,1.0,True,2015,20.0,20002.881502379507,0.0,False,0.0,inf,,,,0.0,1.0,16997.38745210744,,,0.0,0.01073475271270028,0.0,0.0,0.0,1.0,False,0.0,0.0,0,0,1,0,,,,,0,0,0,0,True,True,True,True,20002.881502379507,,,,,,,False
DE1 0 residential urban decentral air heat pump-2019,DE1 0 low voltage,DE1 0 residential urban decentral heat,,,,,residential urban decentral air heat pump,1.0,1.0,1.0,1.0,True,2019,18.0,94.79852809167532,0.0,False,0.0,inf,,,,0.0,1.0,422250.78629976994,,,0.0,0.010382113039807609,0.0,0.0,0.0,1.0,False,0.0,0.0,0,0,1,0,,,,,0,0,0,0,True,True,True,True,94.79852809167532,,,,,,,False
DE1 0 residential urban decentral gas boiler-2019,DE1 0 gas,DE1 0 residential urban decentral heat,co2 atmosphere,,,,residential urban decentral gas boiler,0.98,0.198,1.0,1.0,True,2019,20.0,14541.801997265586,0.0,False,0.0,inf,,,,0.0,1.0,43250.68098938149,,,0.0,0.00927898388188958,0.0,0.0,0.0,1.0,False,0.0,0.0,0,0,1,0,,,,,0,0,0,0,True,True,True,True,14541.801997265586,,,,,,,False
DE1 0 residential urban decentral oil boiler-2019,DE1 0 oil,DE1 0 residential urban decentral heat,co2 atmosphere,,,,residential urban decentral oil boiler,0.9,0.2571,1.0,1.0,True,2019,20.0,16002.305201903606,0.0,False,0.0,inf,,,,0.0,1.0,16997.38745210744,,,0.0,0.010537148483564865,0.0,0.0,0.0,1.0,False,0.0,0.0,0,0,1,0,,,,,0,0,0,0,True,True,True,True,16002.305201903606,,,,,,,False
DE1 0 services rural ground heat pump-2015,DE1 0 low voltage,DE1 0 services rural heat,,,,,services rural ground heat pump,1.0,1.0,1.0,1.0,True,2015,20.0,59.69163882813472,0.0,False,0.0,inf,,,,0.0,1.0,622987.0357300754,,,0.0,0.009094346535626836,0.0,0.0,0.0,1.0,False,0.0,0.0,0,0,1,0,,,,,0,0,0,0,True,True,True,True,59.69163882813472,,,,,,,False
DE1 0 services rural gas boiler-2015,DE1 0 gas,DE1 0 services rural heat,co2 atmosphere,,,,services rural gas boiler,0.98,0.198,1.0,1.0,True,2015,20.0,2289.2615847652833,0.0,False,0.0,inf,,,,0.0,1.0,43250.68098938149,,,0.0,0.00920087168374364,0.0,0.0,0.0,1.0,False,0.0,0.0,0,0,1,0,,,,,0,0,0,0,True,True,True,True,2289.2615847652833,,,,,,,False
DE1 0 services rural oil boiler-2015,DE1 0 oil,DE1 0 services rural heat,co2 atmosphere,,,,services rural oil boiler,0.9,0.2571,1.0,1.0,True,2015,20.0,2519.1831502929344,0.0,False,0.0,inf,,,,0.0,1.0,16997.38745210744,,,0.0,0.009235035947964213,0.0,0.0,0.0,1.0,False,0.0,0.0,0,0,1,0,,,,,0,0,0,0,True,True,True,True,2519.1831502929344,,,,,,,False
DE1 0 services rural ground heat pump-2019,DE1 0 low voltage,DE1 0 services rural heat,,,,,services rural ground heat pump,1.0,1.0,1.0,1.0,True,2019,20.0,47.75331106250778,0.0,False,0.0,inf,,,,0.0,1.0,622987.0357300754,,,0.0,0.009006768722801855,0.0,0.0,0.0,1.0,False,0.0,0.0,0,0,1,0,,,,,0,0,0,0,True,True,True,True,47.75331106250778,,,,,,,False
DE1 0 services rural gas boiler-2019,DE1 0 gas,DE1 0 services rural heat,co2 atmosphere,,,,services rural gas boiler,0.98,0.198,1.0,1.0,True,2019,20.0,1831.4092678122265,0.0,False,0.0,inf,,,,0.0,1.0,43250.68098938149,,,0.0,0.010457469895303587,0.0,0.0,0.0,1.0,False,0.0,0.0,0,0,1,0,,,,,0,0,0,0,True,True,True,True,1831.4092678122265,,,,,,,False
DE1 0 services rural oil boiler-2019,DE1 0 oil,DE1 0 services rural heat,co2 atmosphere,,,,services rural oil boiler,0.9,0.2571,1.0,1.0,True,2019,20.0,2015.3465202343477,0.0,False,0.0,inf,,,,0.0,1.0,16997.38745210744,,,0.0,0.01073644508549678,0.0,0.0,0.0,1.0,False,0.0,0.0,0,0,1,0,,,,,0,0,0,0,True,True,True,True,2015.3465202343477,,,,,,,False
DE1 0 services urban decentral air heat pump-2015,DE1 0 low voltage,DE1 0 services urban decentral heat,,,,,services urban decentral air heat pump,1.0,1.0,1.0,1.0,True,2015,18.0,46.7796176631836,0.0,False,0.0,inf,,,,0.0,1.0,422250.78629976994,,,0.0,0.010638911236096256,0.0,0.0,0.0,1.0,False,0.0,0.0,0,0,1,0,,,,,0,0,0,0,True,True,True,True,46.7796176631836,,,,,,,False
DE1 0 services urban decentral gas boiler-2015,DE1 0 gas,DE1 0 services urban decentral heat,co2 atmosphere,,,,services urban decentral gas boiler,0.98,0.198,1.0,1.0,True,2015,20.0,7175.849153564444,0.0,False,0.0,inf,,,,0.0,1.0,43250.68098938149,,,0.0,0.010954527318196733,0.0,0.0,0.0,1.0,False,0.0,0.0,0,0,1,0,,,,,0,0,0,0,True,True,True,True,7175.849153564444,,,,,,,False
DE1 0 services urban decentral oil boiler-2015,DE1 0 oil,DE1 0 services urban decentral heat,co2 atmosphere,,,,services urban decentral oil boiler,0.9,0.2571,1.0,1.0,True,2015,20.0,7896.554241334902,0.0,False,0.0,inf,,,,0.0,1.0,16997.38745210744,,,0.0,0.010551915377410404,0.0,0.0,0.0,1.0,False,0.0,0.0,0,0,1,0,,,,,0,0,0,0,True,True,True,True,7896.554241334902,,,,,,,False
DE1 0 services urban decentral air heat pump-2019,DE1 0 low voltage,DE1 0 services urban decentral heat,,,,,services urban decentral air heat pump,1.0,1.0,1.0,1.0,True,2019,18.0,37.423694130546885,0.0,False,0.0,inf,,,,0.0,1.0,422250.78629976994,,,0.0,0.010682452455489815,0.0,0.0,0.0,1.0,False,0.0,0.0,0,0,1,0,,,,,0,0,0,0,True,True,True,True,37.423694130546885,,,,,,,False
DE1 0 services urban decentral gas boiler-2019,DE1 0 gas,DE1 0 services urban decentral heat,co2 atmosphere,,,,services urban decentral gas boiler,0.98,0.198,1.0,1.0,True,2019,20.0,5740.679322851555,0.0,False,0.0,inf,,,,0.0,1.0,43250.68098938149,,,0.0,0.010437298518369767,0.0,0.0,0.0,1.0,False,0.0,0.0,0,0,1,0,,,,,0,0,0,0,True,True,True,True,5740.679322851555,,,,,,,False
DE1 0 services urban decentral oil boiler-2019,DE1 0 oil,DE1 0 services urban decentral heat,co2 atmosphere,,,,services urban decentral oil boiler,0.9,0.2571,1.0,1.0,True,2019,20.0,6317.243393067923,0.0,False,0.0,inf,,,,0.0,1.0,16997.38745210744,,,0.0,0.010420092675646203,0.0,0.0,0.0,1.0,False,0.0,0.0,0,0,1,0,,,,,0,0,0,0,True,True,True,True,6317.243393067923,,,,,,,False
