name,bus,control,type,p_nom,p_nom_mod,p_nom_extendable,p_nom_min,p_nom_max,p_nom_set,p_min_pu,p_max_pu,p_set,p_init,e_sum_min,e_sum_max,q_set,sign,carrier,marginal_cost,marginal_cost_quadratic,active,build_year,lifetime,capital_cost,overnight_cost,discount_rate,fom_cost,efficiency,committable,start_up_cost,shut_down_cost,stand_by_cost,min_up_time,min_down_time,up_time_before,down_time_before,ramp_limit_up,ramp_limit_down,ramp_limit_start_up,ramp_limit_shut_down,weight,p_nom_opt
FR1 0 offwind-ac-2030,FR1 0,,,0.46244202746888785,0.0,True,0.0,24631.59540852336,,0.0,1.0,,,-inf,inf,0.0,1.0,offwind-ac,0.024211816970113625,0.0,True,2030,30.0,205444.51427413113,,,0.0,1.0,False,0.0,0.0,0.0,0,0,1,0,,,,,11261.493237083627,24631.593829930087
FR1 0 offwind-dc-2030,FR1 0,,,0.0,0.0,True,0.0,4617.91033513816,,0.0,1.0,,,-inf,inf,0.0,1.0,offwind-dc,0.024261789901328157,0.0,True,2030,30.0,223257.37569700982,,,0.0,1.0,False,0.0,0.0,0.0,0,0,1,0,,,,,2509.038942871722,4617.909521458745
FR1 0 onwind-2030,FR1 0,,,17704.46339746874,0.0,True,0.0,951166.0965675083,,0.0,1.0,,,-inf,inf,0.0,1.0,onwind,0.024643961212936615,0.0,True,2030,30.0,115719.82225714701,,,0.0,1.0,False,0.0,0.0,0.0,0,0,1,0,,,,,185885.83988615937,12806.615359672829
FR1 0 ror,FR1 0,,,6870.649149421663,0.0,False,0.0,inf,,0.0,1.0,,,-inf,inf,0.0,1.0,ror,0.010323128673332488,0.0,True,0,inf,308170.3719034552,,,0.0,0.9,False,0.0,0.0,0.0,0,0,1,0,,,,,6870.649149421663,6870.649149421663
FR1 0 solar-2030,FR1 0,,,12131.4852540063,0.0,True,0.0,2020189.0888648878,,0.0,1.0,,,-inf,inf,0.0,1.0,solar,0.020693012450541445,0.0,True,2030,40.0,52359.079122601375,,,0.0,1.0,False,0.0,0.0,0.0,0,0,1,0,,,,,256144.39726985322,14825.57346058418
FR1 0 oil,FR1 0 oil,PQ,,0.0,0.0,True,0.0,inf,,0.0,1.0,,,-inf,inf,0.0,1.0,oil,52.92190382274532,0.0,True,0,inf,0.0,,,0.0,1.0,False,0.0,0.0,0.0,0,0,1,0,,,,,1.0,71710.69245556266
FR1 0 gas,FR1 0 gas,PQ,,104414.45841838072,0.0,False,0.0,inf,,0.0,1.0,,,-inf,inf,0.0,1.0,gas,35.10932213802886,0.0,True,0,inf,0.0,,,0.0,1.0,False,0.0,0.0,0.0,0,0,1,0,,,,,1.0,104414.45841838072
FR1 0 residential rural solar thermal collector-2030,FR1 0 residential rural heat,PQ,,0.0,0.0,True,0.0,inf,,0.0,1.0,,,-inf,inf,0.0,1.0,residential rural solar thermal,0.009409085719092856,0.0,True,2030,20.0,27211.936169229415,,,0.0,1.0,False,0.0,0.0,0.0,0,0,1,0,,,,,1.0,0.15437519226391752
FR1 0 services rural solar thermal collector-2030,FR1 0 services rural heat,PQ,,0.0,0.0,True,0.0,inf,,0.0,1.0,,,-inf,inf,0.0,1.0,services rural solar thermal,0.010138007462860392,0.0,True,2030,20.0,27211.936169229415,,,0.0,1.0,False,0.0,0.0,0.0,0,0,1,0,,,,,1.0,0.15409210937708623
FR1 0 residential urban decentral solar thermal collector-2030,FR1 0 residential urban decentral heat,PQ,,0.0,0.0,True,0.0,inf,,0.0,1.0,,,-inf,inf,0.0,1.0,residential urban decentral solar thermal,0.010678486695610168,0.0,True,2030,20.0,27211.936169229415,,,0.0,1.0,False,0.0,0.0,0.0,0,0,1,0,,,,,1.0,0.1630304285055846
FR1 0 services urban decentral solar thermal collector-2030,FR1 0 services urban decentral heat,PQ,,0.0,0.0,True,0.0,inf,,0.0,1.0,,,-inf,inf,0.0,1.0,services urban decentral solar thermal,0.009222784343215431,0.0,True,2030,20.0,27211.936169229415,,,0.0,1.0,False,0.0,0.0,0.0,0,0,1,0,,,,,1.0,0.16104579153613324
FR1 0 urban central solar thermal collector-2030,FR1 0 urban central heat,PQ,,0.0,0.0,True,0.0,inf,,0.0,1.0,,,-inf,inf,0.0,1.0,urban central solar thermal,0.010530192190478613,0.0,True,2030,20.0,17664.37569062365,,,0.0,1.0,False,0.0,0.0,0.0,0,0,1,0,,,,,1.0,0.3047409399121238
FR1 0 solar rooftop-2030,FR1 0 low voltage,PQ,,0.0,0.0,True,0.0,62597.564571371535,,0.0,1.0,,,-inf,inf,0.0,1.0,solar rooftop,0.020855153159150777,0.0,True,2030,40.0,45519.755319603464,,,0.0,1.0,False,0.0,0.0,0.0,0,0,1,0,,,,,1.0,62597.56033094427
FR1 0  onwind-2005,FR1 0,PQ,,652.0,0.0,False,0.0,inf,,0.0,1.0,,,-inf,inf,0.0,1.0,onwind,0.02427683114556318,0.0,True,2005,30.0,115719.82225714701,,,0.0,1.0,False,0.0,0.0,0.0,0,0,1,0,,,,,1.0,652.0
FR1 0  onwind-2010,FR1 0,PQ,,5222.0,0.0,False,0.0,inf,,0.0,1.0,,,-inf,inf,0.0,1.0,onwind,0.024412191454890556,0.0,True,2010,30.0,115719.822257147,,,0.0,1.0,False,0.0,0.0,0.0,0,0,1,0,,,,,1.0,5222.0
FR1 0  solar-2010,FR1 0,PQ,,1031.0,0.0,False,0.0,inf,,0.0,1.0,,,-inf,inf,0.0,1.0,solar,0.019064395869875846,0.0,True,2010,40.0,52359.079122601375,,,0.0,1.0,False,0.0,0.0,0.0,0,0,1,0,,,,,1.0,1031.0
FR1 0  onwind-2015,FR1 0,PQ,,4386.18,0.0,False,0.0,inf,,0.0,1.0,,,-inf,inf,0.0,1.0,onwind,0.02539966814954583,0.0,True,2015,30.0,115719.822257147,,,0.0,1.0,False,0.0,0.0,0.0,0,0,1,0,,,,,1.0,4386.18
FR1 0  solar-2015,FR1 0,PQ,,6093.52,0.0,False,0.0,inf,,0.0,1.0,,,-inf,inf,0.0,1.0,solar,0.020576374347202928,0.0,True,2015,40.0,52359.079122601375,,,0.0,1.0,False,0.0,0.0,0.0,0,0,1,0,,,,,1.0,6093.52
FR1 0  onwind-2020,FR1 0,PQ,,7213.82,0.0,False,0.0,inf,,0.0,1.0,,,-inf,inf,0.0,1.0,onwind,0.025836794935611265,0.0,True,2020,30.0,115719.82225714701,,,0.0,1.0,False,0.0,0.0,0.0,0,0,1,0,,,,,1.0,7213.82
FR1 0  solar-2020,FR1 0,PQ,,4674.68,0.0,False,0.0,inf,,0.0,1.0,,,-inf,inf,0.0,1.0,solar,0.019483371274490797,0.0,True,2020,40.0,52359.07912260138,,,0.0,1.0,False,0.0,0.0,0.0,0,0,1,0,,,,,1.0,4674.68
FR1 0  offwind-ac-2025,FR1 0,PQ,,480.0,0.0,False,0.0,inf,,0.0,1.0,,,-inf,inf,0.0,1.0,offwind,0.02408644578415929,0.0,True,2025,30.0,207408.24037726465,,,0.0,1.0,False,0.0,0.0,0.0,0,0,1,0,,,,,1.0,480.0
FR1 0  onwind-2025,FR1 0,PQ,,3125.9799999999996,0.0,False,0.0,inf,,0.0,1.0,,,-inf,inf,0.0,1.0,onwind,0.024969818886885122,0.0,True,2025,30.0,115719.82225714704,,,0.0,1.0,False,0.0,0.0,0.0,0,0,1,0,,,,,1.0,3125.9799999999996
FR1 0  solar-2025,FR1 0,PQ,,5224.77,0.0,False,0.0,inf,,0.0,1.0,,,-inf,inf,0.0,1.0,solar,0.019683661227130035,0.0,True,2025,40.0,52359.07912260137,,,0.0,1.0,False,0.0,0.0,0.0,0,0,1,0,,,,,1.0,5224.77
FR1 0 load,FR1 0,PQ,,1000000.0,0.0,False,0.0,inf,,0.0,1.0,,,-inf,inf,0.0,1.0,load,3000.009821039571,0.0,True,0,inf,0.0,,,0.0,1.0,False,0.0,0.0,0.0,0,0,1,0,,,,,1.0,1000000.0
FR1 0 oil load,FR1 0 oil,PQ,,1000000.0,0.0,False,0.0,inf,,0.0,1.0,,,-inf,inf,0.0,1.0,load,3000.00913489727,0.0,True,0,inf,0.0,,,0.0,1.0,False,0.0,0.0,0.0,0,0,1,0,,,,,1.0,1000000.0
FR1 0 co2 stored load,FR1 0 co2 stored,PQ,,1000000.0,0.0,False,0.0,inf,,0.0,1.0,,,-inf,inf,0.0,1.0,load,3000.0095624695628,0.0,True,0,inf,0.0,,,0.0,1.0,False,0.0,0.0,0.0,0,0,1,0,,,,,1.0,1000000.0
FR1 0 co2 sequestered load,FR1 0 co2 sequestered,PQ,,1000000.0,0.0,False,0.0,inf,,0.0,1.0,,,-inf,inf,0.0,1.0,load,3000.010194866217,0.0,True,0,inf,0.0,,,0.0,1.0,False,0.0,0.0,0.0,0,0,1,0,,,,,1.0,1000000.0
FR1 0 gas load,FR1 0 gas,PQ,,1000000.0,0.0,False,0.0,inf,,0.0,1.0,,,-inf,inf,0.0,1.0,load,3000.009253916062,0.0,True,0,inf,0.0,,,0.0,1.0,False,0.0,0.0,0.0,0,0,1,0,,,,,1.0,1000000.0
FR1 0 H2 load,FR1 0 H2,PQ,,1000000.0,0.0,False,0.0,inf,,0.0,1.0,,,-inf,inf,0.0,1.0,load,3000.0104203233027,0.0,True,0,inf,0.0,,,0.0,1.0,False,0.0,0.0,0.0,0,0,1,0,,,,,1.0,1000000.0
FR1 0 battery load,FR1 0 battery,PQ,,1000000.0,0.0,False,0.0,inf,,0.0,1.0,,,-inf,inf,0.0,1.0,load,3000.0092975553125,0.0,True,0,inf,0.0,,,0.0,1.0,False,0.0,0.0,0.0,0,0,1,0,,,,,1.0,1000000.0
FR1 0 EV battery load,FR1 0 EV battery,PQ,,1000000.0,0.0,False,0.0,inf,,0.0,1.0,,,-inf,inf,0.0,1.0,load,3000.0090327849616,0.0,True,0,inf,0.0,,,0.0,1.0,False,0.0,0.0,0.0,0,0,1,0,,,,,1.0,1000000.0
FR1 0 land transport oil load,FR1 0 land transport oil,PQ,,1000000.0,0.0,False,0.0,inf,,0.0,1.0,,,-inf,inf,0.0,1.0,load,3000.009727152636,0.0,True,0,inf,0.0,,,0.0,1.0,False,0.0,0.0,0.0,0,0,1,0,,,,,1.0,1000000.0
FR1 0 residential rural heat load,FR1 0 residential rural heat,PQ,,1000000.0,0.0,False,0.0,inf,,0.0,1.0,,,-inf,inf,0.0,1.0,load,3000.009596490787,0.0,True,0,inf,0.0,,,0.0,1.0,False,0.0,0.0,0.0,0,0,1,0,,,,,1.0,1000000.0
FR1 0 residential rural water tanks load,FR1 0 residential rural water tanks,PQ,,1000000.0,0.0,False,0.0,inf,,0.0,1.0,,,-inf,inf,0.0,1.0,load,3000.0101120695076,0.0,True,0,inf,0.0,,,0.0,1.0,False,0.0,0.0,0.0,0,0,1,0,,,,,1.0,1000000.0
FR1 0 services rural heat load,FR1 0 services rural heat,PQ,,1000000.0,0.0,False,0.0,inf,,0.0,1.0,,,-inf,inf,0.0,1.0,load,3000.009104182269,0.0,True,0,inf,0.0,,,0.0,1.0,False,0.0,0.0,0.0,0,0,1,0,,,,,1.0,1000000.0
FR1 0 services rural water tanks load,FR1 0 services rural water tanks,PQ,,1000000.0,0.0,False,0.0,inf,,0.0,1.0,,,-inf,inf,0.0,1.0,load,3000.010361805998,0.0,True,0,inf,0.0,,,0.0,1.0,False,0.0,0.0,0.0,0,0,1,0,,,,,1.0,1000000.0
FR1 0 residential urban decentral heat load,FR1 0 residential urban decentral heat,PQ,,1000000.0,0.0,False,0.0,inf,,0.0,1.0,,,-inf,inf,0.0,1.0,load,3000.0097797484605,0.0,True,0,inf,0.0,,,0.0,1.0,False,0.0,0.0,0.0,0,0,1,0,,,,,1.0,1000000.0
FR1 0 residential urban decentral water tanks load,FR1 0 residential urban decentral water tanks,PQ,,1000000.0,0.0,False,0.0,inf,,0.0,1.0,,,-inf,inf,0.0,1.0,load,3000.009697594632,0.0,True,0,inf,0.0,,,0.0,1.0,False,0.0,0.0,0.0,0,0,1,0,,,,,1.0,1000000.0
FR1 0 services urban decentral heat load,FR1 0 services urban decentral heat,PQ,,1000000.0,0.0,False,0.0,inf,,0.0,1.0,,,-inf,inf,0.0,1.0,load,3000.0107645522025,0.0,True,0,inf,0.0,,,0.0,1.0,False,0.0,0.0,0.0,0,0,1,0,,,,,1.0,1000000.0
FR1 0 services urban decentral water tanks load,FR1 0 services urban decentral water tanks,PQ,,1000000.0,0.0,False,0.0,inf,,0.0,1.0,,,-inf,inf,0.0,1.0,load,3000.0092347968744,0.0,True,0,inf,0.0,,,0.0,1.0,False,0.0,0.0,0.0,0,0,1,0,,,,,1.0,1000000.0
FR1 0 urban central heat load,FR1 0 urban central heat,PQ,,1000000.0,0.0,False,0.0,inf,,0.0,1.0,,,-inf,inf,0.0,1.0,load,3000.010129140685,0.0,True,0,inf,0.0,,,0.0,1.0,False,0.0,0.0,0.0,0,0,1,0,,,,,1.0,1000000.0
FR1 0 urban central water tanks load,FR1 0 urban central water tanks,PQ,,1000000.0,0.0,False,0.0,inf,,0.0,1.0,,,-inf,inf,0.0,1.0,load,3000.0101194757913,0.0,True,0,inf,0.0,,,0.0,1.0,False,0.0,0.0,0.0,0,0,1,0,,,,,1.0,1000000.0
FR1 0 biogas load,FR1 0 biogas,PQ,,1000000.0,0.0,False,0.0,inf,,0.0,1.0,,,-inf,inf,0.0,1.0,load,3000.009465372758,0.0,True,0,inf,0.0,,,0.0,1.0,False,0.0,0.0,0.0,0,0,1,0,,,,,1.0,1000000.0
FR1 0 solid biomass load,FR1 0 solid biomass,PQ,,1000000.0,0.0,False,0.0,inf,,0.0,1.0,,,-inf,inf,0.0,1.0,load,3000.0105595333243,0.0,True,0,inf,0.0,,,0.0,1.0,False,0.0,0.0,0.0,0,0,1,0,,,,,1.0,1000000.0
FR1 0 solid biomass for industry load,FR1 0 solid biomass for industry,PQ,,1000000.0,0.0,False,0.0,inf,,0.0,1.0,,,-inf,inf,0.0,1.0,load,3000.009408608236,0.0,True,0,inf,0.0,,,0.0,1.0,False,0.0,0.0,0.0,0,0,1,0,,,,,1.0,1000000.0
FR1 0 gas for industry load,FR1 0 gas for industry,PQ,,1000000.0,0.0,False,0.0,inf,,0.0,1.0,,,-inf,inf,0.0,1.0,load,3000.0096935894403,0.0,True,0,inf,0.0,,,0.0,1.0,False,0.0,0.0,0.0,0,0,1,0,,,,,1.0,1000000.0
FR1 0 shipping methanol load,FR1 0 shipping methanol,PQ,,1000000.0,0.0,False,0.0,inf,,0.0,1.0,,,-inf,inf,0.0,1.0,load,3000.009436070879,0.0,True,0,inf,0.0,,,0.0,1.0,False,0.0,0.0,0.0,0,0,1,0,,,,,1.0,1000000.0
FR1 0 shipping oil load,FR1 0 shipping oil,PQ,,1000000.0,0.0,False,0.0,inf,,0.0,1.0,,,-inf,inf,0.0,1.0,load,3000.010819429324,0.0,True,0,inf,0.0,,,0.0,1.0,False,0.0,0.0,0.0,0,0,1,0,,,,,1.0,1000000.0
FR1 0 naphtha for industry load,FR1 0 naphtha for industry,PQ,,1000000.0,0.0,False,0.0,inf,,0.0,1.0,,,-inf,inf,0.0,1.0,load,3000.009081366381,0.0,True,0,inf,0.0,,,0.0,1.0,False,0.0,0.0,0.0,0,0,1,0,,,,,1.0,1000000.0
FR1 0 kerosene for aviation load,FR1 0 kerosene for aviation,PQ,,1000000.0,0.0,False,0.0,inf,,0.0,1.0,,,-inf,inf,0.0,1.0,load,3000.0094122630726,0.0,True,0,inf,0.0,,,0.0,1.0,False,0.0,0.0,0.0,0,0,1,0,,,,,1.0,1000000.0
FR1 0 process emissions load,FR1 0 process emissions,PQ,,1000000.0,0.0,False,0.0,inf,,0.0,1.0,,,-inf,inf,0.0,1.0,load,3000.01090050325,0.0,True,0,inf,0.0,,,0.0,1.0,False,0.0,0.0,0.0,0,0,1,0,,,,,1.0,1000000.0
FR1 0 coal for industry load,FR1 0 coal for industry,PQ,,1000000.0,0.0,False,0.0,inf,,0.0,1.0,,,-inf,inf,0.0,1.0,load,3000.0103118462057,0.0,True,0,inf,0.0,,,0.0,1.0,False,0.0,0.0,0.0,0,0,1,0,,,,,1.0,1000000.0
FR1 0 agriculture machinery oil load,FR1 0 agriculture machinery oil,PQ,,1000000.0,0.0,False,0.0,inf,,0.0,1.0,,,-inf,inf,0.0,1.0,load,3000.0097972781596,0.0,True,0,inf,0.0,,,0.0,1.0,False,0.0,0.0,0.0,0,0,1,0,,,,,1.0,1000000.0
FR1 0 low voltage load,FR1 0 low voltage,PQ,,1000000.0,0.0,False,0.0,inf,,0.0,1.0,,,-inf,inf,0.0,1.0,load,3000.009847036098,0.0,True,0,inf,0.0,,,0.0,1.0,False,0.0,0.0,0.0,0,0,1,0,,,,,1.0,1000000.0
