Fuel,Technology,Type / Class,Age bin,PowerCapacity,Efficiency,MinUpTime,MinDownTime,RampUpRate,RampDownRate,StartUpCost,RampingCost,PartLoadMin,StartUpTime,CHPType,NoLoadCost_pu,MinEfficiency,CO2Intensity,STOSelfDischarge,STOMaxChargingPower,STOChargingEfficiency
HRD,STUR,Sub-critical,9.999999999,400,0.397206846203141,9.5,2.25,0.0429,0.0429,81.5,1.65,0.35,3.7,,,,0.88,,,
HRD,STUR,Sub-critical,9.999999999,399.9999999999,0.371742874015756,9.5,2.25,0.0429,0.0429,81.5,1.65,0.35,3.7,,,,0.88,,,
HRD,STUR,Sub-critical,9.999999999,150,0.371742874015756,9.5,2.25,0.0429,0.0429,81.5,1.65,0.35,3.7,,,,0.88,,,
HRD,STUR,Sub-critical,9.999999999,149.9999999999,0.315248556676053,9.5,2.25,0.0429,0.0429,81.5,1.65,0.35,3.7,,,,0.88,,,
HRD,STUR,Sub-critical,9.999999999,7.5,0.315248556676053,9.5,2.25,0.0429,0.0429,81.5,1.65,0.35,3.7,,,,0.88,,,
HRD,STUR,Sub-critical,9.999999999,7.4999999999,0.24404261780311,9.5,2.25,0.0429,0.0429,81.5,1.65,0.35,3.7,,,,0.88,,,
HRD,STUR,Sub-critical,10,400,0.3895298200748,9.5,8.5,0.0429,0.0429,81.5,1.65,0.35,3.7,,,,0.88,,,
HRD,STUR,Sub-critical,10,399.9999999999,0.364558003502764,9.5,8.5,0.0429,0.0429,81.5,1.65,0.35,3.7,,,,0.88,,,
HRD,STUR,Sub-critical,10,150,0.364558003502764,9.5,8.5,0.0429,0.0429,81.5,1.65,0.35,3.7,,,,0.88,,,
HRD,STUR,Sub-critical,10,149.9999999999,0.309155581618704,9.5,8.5,0.0429,0.0429,81.5,1.65,0.35,3.7,,,,0.88,,,
HRD,STUR,Sub-critical,10,7.5,0.309155581618704,9.5,8.5,0.0429,0.0429,81.5,1.65,0.35,3.7,,,,0.88,,,
HRD,STUR,Sub-critical,10,7.4999999999,0.239325877466905,9.5,8.5,0.0429,0.0429,81.5,1.65,0.35,3.7,,,,0.88,,,
HRD,STUR,Sub-critical,30,400,0.3895298200748,9.5,8.5,0.0429,0.0429,81.5,1.65,0.35,3.7,,,,0.88,,,
HRD,STUR,Sub-critical,30,399.9999999999,0.364558003502764,9.5,8.5,0.0429,0.0429,81.5,1.65,0.35,3.7,,,,0.88,,,
HRD,STUR,Sub-critical,30,150,0.364558003502764,9.5,8.5,0.0429,0.0429,81.5,1.65,0.35,3.7,,,,0.88,,,
HRD,STUR,Sub-critical,30,149.9999999999,0.309155581618704,9.5,8.5,0.0429,0.0429,81.5,1.65,0.35,3.7,,,,0.88,,,
HRD,STUR,Sub-critical,30,7.5,0.309155581618704,9.5,8.5,0.0429,0.0429,81.5,1.65,0.35,3.7,,,,0.88,,,
HRD,STUR,Sub-critical,30,7.4999999999,0.239325877466905,9.5,8.5,0.0429,0.0429,81.5,1.65,0.35,3.7,,,,0.88,,,
HRD,STUR,Sub-critical,30.00000001,400,0.376975951159586,9.5,8.5,0.0429,0.0429,81.5,1.65,0.35,3.7,,,,0.88,,,
HRD,STUR,Sub-critical,30.00000001,399.9999999999,0.35280893282292,9.5,8.5,0.0429,0.0429,81.5,1.65,0.35,3.7,,,,0.88,,,
HRD,STUR,Sub-critical,30.00000001,150,0.35280893282292,9.5,8.5,0.0429,0.0429,81.5,1.65,0.35,3.7,,,,0.88,,,
HRD,STUR,Sub-critical,30.00000001,149.9999999999,0.299192034680751,9.5,8.5,0.0429,0.0429,81.5,1.65,0.35,3.7,,,,0.88,,,
HRD,STUR,Sub-critical,30.00000001,7.5,0.299192034680751,9.5,8.5,0.0429,0.0429,81.5,1.65,0.35,3.7,,,,0.88,,,
HRD,STUR,Sub-critical,30.00000001,7.4999999999,0.231612820496938,9.5,8.5,0.0429,0.0429,81.5,1.65,0.35,3.7,,,,0.88,,,
HRD,STUR,supercritical,9.999999999,400,0.429836636719965,6.5,2.25,0.0433,0.0433,26.85,1.55,0.35,5,,,,0.88,,,
HRD,STUR,supercritical,9.999999999,399.9999999999,0.402280847419801,6.5,2.25,0.0433,0.0433,26.85,1.55,0.35,5,,,,0.88,,,
HRD,STUR,supercritical,9.999999999,150,0.402280847419801,6.5,2.25,0.0433,0.0433,26.85,1.55,0.35,5,,,,0.88,,,
HRD,STUR,supercritical,9.999999999,149.9999999999,0.341145628852422,6.5,2.25,0.0433,0.0433,26.85,1.55,0.35,5,,,,0.88,,,
HRD,STUR,supercritical,9.999999999,7.5,0.341145628852422,6.5,2.25,0.0433,0.0433,26.85,1.55,0.35,5,,,,0.88,,,
HRD,STUR,supercritical,9.999999999,7.4999999999,0.264090256891436,6.5,2.25,0.0433,0.0433,26.85,1.55,0.35,5,,,,0.88,,,
HRD,STUR,supercritical,10,400,0.395803120841215,6.5,2.25,0.0433,0.0433,26.85,1.55,0.35,5,,,,0.88,,,
HRD,STUR,supercritical,10,399.9999999999,0.370429138098666,6.5,2.25,0.0433,0.0433,26.85,1.55,0.35,5,,,,0.88,,,
HRD,STUR,supercritical,10,150,0.370429138098666,6.5,2.25,0.0433,0.0433,26.85,1.55,0.35,5,,,,0.88,,,
HRD,STUR,supercritical,10,149.9999999999,0.314134471159787,6.5,2.25,0.0433,0.0433,26.85,1.55,0.35,5,,,,0.88,,,
HRD,STUR,supercritical,10,7.5,0.314134471159787,6.5,2.25,0.0433,0.0433,26.85,1.55,0.35,5,,,,0.88,,,
HRD,STUR,supercritical,10,7.4999999999,0.243180173423625,6.5,2.25,0.0433,0.0433,26.85,1.55,0.35,5,,,,0.88,,,
HRD,STUR,supercritical,30,400,0.395803120841215,6.5,2.25,0.0433,0.0433,26.85,1.55,0.35,5,,,,0.88,,,
HRD,STUR,supercritical,30,399.9999999999,0.370429138098666,6.5,2.25,0.0433,0.0433,26.85,1.55,0.35,5,,,,0.88,,,
HRD,STUR,supercritical,30,150,0.370429138098666,6.5,2.25,0.0433,0.0433,26.85,1.55,0.35,5,,,,0.88,,,
HRD,STUR,supercritical,30,149.9999999999,0.314134471159787,6.5,2.25,0.0433,0.0433,26.85,1.55,0.35,5,,,,0.88,,,
HRD,STUR,supercritical,30,7.5,0.314134471159787,6.5,2.25,0.0433,0.0433,26.85,1.55,0.35,5,,,,0.88,,,
HRD,STUR,supercritical,30,7.4999999999,0.243180173423625,6.5,2.25,0.0433,0.0433,26.85,1.55,0.35,5,,,,0.88,,,
HRD,STUR,supercritical,30.00000001,400,0.376975951159586,6.5,8.5,0.0433,0.0433,26.85,1.55,0.35,5,,,,0.88,,,
HRD,STUR,supercritical,30.00000001,399.9999999999,0.35280893282292,6.5,8.5,0.0433,0.0433,26.85,1.55,0.35,5,,,,0.88,,,
HRD,STUR,supercritical,30.00000001,150,0.35280893282292,6.5,8.5,0.0433,0.0433,26.85,1.55,0.35,5,,,,0.88,,,
HRD,STUR,supercritical,30.00000001,149.9999999999,0.299192034680751,6.5,8.5,0.0433,0.0433,26.85,1.55,0.35,5,,,,0.88,,,
HRD,STUR,supercritical,30.00000001,7.5,0.299192034680751,6.5,8.5,0.0433,0.0433,26.85,1.55,0.35,5,,,,0.88,,,
HRD,STUR,supercritical,30.00000001,7.4999999999,0.231612820496938,6.5,8.5,0.0433,0.0433,26.85,1.55,0.35,5,,,,0.88,,,
HRD,STUR,Ultra-supercritical,9.999999999,400,0.437103512831725,6.5,2.25,0.0433,0.0433,26.85,1.8,0.35,5,,,,0.88,,,
HRD,STUR,Ultra-supercritical,9.999999999,399.9999999999,0.409081861643812,6.5,2.25,0.0433,0.0433,26.85,1.8,0.35,5,,,,0.88,,,
HRD,STUR,Ultra-supercritical,9.999999999,150,0.409081861643812,6.5,2.25,0.0433,0.0433,26.85,1.8,0.35,5,,,,0.88,,,
HRD,STUR,Ultra-supercritical,9.999999999,149.9999999999,0.346913082831814,6.5,2.25,0.0433,0.0433,26.85,1.8,0.35,5,,,,0.88,,,
HRD,STUR,Ultra-supercritical,9.999999999,7.5,0.346913082831814,6.5,2.25,0.0433,0.0433,26.85,1.8,0.35,5,,,,0.88,,,
HRD,STUR,Ultra-supercritical,9.999999999,7.4999999999,0.268555002367293,6.5,2.25,0.0433,0.0433,26.85,1.8,0.35,5,,,,0.88,,,
HRD,STUR,Ultra-supercritical,10,400,0.431726490579445,6.5,2.25,0.0433,0.0433,26.85,1.8,0.35,5,,,,0.88,,,
HRD,STUR,Ultra-supercritical,10,399.9999999999,0.404049547309817,6.5,2.25,0.0433,0.0433,26.85,1.8,0.35,5,,,,0.88,,,
HRD,STUR,Ultra-supercritical,10,150,0.404049547309817,6.5,2.25,0.0433,0.0433,26.85,1.8,0.35,5,,,,0.88,,,
HRD,STUR,Ultra-supercritical,10,149.9999999999,0.342645536790124,6.5,2.25,0.0433,0.0433,26.85,1.8,0.35,5,,,,0.88,,,
HRD,STUR,Ultra-supercritical,10,7.5,0.342645536790124,6.5,2.25,0.0433,0.0433,26.85,1.8,0.35,5,,,,0.88,,,
HRD,STUR,Ultra-supercritical,10,7.4999999999,0.265251377067338,6.5,2.25,0.0433,0.0433,26.85,1.8,0.35,5,,,,0.88,,,
HRD,STUR,Ultra-supercritical,20,400,0.431726490579445,6.5,2.25,0.0433,0.0433,26.85,1.8,0.35,5,,,,0.88,,,
HRD,STUR,Ultra-supercritical,20,399.9999999999,0.404049547309817,6.5,2.25,0.0433,0.0433,26.85,1.8,0.35,5,,,,0.88,,,
HRD,STUR,Ultra-supercritical,20,150,0.404049547309817,6.5,2.25,0.0433,0.0433,26.85,1.8,0.35,5,,,,0.88,,,
HRD,STUR,Ultra-supercritical,20,149.9999999999,0.342645536790124,6.5,2.25,0.0433,0.0433,26.85,1.8,0.35,5,,,,0.88,,,
HRD,STUR,Ultra-supercritical,20,7.5,0.342645536790124,6.5,2.25,0.0433,0.0433,26.85,1.8,0.35,5,,,,0.88,,,
HRD,STUR,Ultra-supercritical,20,7.4999999999,0.265251377067338,6.5,2.25,0.0433,0.0433,26.85,1.8,0.35,5,,,,0.88,,,
LIG,STUR,Sub-critical,9.999999999,400,0.397206846203141,13.5,2.25,0.0429,0.0429,81.5,1.8,0.4,5.5,,,,1.15,,,
LIG,STUR,Sub-critical,9.999999999,399.9999999999,0.371742874015756,13.5,2.25,0.0429,0.0429,81.5,1.8,0.4,5.5,,,,1.15,,,
LIG,STUR,Sub-critical,9.999999999,150,0.371742874015756,13.5,2.25,0.0429,0.0429,81.5,1.8,0.4,5.5,,,,1.15,,,
LIG,STUR,Sub-critical,9.999999999,149.9999999999,0.315248556676053,13.5,2.25,0.0429,0.0429,81.5,1.8,0.4,5.5,,,,1.15,,,
LIG,STUR,Sub-critical,9.999999999,7.5,0.315248556676053,13.5,2.25,0.0429,0.0429,81.5,1.8,0.4,5.5,,,,1.15,,,
LIG,STUR,Sub-critical,9.999999999,7.4999999999,0.24404261780311,13.5,2.25,0.0429,0.0429,81.5,1.8,0.4,5.5,,,,1.15,,,
LIG,STUR,Sub-critical,10,400,0.3895298200748,13.5,8,0.0429,0.0429,81.5,1.8,0.4,5.5,,,,1.15,,,
LIG,STUR,Sub-critical,10,399.9999999999,0.364558003502764,13.5,8,0.0429,0.0429,81.5,1.8,0.4,5.5,,,,1.15,,,
LIG,STUR,Sub-critical,10,150,0.364558003502764,13.5,8,0.0429,0.0429,81.5,1.8,0.4,5.5,,,,1.15,,,
LIG,STUR,Sub-critical,10,149.9999999999,0.309155581618704,13.5,8,0.0429,0.0429,81.5,1.8,0.4,5.5,,,,1.15,,,
LIG,STUR,Sub-critical,10,7.5,0.309155581618704,13.5,8,0.0429,0.0429,81.5,1.8,0.4,5.5,,,,1.15,,,
LIG,STUR,Sub-critical,10,7.4999999999,0.239325877466905,13.5,8,0.0429,0.0429,81.5,1.8,0.4,5.5,,,,1.15,,,
LIG,STUR,Sub-critical,30,400,0.3895298200748,13.5,8,0.0429,0.0429,81.5,1.8,0.4,5.5,,,,1.15,,,
LIG,STUR,Sub-critical,30,399.9999999999,0.364558003502764,13.5,8,0.0429,0.0429,81.5,1.8,0.4,5.5,,,,1.15,,,
LIG,STUR,Sub-critical,30,150,0.364558003502764,13.5,8,0.0429,0.0429,81.5,1.8,0.4,5.5,,,,1.15,,,
LIG,STUR,Sub-critical,30,149.9999999999,0.309155581618704,13.5,8,0.0429,0.0429,81.5,1.8,0.4,5.5,,,,1.15,,,
LIG,STUR,Sub-critical,30,7.5,0.309155581618704,13.5,8,0.0429,0.0429,81.5,1.8,0.4,5.5,,,,1.15,,,
LIG,STUR,Sub-critical,30,7.4999999999,0.239325877466905,13.5,8,0.0429,0.0429,81.5,1.8,0.4,5.5,,,,1.15,,,
LIG,STUR,Sub-critical,30.00000001,400,0.376975951159586,13.5,8,0.0429,0.0429,81.5,1.8,0.4,5.5,,,,1.15,,,
LIG,STUR,Sub-critical,30.00000001,399.9999999999,0.35280893282292,13.5,8,0.0429,0.0429,81.5,1.8,0.4,5.5,,,,1.15,,,
LIG,STUR,Sub-critical,30.00000001,150,0.35280893282292,13.5,8,0.0429,0.0429,81.5,1.8,0.4,5.5,,,,1.15,,,
LIG,STUR,Sub-critical,30.00000001,149.9999999999,0.299192034680751,13.5,8,0.0429,0.0429,81.5,1.8,0.4,5.5,,,,1.15,,,
LIG,STUR,Sub-critical,30.00000001,7.5,0.299192034680751,13.5,8,0.0429,0.0429,81.5,1.8,0.4,5.5,,,,1.15,,,
LIG,STUR,Sub-critical,30.00000001,7.4999999999,0.231612820496938,13.5,8,0.0429,0.0429,81.5,1.8,0.4,5.5,,,,1.15,,,
LIG,STUR,supercritical,9.999999999,400,0.412257963974851,6.5,2.25,0.0329,0.0329,26.85,1.8,0.4,3.5,,,,1.15,,,
LIG,STUR,supercritical,9.999999999,399.9999999999,0.385829100955418,6.5,2.25,0.0329,0.0329,26.85,1.8,0.4,3.5,,,,1.15,,,
LIG,STUR,supercritical,9.999999999,150,0.385829100955418,6.5,2.25,0.0329,0.0329,26.85,1.8,0.4,3.5,,,,1.15,,,
LIG,STUR,supercritical,9.999999999,149.9999999999,0.327194078761707,6.5,2.25,0.0329,0.0329,26.85,1.8,0.4,3.5,,,,1.15,,,
LIG,STUR,supercritical,9.999999999,7.5,0.327194078761707,6.5,2.25,0.0329,0.0329,26.85,1.8,0.4,3.5,,,,1.15,,,
LIG,STUR,supercritical,9.999999999,7.4999999999,0.253289976495393,6.5,2.25,0.0329,0.0329,26.85,1.8,0.4,3.5,,,,1.15,,,
LIG,STUR,supercritical,10,400,0.391117327163159,6.5,2.25,0.0329,0.0329,26.85,1.8,0.4,3.5,,,,1.15,,,
LIG,STUR,supercritical,10,399.9999999999,0.366043739343392,6.5,2.25,0.0329,0.0329,26.85,1.8,0.4,3.5,,,,1.15,,,
LIG,STUR,supercritical,10,150,0.366043739343392,6.5,2.25,0.0329,0.0329,26.85,1.8,0.4,3.5,,,,1.15,,,
LIG,STUR,supercritical,10,149.9999999999,0.310415527974367,6.5,2.25,0.0329,0.0329,26.85,1.8,0.4,3.5,,,,1.15,,,
LIG,STUR,supercritical,10,7.5,0.310415527974367,6.5,2.25,0.0329,0.0329,26.85,1.8,0.4,3.5,,,,1.15,,,
LIG,STUR,supercritical,10,7.4999999999,0.240301236752193,6.5,2.25,0.0329,0.0329,26.85,1.8,0.4,3.5,,,,1.15,,,
LIG,STUR,supercritical,30,400,0.391117327163159,6.5,2.25,0.0329,0.0329,26.85,1.8,0.4,5.5,,,,1.15,,,
LIG,STUR,supercritical,30,399.9999999999,0.366043739343392,6.5,2.25,0.0329,0.0329,26.85,1.8,0.4,5.5,,,,1.15,,,
LIG,STUR,supercritical,30,150,0.366043739343392,6.5,2.25,0.0329,0.0329,26.85,1.8,0.4,5.5,,,,1.15,,,
LIG,STUR,supercritical,30,149.9999999999,0.310415527974367,6.5,2.25,0.0329,0.0329,26.85,1.8,0.4,5.5,,,,1.15,,,
LIG,STUR,supercritical,30,7.5,0.310415527974367,6.5,2.25,0.0329,0.0329,26.85,1.8,0.4,5.5,,,,1.15,,,
LIG,STUR,supercritical,30,7.4999999999,0.240301236752193,6.5,2.25,0.0329,0.0329,26.85,1.8,0.4,5.5,,,,1.15,,,
LIG,STUR,supercritical,30.00000001,400,0.376975951159586,6.5,8,0.0329,0.0329,26.85,1.8,0.4,3.5,,,,1.15,,,
LIG,STUR,supercritical,30.00000001,399.9999999999,0.35280893282292,6.5,8,0.0329,0.0329,26.85,1.8,0.4,3.5,,,,1.15,,,
LIG,STUR,supercritical,30.00000001,150,0.35280893282292,6.5,8,0.0329,0.0329,26.85,1.8,0.4,3.5,,,,1.15,,,
LIG,STUR,supercritical,30.00000001,149.9999999999,0.299192034680751,6.5,8,0.0329,0.0329,26.85,1.8,0.4,3.5,,,,1.15,,,
LIG,STUR,supercritical,30.00000001,7.5,0.299192034680751,6.5,8,0.0329,0.0329,26.85,1.8,0.4,3.5,,,,1.15,,,
LIG,STUR,supercritical,30.00000001,7.4999999999,0.231612820496938,6.5,8,0.0329,0.0329,26.85,1.8,0.4,3.5,,,,1.15,,,
LIG,STUR,Ultra-supercritical,9.999999999,400,0.420852097252407,6.5,2.25,0.0329,0.0329,26.85,1.8,0.4,3.5,,,,1.15,,,
LIG,STUR,Ultra-supercritical,9.999999999,399.9999999999,0.393872285091875,6.5,2.25,0.0329,0.0329,26.85,1.8,0.4,3.5,,,,1.15,,,
LIG,STUR,Ultra-supercritical,9.999999999,150,0.393872285091875,6.5,2.25,0.0329,0.0329,26.85,1.8,0.4,3.5,,,,1.15,,,
LIG,STUR,Ultra-supercritical,9.999999999,149.9999999999,0.334014928244865,6.5,2.25,0.0329,0.0329,26.85,1.8,0.4,3.5,,,,1.15,,,
LIG,STUR,Ultra-supercritical,9.999999999,7.5,0.334014928244865,6.5,2.25,0.0329,0.0329,26.85,1.8,0.4,3.5,,,,1.15,,,
LIG,STUR,Ultra-supercritical,9.999999999,7.4999999999,0.258570184535239,6.5,2.25,0.0329,0.0329,26.85,1.8,0.4,3.5,,,,1.15,,,
LIG,STUR,Ultra-supercritical,10,400,0.415674991543087,6.5,2.25,0.0329,0.0329,26.85,1.8,0.4,3.5,,,,1.15,,,
LIG,STUR,Ultra-supercritical,10,399.9999999999,0.389027071133801,6.5,2.25,0.0329,0.0329,26.85,1.8,0.4,3.5,,,,1.15,,,
LIG,STUR,Ultra-supercritical,10,150,0.389027071133801,6.5,2.25,0.0329,0.0329,26.85,1.8,0.4,3.5,,,,1.15,,,
LIG,STUR,Ultra-supercritical,10,149.9999999999,0.329906048656753,6.5,2.25,0.0329,0.0329,26.85,1.8,0.4,3.5,,,,1.15,,,
LIG,STUR,Ultra-supercritical,10,7.5,0.329906048656753,6.5,2.25,0.0329,0.0329,26.85,1.8,0.4,3.5,,,,1.15,,,
LIG,STUR,Ultra-supercritical,10,7.4999999999,0.255389387320833,6.5,2.25,0.0329,0.0329,26.85,1.8,0.4,3.5,,,,1.15,,,
LIG,STUR,Ultra-supercritical,20,400,0.415674991543087,6.5,2.25,0.0329,0.0329,26.85,1.8,0.4,3.5,,,,1.15,,,
LIG,STUR,Ultra-supercritical,20,399.9999999999,0.389027071133801,6.5,2.25,0.0329,0.0329,26.85,1.8,0.4,3.5,,,,1.15,,,
LIG,STUR,Ultra-supercritical,20,150,0.389027071133801,6.5,2.25,0.0329,0.0329,26.85,1.8,0.4,3.5,,,,1.15,,,
LIG,STUR,Ultra-supercritical,20,149.9999999999,0.329906048656753,6.5,2.25,0.0329,0.0329,26.85,1.8,0.4,3.5,,,,1.15,,,
LIG,STUR,Ultra-supercritical,20,7.5,0.329906048656753,6.5,2.25,0.0329,0.0329,26.85,1.8,0.4,3.5,,,,1.15,,,
LIG,STUR,Ultra-supercritical,20,7.4999999999,0.255389387320833,6.5,2.25,0.0329,0.0329,26.85,1.8,0.4,3.5,,,,1.15,,,
HRD,IGCC,,,400,0.442,,,0.035,0.035,,,,,,,,0.8,,,
HRD,IGCC,,,399.9999999999,0.442,,,0.035,0.035,,,,,,,,0.8,,,
HRD,IGCC,,,150,0.442,,,0.035,0.035,,,,,,,,0.8,,,
HRD,IGCC,,,149.9999999999,0.442,,,0.035,0.035,,,,,,,,0.8,,,
HRD,IGCC,,,7.5,0.442,,,0.035,0.035,,,,,,,,0.8,,,
HRD,IGCC,,,7.4999999999,0.442,,,0.035,0.035,,,,,,,,0.8,,,
LIG,IGCC,,,400,0.442,,,0.035,0.035,,,,,,,,1.05,,,
LIG,IGCC,,,399.9999999999,0.442,,,0.035,0.035,,,,,,,,1.05,,,
LIG,IGCC,,,150,0.442,,,0.035,0.035,,,,,,,,1.05,,,
LIG,IGCC,,,149.9999999999,0.442,,,0.035,0.035,,,,,,,,1.05,,,
LIG,IGCC,,,7.5,0.442,,,0.035,0.035,,,,,,,,1.05,,,
LIG,IGCC,,,7.4999999999,0.442,,,0.035,0.035,,,,,,,,1.05,,,
HRD,STUR,,,400,0.705,,,0.0066,0.0066,,,0.3,,back-pressure,,,0.88,,,
HRD,STUR,,,399.9999999999,0.705,,,0.0066,0.0066,,,0.3,,back-pressure,,,0.88,,,
HRD,STUR,,,150,0.705,,,0.0066,0.0066,,,0.3,,back-pressure,,,0.88,,,
HRD,STUR,,,149.9999999999,0.705,,,0.0066,0.0066,,,0.3,,back-pressure,,,0.88,,,
HRD,STUR,,,7.5,0.705,,,0.0066,0.0066,,,0.3,,back-pressure,,,0.88,,,
HRD,STUR,,,7.4999999999,0.905,,,0.0066,0.0066,,,0.3,,back-pressure,,,0.88,,,
LIG,STUR,,,400,0.705,,,0.0066,0.0066,,,0.3,,back-pressure,,,1.15,,,
LIG,STUR,,,399.9999999999,0.705,,,0.0066,0.0066,,,0.3,,back-pressure,,,1.15,,,
LIG,STUR,,,150,0.705,,,0.0066,0.0066,,,0.3,,back-pressure,,,1.15,,,
LIG,STUR,,,149.9999999999,0.705,,,0.0066,0.0066,,,0.3,,back-pressure,,,1.15,,,
LIG,STUR,,,7.5,0.705,,,0.0066,0.0066,,,0.3,,back-pressure,,,1.15,,,
LIG,STUR,,,7.4999999999,0.905,,,0.0066,0.0066,,,0.3,,back-pressure,,,1.15,,,
HRD,STUR,,,400,0.705,,,0.0066,0.0066,,,0.3,,extraction,,,0.88,,,
HRD,STUR,,,399.9999999999,0.705,,,0.0066,0.0066,,,0.3,,extraction,,,0.88,,,
HRD,STUR,,,150,0.705,,,0.0066,0.0066,,,0.3,,extraction,,,0.88,,,
HRD,STUR,,,149.9999999999,0.705,,,0.0066,0.0066,,,0.3,,extraction,,,0.88,,,
HRD,STUR,,,7.5,0.705,,,0.0066,0.0066,,,0.3,,extraction,,,0.88,,,
HRD,STUR,,,7.4999999999,0.905,,,0.0066,0.0066,,,0.3,,extraction,,,0.88,,,
LIG,STUR,,,400,0.705,,,0.0066,0.0066,,,0.3,,extraction,,,1.15,,,
LIG,STUR,,,399.9999999999,0.705,,,0.0066,0.0066,,,0.3,,extraction,,,1.15,,,
LIG,STUR,,,150,0.705,,,0.0066,0.0066,,,0.3,,extraction,,,1.15,,,
LIG,STUR,,,149.9999999999,0.705,,,0.0066,0.0066,,,0.3,,extraction,,,1.15,,,
LIG,STUR,,,7.5,0.705,,,0.0066,0.0066,,,0.3,,extraction,,,1.15,,,
LIG,STUR,,,7.4999999999,0.905,,,0.0066,0.0066,,,0.3,,extraction,,,1.15,,,
GAS,COMC,aeroderivative,,350,0.5863,3.125,3.25,0.06415,0.06415,21.4,0.375,0.325,,,,,0.4,,,
GAS,COMC,aeroderivative,,349.9999999999,0.54125,3.125,3.25,0.06415,0.06415,21.4,0.375,0.325,,,,,0.4,,,
GAS,COMC,aeroderivative,,100,0.54125,3.125,3.25,0.06415,0.06415,21.4,0.375,0.325,,,,,0.4,,,
GAS,COMC,aeroderivative,,99.9999999999,0.5242,3.125,3.25,0.06415,0.06415,21.4,0.375,0.325,,,,,0.4,,,
GAS,COMC,aeroderivative,,9,0.5242,3.125,3.25,0.06415,0.06415,21.4,0.375,0.325,,,,,0.4,,,
GAS,COMC,aeroderivative,,8.9999999999,0.51925,3.125,3.25,0.06415,0.06415,21.4,0.375,0.325,,,,,0.4,,,
OIL,COMC,aeroderivative,,350,0.5863,3.125,3.25,0.06415,0.06415,21.4,0.375,0.325,,,,,0.7,,,
OIL,COMC,aeroderivative,,349.9999999999,0.54125,3.125,3.25,0.06415,0.06415,21.4,0.375,0.325,,,,,0.7,,,
OIL,COMC,aeroderivative,,100,0.54125,3.125,3.25,0.06415,0.06415,21.4,0.375,0.325,,,,,0.7,,,
OIL,COMC,aeroderivative,,99.9999999999,0.5242,3.125,3.25,0.06415,0.06415,21.4,0.375,0.325,,,,,0.7,,,
OIL,COMC,aeroderivative,,9,0.5242,3.125,3.25,0.06415,0.06415,21.4,0.375,0.325,,,,,0.7,,,
OIL,COMC,aeroderivative,,8.9999999999,0.51925,3.125,3.25,0.06415,0.06415,21.4,0.375,0.325,,,,,0.7,,,
GAS,COMC,Heavy-duty E,,350,0.5534,2.125,3.25,0.06415,0.06415,21.4,0.375,0.375,2.5,,,,0.4,,,
GAS,COMC,Heavy-duty E,,349.9999999999,0.52637,2.125,3.25,0.06415,0.06415,21.4,0.375,0.375,2.5,,,,0.4,,,
GAS,COMC,Heavy-duty E,,100,0.52637,2.125,3.25,0.06415,0.06415,21.4,0.375,0.375,2.5,,,,0.4,,,
GAS,COMC,Heavy-duty E,,99.9999999999,0.51614,2.125,3.25,0.06415,0.06415,21.4,0.375,0.375,2.5,,,,0.4,,,
GAS,COMC,Heavy-duty E,,9,0.51614,2.125,3.25,0.06415,0.06415,21.4,0.375,0.375,2.5,,,,0.4,,,
GAS,COMC,Heavy-duty E,,8.9999999999,0.51317,2.125,3.25,0.06415,0.06415,21.4,0.375,0.375,2.5,,,,0.4,,,
GAS,COMC,Heavy-duty Fa,,350,0.593502843515189,1.625,1.75,0.06415,0.06415,21.4,0.375,0.375,1.25,,,,0.4,,,
GAS,COMC,Heavy-duty Fa,,349.9999999999,0.565705397689767,1.625,1.75,0.06415,0.06415,21.4,0.375,0.375,1.25,,,,0.4,,,
GAS,COMC,Heavy-duty Fa,,100,0.565705397689767,1.625,1.75,0.06415,0.06415,21.4,0.375,0.375,1.25,,,,0.4,,,
GAS,COMC,Heavy-duty Fa,,99.9999999999,0.524532572362791,1.625,1.75,0.06415,0.06415,21.4,0.375,0.375,1.25,,,,0.4,,,
GAS,COMC,Heavy-duty Fa,,9,0.524532572362791,1.625,1.75,0.06415,0.06415,21.4,0.375,0.375,1.25,,,,0.4,,,
GAS,COMC,Heavy-duty Fa,,8.9999999999,0.475294118602507,1.625,1.75,0.06415,0.06415,21.4,0.375,0.375,1.25,,,,0.4,,,
GAS,COMC,Heavy-duty Fb,,350,0.607975,1.125,1.25,0.06415,0.06415,21.4,0.375,0.325,1.25,,,,0.4,,,
GAS,COMC,Heavy-duty Fb,,349.9999999999,0.6039205,1.125,1.25,0.06415,0.06415,21.4,0.375,0.325,1.25,,,,0.4,,,
GAS,COMC,Heavy-duty Fb,,100,0.6039205,1.125,1.25,0.06415,0.06415,21.4,0.375,0.325,1.25,,,,0.4,,,
GAS,COMC,Heavy-duty Fb,,99.9999999999,0.602386,1.125,1.25,0.06415,0.06415,21.4,0.375,0.325,1.25,,,,0.4,,,
GAS,COMC,Heavy-duty Fb,,9,0.602386,1.125,1.25,0.06415,0.06415,21.4,0.375,0.325,1.25,,,,0.4,,,
GAS,COMC,Heavy-duty Fb,,8.9999999999,0.6019405,1.125,1.25,0.06415,0.06415,21.4,0.375,0.325,1.25,,,,0.4,,,
GAS,COMC,Heavy-duty H,,350,0.6191,1.125,1.25,0.06415,0.06415,21.4,0.375,0.325,1.25,,,,0.4,,,
GAS,COMC,Heavy-duty H,,349.9999999999,0.61009,1.125,1.25,0.06415,0.06415,21.4,0.375,0.325,1.25,,,,0.4,,,
GAS,COMC,Heavy-duty H,,100,0.61009,1.125,1.25,0.06415,0.06415,21.4,0.375,0.325,1.25,,,,0.4,,,
GAS,COMC,Heavy-duty H,,99.9999999999,0.60668,1.125,1.25,0.06415,0.06415,21.4,0.375,0.325,1.25,,,,0.4,,,
GAS,COMC,Heavy-duty H,,9,0.60668,1.125,1.25,0.06415,0.06415,21.4,0.375,0.325,1.25,,,,0.4,,,
GAS,COMC,Heavy-duty H,,8.9999999999,0.60569,1.125,1.25,0.06415,0.06415,21.4,0.375,0.325,1.25,,,,0.4,,,
OIL,COMC,Heavy-duty E,,350,0.5534,2.125,3.25,0.06415,0.06415,21.4,0.375,0.375,2.5,,,,0.7,,,
OIL,COMC,Heavy-duty E,,349.9999999999,0.52637,2.125,3.25,0.06415,0.06415,21.4,0.375,0.375,2.5,,,,0.7,,,
OIL,COMC,Heavy-duty E,,100,0.52637,2.125,3.25,0.06415,0.06415,21.4,0.375,0.375,2.5,,,,0.7,,,
OIL,COMC,Heavy-duty E,,99.9999999999,0.51614,2.125,3.25,0.06415,0.06415,21.4,0.375,0.375,2.5,,,,0.7,,,
OIL,COMC,Heavy-duty E,,9,0.51614,2.125,3.25,0.06415,0.06415,21.4,0.375,0.375,2.5,,,,0.7,,,
OIL,COMC,Heavy-duty E,,8.9999999999,0.51317,2.125,3.25,0.06415,0.06415,21.4,0.375,0.375,2.5,,,,0.7,,,
OIL,COMC,Heavy-duty Fa,,350,0.593502843515189,1.625,1.75,0.06415,0.06415,21.4,0.375,0.375,1.25,,,,0.7,,,
OIL,COMC,Heavy-duty Fa,,349.9999999999,0.565705397689767,1.625,1.75,0.06415,0.06415,21.4,0.375,0.375,1.25,,,,0.7,,,
OIL,COMC,Heavy-duty Fa,,100,0.565705397689767,1.625,1.75,0.06415,0.06415,21.4,0.375,0.375,1.25,,,,0.7,,,
OIL,COMC,Heavy-duty Fa,,99.9999999999,0.524532572362791,1.625,1.75,0.06415,0.06415,21.4,0.375,0.375,1.25,,,,0.7,,,
OIL,COMC,Heavy-duty Fa,,9,0.524532572362791,1.625,1.75,0.06415,0.06415,21.4,0.375,0.375,1.25,,,,0.7,,,
OIL,COMC,Heavy-duty Fa,,8.9999999999,0.475294118602507,1.625,1.75,0.06415,0.06415,21.4,0.375,0.375,1.25,,,,0.7,,,
OIL,COMC,Heavy-duty Fb,,350,0.607975,1.125,1.25,0.06415,0.06415,21.4,0.375,0.325,1.25,,,,0.7,,,
OIL,COMC,Heavy-duty Fb,,349.9999999999,0.6039205,1.125,1.25,0.06415,0.06415,21.4,0.375,0.325,1.25,,,,0.7,,,
OIL,COMC,Heavy-duty Fb,,100,0.6039205,1.125,1.25,0.06415,0.06415,21.4,0.375,0.325,1.25,,,,0.7,,,
OIL,COMC,Heavy-duty Fb,,99.9999999999,0.602386,1.125,1.25,0.06415,0.06415,21.4,0.375,0.325,1.25,,,,0.7,,,
OIL,COMC,Heavy-duty Fb,,9,0.602386,1.125,1.25,0.06415,0.06415,21.4,0.375,0.325,1.25,,,,0.7,,,
OIL,COMC,Heavy-duty Fb,,8.9999999999,0.6019405,1.125,1.25,0.06415,0.06415,21.4,0.375,0.325,1.25,,,,0.7,,,
OIL,COMC,Heavy-duty H,,350,0.6191,1.125,1.25,0.06415,0.06415,21.4,0.375,0.325,1.25,,,,0.7,,,
OIL,COMC,Heavy-duty H,,349.9999999999,0.61009,1.125,1.25,0.06415,0.06415,21.4,0.375,0.325,1.25,,,,0.7,,,
OIL,COMC,Heavy-duty H,,100,0.61009,1.125,1.25,0.06415,0.06415,21.4,0.375,0.325,1.25,,,,0.7,,,
OIL,COMC,Heavy-duty H,,99.9999999999,0.60668,1.125,1.25,0.06415,0.06415,21.4,0.375,0.325,1.25,,,,0.7,,,
OIL,COMC,Heavy-duty H,,9,0.60668,1.125,1.25,0.06415,0.06415,21.4,0.375,0.325,1.25,,,,0.7,,,
OIL,COMC,Heavy-duty H,,8.9999999999,0.60569,1.125,1.25,0.06415,0.06415,21.4,0.375,0.325,1.25,,,,0.7,,,
GAS,GTUR,aeroderivative,,350,0.497424882354571,0.55,0.625,0.15415,0.15415,47.26,0.73,0.35,0.1,,,,0.65,,,
GAS,GTUR,aeroderivative,,349.9999999999,0.454512546594961,0.55,0.625,0.15415,0.15415,47.26,0.73,0.35,0.1,,,,0.65,,,
GAS,GTUR,aeroderivative,,100,0.454512546594961,0.55,0.625,0.15415,0.15415,47.26,0.73,0.35,0.1,,,,0.65,,,
GAS,GTUR,aeroderivative,,99.9999999999,0.378759155447463,0.55,0.625,0.15415,0.15415,47.26,0.73,0.35,0.1,,,,0.65,,,
GAS,GTUR,aeroderivative,,9,0.378759155447463,0.55,0.625,0.15415,0.15415,47.26,0.73,0.35,0.1,,,,0.65,,,
GAS,GTUR,aeroderivative,,8.9999999999,0.297002105144203,0.55,0.625,0.15415,0.15415,47.26,0.73,0.35,0.1,,,,0.65,,,
OIL,GTUR,aeroderivative,,350,0.497424882354571,0.55,0.625,0.15415,0.15415,47.26,0.73,0.35,0.1,,,,0.8,,,
OIL,GTUR,aeroderivative,,349.9999999999,0.454512546594961,0.55,0.625,0.15415,0.15415,47.26,0.73,0.35,0.1,,,,0.8,,,
OIL,GTUR,aeroderivative,,100,0.454512546594961,0.55,0.625,0.15415,0.15415,47.26,0.73,0.35,0.1,,,,0.8,,,
OIL,GTUR,aeroderivative,,99.9999999999,0.378759155447463,0.55,0.625,0.15415,0.15415,47.26,0.73,0.35,0.1,,,,0.8,,,
OIL,GTUR,aeroderivative,,9,0.378759155447463,0.55,0.625,0.15415,0.15415,47.26,0.73,0.35,0.1,,,,0.8,,,
OIL,GTUR,aeroderivative,,8.9999999999,0.297002105144203,0.55,0.625,0.15415,0.15415,47.26,0.73,0.35,0.1,,,,0.8,,,
GAS,GTUR,Heavy-duty E,,350,0.381413289879093,0.55,0.625,0.15415,0.15415,47.26,0.73,0.35,0.25,,,,0.65,,,
GAS,GTUR,Heavy-duty E,,349.9999999999,0.365855164790602,0.55,0.625,0.15415,0.15415,47.26,0.73,0.35,0.25,,,,0.65,,,
GAS,GTUR,Heavy-duty E,,100,0.365855164790602,0.55,0.625,0.15415,0.15415,47.26,0.73,0.35,0.25,,,,0.65,,,
GAS,GTUR,Heavy-duty E,,99.9999999999,0.336148979967544,0.55,0.625,0.15415,0.15415,47.26,0.73,0.35,0.25,,,,0.65,,,
GAS,GTUR,Heavy-duty E,,9,0.336148979967544,0.55,0.625,0.15415,0.15415,47.26,0.73,0.35,0.25,,,,0.65,,,
GAS,GTUR,Heavy-duty E,,8.9999999999,0.300931457582758,0.55,0.625,0.15415,0.15415,47.26,0.73,0.35,0.25,,,,0.65,,,
GAS,GTUR,Heavy-duty Fa,,350,0.40845,0.55,0.625,0.15415,0.15415,47.26,0.73,0.35,0.25,,,,0.65,,,
GAS,GTUR,Heavy-duty Fa,,349.9999999999,0.390915,0.55,0.625,0.15415,0.15415,47.26,0.73,0.35,0.25,,,,0.65,,,
GAS,GTUR,Heavy-duty Fa,,100,0.390915,0.55,0.625,0.15415,0.15415,47.26,0.73,0.35,0.25,,,,0.65,,,
GAS,GTUR,Heavy-duty Fa,,99.9999999999,0.37898,0.55,0.625,0.15415,0.15415,47.26,0.73,0.35,0.25,,,,0.65,,,
GAS,GTUR,Heavy-duty Fa,,9,0.37898,0.55,0.625,0.15415,0.15415,47.26,0.73,0.35,0.25,,,,0.65,,,
GAS,GTUR,Heavy-duty Fa,,8.9999999999,0.375515,0.55,0.625,0.15415,0.15415,47.26,0.73,0.35,0.25,,,,0.65,,,
GAS,GTUR,Heavy-duty Fb,,350,0.40845,0.55,0.625,0.15415,0.15415,47.26,0.73,0.35,0.25,,,,0.65,,,
GAS,GTUR,Heavy-duty Fb,,349.9999999999,0.390915,0.55,0.625,0.15415,0.15415,47.26,0.73,0.35,0.25,,,,0.65,,,
GAS,GTUR,Heavy-duty Fb,,100,0.390915,0.55,0.625,0.15415,0.15415,47.26,0.73,0.35,0.25,,,,0.65,,,
GAS,GTUR,Heavy-duty Fb,,99.9999999999,0.37898,0.55,0.625,0.15415,0.15415,47.26,0.73,0.35,0.25,,,,0.65,,,
GAS,GTUR,Heavy-duty Fb,,9,0.37898,0.55,0.625,0.15415,0.15415,47.26,0.73,0.35,0.25,,,,0.65,,,
GAS,GTUR,Heavy-duty Fb,,8.9999999999,0.375515,0.55,0.625,0.15415,0.15415,47.26,0.73,0.35,0.25,,,,0.65,,,
GAS,GTUR,Heavy-duty H,,350,0.4181,0.55,0.625,0.15415,0.15415,47.26,0.73,0.35,0.25,,,,0.65,,,
GAS,GTUR,Heavy-duty H,,349.9999999999,0.40808,0.55,0.625,0.15415,0.15415,47.26,0.73,0.35,0.25,,,,0.65,,,
GAS,GTUR,Heavy-duty H,,100,0.40808,0.55,0.625,0.15415,0.15415,47.26,0.73,0.35,0.25,,,,0.65,,,
GAS,GTUR,Heavy-duty H,,99.9999999999,0.40126,0.55,0.625,0.15415,0.15415,47.26,0.73,0.35,0.25,,,,0.65,,,
GAS,GTUR,Heavy-duty H,,9,0.40126,0.55,0.625,0.15415,0.15415,47.26,0.73,0.35,0.25,,,,0.65,,,
GAS,GTUR,Heavy-duty H,,8.9999999999,0.39928,0.55,0.625,0.15415,0.15415,47.26,0.73,0.35,0.25,,,,0.65,,,
OIL,GTUR,Heavy-duty E,,350,0.381413289879093,0.55,0.625,0.15415,0.15415,47.26,0.73,0.35,0.25,,,,0.8,,,
OIL,GTUR,Heavy-duty E,,349.9999999999,0.365855164790602,0.55,0.625,0.15415,0.15415,47.26,0.73,0.35,0.25,,,,0.8,,,
OIL,GTUR,Heavy-duty E,,100,0.365855164790602,0.55,0.625,0.15415,0.15415,47.26,0.73,0.35,0.25,,,,0.8,,,
OIL,GTUR,Heavy-duty E,,99.9999999999,0.336148979967544,0.55,0.625,0.15415,0.15415,47.26,0.73,0.35,0.25,,,,0.8,,,
OIL,GTUR,Heavy-duty E,,9,0.336148979967544,0.55,0.625,0.15415,0.15415,47.26,0.73,0.35,0.25,,,,0.8,,,
OIL,GTUR,Heavy-duty E,,8.9999999999,0.300931457582758,0.55,0.625,0.15415,0.15415,47.26,0.73,0.35,0.25,,,,0.8,,,
OIL,GTUR,Heavy-duty Fa,,350,0.40845,0.55,0.625,0.15415,0.15415,47.26,0.73,0.35,0.25,,,,0.8,,,
OIL,GTUR,Heavy-duty Fa,,349.9999999999,0.390915,0.55,0.625,0.15415,0.15415,47.26,0.73,0.35,0.25,,,,0.8,,,
OIL,GTUR,Heavy-duty Fa,,100,0.390915,0.55,0.625,0.15415,0.15415,47.26,0.73,0.35,0.25,,,,0.8,,,
OIL,GTUR,Heavy-duty Fa,,99.9999999999,0.37898,0.55,0.625,0.15415,0.15415,47.26,0.73,0.35,0.25,,,,0.8,,,
OIL,GTUR,Heavy-duty Fa,,9,0.37898,0.55,0.625,0.15415,0.15415,47.26,0.73,0.35,0.25,,,,0.8,,,
OIL,GTUR,Heavy-duty Fa,,8.9999999999,0.375515,0.55,0.625,0.15415,0.15415,47.26,0.73,0.35,0.25,,,,0.8,,,
OIL,GTUR,Heavy-duty Fb,,350,0.40845,0.55,0.625,0.15415,0.15415,47.26,0.73,0.35,0.25,,,,0.8,,,
OIL,GTUR,Heavy-duty Fb,,349.9999999999,0.390915,0.55,0.625,0.15415,0.15415,47.26,0.73,0.35,0.25,,,,0.8,,,
OIL,GTUR,Heavy-duty Fb,,100,0.390915,0.55,0.625,0.15415,0.15415,47.26,0.73,0.35,0.25,,,,0.8,,,
OIL,GTUR,Heavy-duty Fb,,99.9999999999,0.37898,0.55,0.625,0.15415,0.15415,47.26,0.73,0.35,0.25,,,,0.8,,,
OIL,GTUR,Heavy-duty Fb,,9,0.37898,0.55,0.625,0.15415,0.15415,47.26,0.73,0.35,0.25,,,,0.8,,,
OIL,GTUR,Heavy-duty Fb,,8.9999999999,0.375515,0.55,0.625,0.15415,0.15415,47.26,0.73,0.35,0.25,,,,0.8,,,
OIL,GTUR,Heavy-duty H,,350,0.4181,0.55,0.625,0.15415,0.15415,47.26,0.73,0.35,0.25,,,,0.8,,,
OIL,GTUR,Heavy-duty H,,349.9999999999,0.40808,0.55,0.625,0.15415,0.15415,47.26,0.73,0.35,0.25,,,,0.8,,,
OIL,GTUR,Heavy-duty H,,100,0.40808,0.55,0.625,0.15415,0.15415,47.26,0.73,0.35,0.25,,,,0.8,,,
OIL,GTUR,Heavy-duty H,,99.9999999999,0.40126,0.55,0.625,0.15415,0.15415,47.26,0.73,0.35,0.25,,,,0.8,,,
OIL,GTUR,Heavy-duty H,,9,0.40126,0.55,0.625,0.15415,0.15415,47.26,0.73,0.35,0.25,,,,0.8,,,
OIL,GTUR,Heavy-duty H,,8.9999999999,0.39928,0.55,0.625,0.15415,0.15415,47.26,0.73,0.35,0.25,,,,0.8,,,
GAS,STUR,,,350,0.4,3.125,3.5,0.0379,0.0379,,1.17,0.4,1,,,,,,,
GAS,STUR,,,349.9999999999,0.4,3.125,3.5,0.0379,0.0379,,1.17,0.4,1,,,,,,,
GAS,STUR,,,100,0.4,3.125,3.5,0.0379,0.0379,,1.17,0.4,1,,,,,,,
GAS,STUR,,,99.9999999999,0.4,3.125,3.5,0.0379,0.0379,,1.17,0.4,1,,,,,,,
GAS,STUR,,,9,0.4,3.125,3.5,0.0379,0.0379,,1.17,0.4,1,,,,,,,
GAS,STUR,,,8.9999999999,0.4,3.125,3.5,0.0379,0.0379,,1.17,0.4,1,,,,,,,
OIL,STUR,,,350,0.4,3.125,3.5,0.0379,0.0379,,1.17,0.4,1,,,,,,,
OIL,STUR,,,349.9999999999,0.4,3.125,3.5,0.0379,0.0379,,1.17,0.4,1,,,,,,,
OIL,STUR,,,100,0.4,3.125,3.5,0.0379,0.0379,,1.17,0.4,1,,,,,,,
OIL,STUR,,,99.9999999999,0.4,3.125,3.5,0.0379,0.0379,,1.17,0.4,1,,,,,,,
OIL,STUR,,,9,0.4,3.125,3.5,0.0379,0.0379,,1.17,0.4,1,,,,,,,
OIL,STUR,,,8.9999999999,0.4,3.125,3.5,0.0379,0.0379,,1.17,0.4,1,,,,,,,
GAS,ICEN,,,10,0.504566027344582,,,,,,,,,,,,0.7,,,
GAS,ICEN,,,9.9999999999,0.471295707540583,,,,,,,,,,,,0.7,,,
GAS,ICEN,,,5,0.471295707540583,,,,,,,,,,,,0.7,,,
GAS,ICEN,,,4.9999999999,0.427273887620863,,,,,,,,,,,,0.7,,,
GAS,ICEN,,,2,0.427273887620863,,,,,,,,,,,,0.7,,,
GAS,ICEN,,,1.9999999999,0.369388214963504,,,,,,,,,,,,0.7,,,
OIL,ICEN,,,10,0.504566027344582,,,,,,,,,,,,0.85,,,
OIL,ICEN,,,9.9999999999,0.471295707540583,,,,,,,,,,,,0.85,,,
OIL,ICEN,,,5,0.471295707540583,,,,,,,,,,,,0.85,,,
OIL,ICEN,,,4.9999999999,0.427273887620863,,,,,,,,,,,,0.85,,,
OIL,ICEN,,,2,0.427273887620863,,,,,,,,,,,,0.85,,,
OIL,ICEN,,,1.9999999999,0.369388214963504,,,,,,,,,,,,0.85,,,
GAS,COMC,,,200,0.825,,,,,,,0.4,,back-pressure,,,0.4,,,
GAS,COMC,,,50,0.825,,,,,,,0.4,,back-pressure,,,0.4,,,
OIL,COMC,,,200,0.825,,,,,,,0.4,,back-pressure,,,0.7,,,
OIL,COMC,,,50,0.825,,,,,,,0.4,,back-pressure,,,0.7,,,
GAS,COMC,,,800,0.825,,,,,,,0.4,,extraction,,,0.4,,,
GAS,COMC,,,100,0.825,,,,,,,0.4,,extraction,,,0.4,,,
OIL,COMC,,,800,0.825,,,,,,,0.4,,extraction,,,0.7,,,
OIL,COMC,,,100,0.825,,,,,,,0.4,,extraction,,,0.7,,,
GAS,GTUR,,,50,0.75,,,,,,,,,back-pressure,,,0.65,,,
GAS,GTUR,,,5,0.75,,,,,,,,,back-pressure,,,0.65,,,
OIL,GTUR,,,50,0.75,,,,,,,,,back-pressure,,,0.8,,,
OIL,GTUR,,,5,0.75,,,,,,,,,back-pressure,,,0.8,,,
GAS,GTUR,,,100,0.75,,,,,,,,,extraction,,,0.65,,,
GAS,GTUR,,,20,0.75,,,,,,,,,extraction,,,0.65,,,
OIL,GTUR,,,100,0.75,,,,,,,,,extraction,,,0.8,,,
OIL,GTUR,,,20,0.75,,,,,,,,,extraction,,,0.8,,,
GAS,ICEN,,,10,0.892,,,,,,,,,back-pressure,,,0.7,,,
GAS,ICEN,,,0.1,0.892,,,,,,,,,back-pressure,,,0.7,,,
OIL,ICEN,,,10,0.892,,,,,,,,,back-pressure,,,0.85,,,
OIL,ICEN,,,0.1,0.892,,,,,,,,,back-pressure,,,0.85,,,
GAS,ICEN,,,20,0.892,,,,,,,,,extraction,,,0.7,,,
GAS,ICEN,,,5,0.892,,,,,,,,,extraction,,,0.7,,,
OIL,ICEN,,,20,0.892,,,,,,,,,extraction,,,0.85,,,
OIL,ICEN,,,5,0.892,,,,,,,,,extraction,,,0.85,,,
GAS,STUR,,,100,0.835,,,,,,,,,back-pressure,,,,,,
GAS,STUR,,,1,0.835,,,,,,,,,back-pressure,,,,,,
OIL,STUR,,,100,0.835,,,,,,,,,back-pressure,,,,,,
OIL,STUR,,,1,0.835,,,,,,,,,back-pressure,,,,,,
GAS,STUR,,,500,0.725,,,,,,,,,extraction,,,,,,
GAS,STUR,,,50,0.725,,,,,,,,,extraction,,,,,,
OIL,STUR,,,500,0.725,,,,,,,,,extraction,,,,,,
OIL,STUR,,,50,0.725,,,,,,,,,extraction,,,,,,
NUC,STUR,Pressurized water reactor,,750,0.355,87,26,0.05125,0.05125,,,0.35,6,,,,,,,
NUC,STUR,Pressurized water reactor,,749.9999999999,0.355,87,26,0.05125,0.05125,,,0.35,6,,,,,,,
NUC,STUR,Boiling water reactor,,750,0.33,87,26,0.05125,0.05125,,,0.4,6,,,,,,,
NUC,STUR,Boiling water reactor,,749.9999999999,0.33,87,26,0.05125,0.05125,,,0.4,6,,,,,,,
BIO,STUR,,,,0.35,,,0.05125,0.05125,,,0.3,,,,,,,,
BIO,STUR,,,,,,,,,,,0.3,,back-pressure,,,,,,
BIO,STUR,,,,,,,,,,,0.3,,extraction,,,,,,
BIO,STUR,Organic Rankine-cycle,,,,,,,,,,0.3,,back-pressure,,,,,,
BIO,STUR,Organic Rankine-cycle,,,,,,,,,,0.3,,extraction,,,,,,
BIO,ICEN,,,,,,,,,,,,,,,,,,,
BIO,ICEN,,,,0.8705,,,,,,,,,back-pressure,,,,,,
BIO,ICEN,,,,0.8705,,,,,,,,,extraction,,,,,,
WAT,HROR,,,30,0.95,,,,,,,,,,,,,,,
WAT,HROR,,,29.9999999999,0.95,,,,,,,,,,,,,,,
WAT,HROR,,,10,0.95,,,,,,,,,,,,,,,
WAT,HROR,,,9.9999999999,0.9,,,,,,,,,,,,,,,
WAT,HROR,,,1,0.9,,,,,,,,,,,,,,,
WAT,HROR,,,0.9999999999,0.9,,,,,,,,,,,,,,,
WAT,HDAM,,,75,0.95,,,,,,,,,,,,,0.0001,,
WAT,HDAM,,,74.9999999999,0.95,,,,,,,,,,,,,0.0001,,
WAT,HDAM,,,10,0.95,,,,,,,,,,,,,0.0001,,
WAT,HDAM,,,9.9999999999,0.9,,,,,,,,,,,,,0.0001,,
WAT,HDAM,,,1,0.9,,,,,,,,,,,,,0.0001,,
WAT,HDAM,,,0.9999999999,0.9,,,,,,,,,,,,,0.0001,,
WAT,HPHS,,,75,0.675,,,,,,,,,,,,,0.0002,67.5,0.675
WAT,HPHS,,,74.9999999999,0.675,,,,,,,,,,,,,0.0002,67.49999999991,0.675
WAT,HPHS,,,10,0.675,,,,,,,,,,,,,0.0002,9,0.675
WAT,HPHS,,,9.9999999999,0.675,,,,,,,,,,,,,0.0002,8.99999999991,0.675
WAT,HPHS,,,1,0.675,,,,,,,,,,,,,0.0002,0.9,0.675
WAT,HPHS,,,0.9999999999,0.675,,,,,,,,,,,,,0.0002,0.89999999991,0.675
SUN,PHOT,,,0.0099999999,1,,,1,1,0,0,,0,,,,,,,
SUN,PHOT,,,0.01,1,,,1,1,0,0,,0,,,,,,,
SUN,PHOT,,,0.4999999999,1,,,1,1,0,0,,0,,,,,,,
SUN,PHOT,,,1,1,,,1,1,0,0,,0,,,,,,,
SUN,PHOT,,,99.9999999999,1,,,1,1,0,0,,0,,,,,,,
SUN,PHOT,,,100,1,,,1,1,0,0,,0,,,,,,,
WIN,WTOF,Standard depth,,20,1,0,0,0.35,0.35,0,0,0,0,,,,,,,
WIN,WTOF,Standard depth,,19.9999999999,1,0,0,0.35,0.35,0,0,0,0,,,,,,,
WIN,WTOF,Standard depth,,15,1,0,0,0.35,0.35,0,0,0,0,,,,,,,
WIN,WTOF,Standard depth,,14.9999999999,1,0,0,0.35,0.35,0,0,0,0,,,,,,,
WIN,WTOF,Standard depth,,8,1,0,0,0.35,0.35,0,0,0,0,,,,,,,
WIN,WTOF,Near shore,,20,1,0,0,0.35,0.35,0,0,0,0,,,,,,,
WIN,WTOF,Near shore,,19.9999999999,1,0,0,0.35,0.35,0,0,0,0,,,,,,,
WIN,WTOF,Near shore,,15,1,0,0,0.35,0.35,0,0,0,0,,,,,,,
WIN,WTOF,Near shore,,14.9999999999,1,0,0,0.35,0.35,0,0,0,0,,,,,,,
WIN,WTOF,Near shore,,8,1,0,0,0.35,0.35,0,0,0,0,,,,,,,
WIN,WTOF,Deep water,,20,1,0,0,0.35,0.35,0,0,0,0,,,,,,,
WIN,WTOF,Deep water,,19.9999999999,1,0,0,0.35,0.35,0,0,0,0,,,,,,,
WIN,WTOF,Deep water,,15,1,0,0,0.35,0.35,0,0,0,0,,,,,,,
WIN,WTOF,Deep water,,14.9999999999,1,0,0,0.35,0.35,0,0,0,0,,,,,,,
WIN,WTOF,Deep water,,8,1,0,0,0.35,0.35,0,0,0,0,,,,,,,
WIN,WTOF,Far offshore,,20,1,0,0,0.35,0.35,0,0,0,0,,,,,,,
WIN,WTOF,Far offshore,,19.9999999999,1,0,0,0.35,0.35,0,0,0,0,,,,,,,
WIN,WTOF,Far offshore,,15,1,0,0,0.35,0.35,0,0,0,0,,,,,,,
WIN,WTOF,Far offshore,,14.9999999999,1,0,0,0.35,0.35,0,0,0,0,,,,,,,
WIN,WTOF,Far offshore,,8,1,0,0,0.35,0.35,0,0,0,0,,,,,,,
WIN,WTON,IEC Class III/IV,,8,1,0,0,0.275,0.275,0,0,0,0,,,,,,,
WIN,WTON,IEC Class III/IV,,7.9999999999,1,0,0,0.275,0.275,0,0,0,0,,,,,,,
WIN,WTON,IEC Class III/IV,,5,1,0,0,0.275,0.275,0,0,0,0,,,,,,,
WIN,WTON,IEC Class III/IV,,4.9999999999,1,0,0,0.275,0.275,0,0,0,0,,,,,,,
WIN,WTON,IEC Class III/IV,,3,1,0,0,0.275,0.275,0,0,0,0,,,,,,,
WIN,WTON,IEC Class III/IV,,2.9999999999,1,0,0,0.275,0.275,0,0,0,0,,,,,,,
WIN,WTON,IEC Class II,,8,1,0,0,0.275,0.275,0,0,0,0,,,,,,,
WIN,WTON,IEC Class II,,7.9999999999,1,0,0,0.275,0.275,0,0,0,0,,,,,,,
WIN,WTON,IEC Class II,,5,1,0,0,0.275,0.275,0,0,0,0,,,,,,,
WIN,WTON,IEC Class II,,4.9999999999,1,0,0,0.275,0.275,0,0,0,0,,,,,,,
WIN,WTON,IEC Class II,,3,1,0,0,0.275,0.275,0,0,0,0,,,,,,,
WIN,WTON,IEC Class II,,2.9999999999,1,0,0,0.275,0.275,0,0,0,0,,,,,,,
WIN,WTON,IEC Class I,,8,1,0,0,0.275,0.275,0,0,0,0,,,,,,,
WIN,WTON,IEC Class I,,7.9999999999,1,0,0,0.275,0.275,0,0,0,0,,,,,,,
WIN,WTON,IEC Class I,,5,1,0,0,0.275,0.275,0,0,0,0,,,,,,,
WIN,WTON,IEC Class I,,4.9999999999,1,0,0,0.275,0.275,0,0,0,0,,,,,,,
WIN,WTON,IEC Class I,,3,1,0,0,0.275,0.275,0,0,0,0,,,,,,,
WIN,WTON,IEC Class I,,2.9999999999,1,0,0,0.275,0.275,0,0,0,0,,,,,,,
WAT,WAVE,,,2,0.185,0,0,0.175,0.175,0,0,0,0,,,,,,,
WAT,WAVE,,,1.9999999999,0.15,0,0,0.175,0.175,0,0,0,0,,,,,,,
WAT,WAVE,,,0.1,0.15,0,0,0.175,0.175,0,0,0,0,,,,,,,
WAT,WAVE,,,0.0999999999,0.115,0,0,0.175,0.175,0,0,0,0,,,,,,,
WHT,WHEN,,,5,0.185,5,2.5,0.06,0.06,100,5,0.3,1.25,,,,,,,
WHT,WHEN,,,4.9999999999,0.16,5,2.5,0.06,0.06,100,5,0.3,1.25,,,,,,,
WHT,WHEN,,,0.5,0.16,5,2.5,0.06,0.06,100,5,0.3,1.25,,,,,,,
WHT,WHEN,,,0.4999999999,0.13,5,2.5,0.06,0.06,100,5,0.3,1.25,,,,,,,
SUN,SCSP,parabolic trough,,200,0.23,3,2,0.1,0.1,150,7.5,0.3,100,,,,,0.008,,
SUN,SCSP,parabolic trough,,199.9999999999,0.205,3,2,0.1,0.1,150,7.5,0.3,100,,,,,0.008,,
SUN,SCSP,parabolic trough,,50,0.205,3,2,0.1,0.1,150,7.5,0.3,100,,,,,0.008,,
SUN,SCSP,parabolic trough,,49.9999999999,0.18,3,2,0.1,0.1,150,7.5,0.3,100,,,,,0.008,,
SUN,SCSP,solar tower ,,200,0.23,2.5,1.75,0.14,0.14,150,7.5,0.3,100,,,,,0.005,,
SUN,SCSP,solar tower ,,199.9999999999,0.205,2.5,1.75,0.14,0.14,150,7.5,0.3,100,,,,,0.005,,
SUN,SCSP,solar tower ,,50,0.205,2.5,1.75,0.14,0.14,150,7.5,0.3,100,,,,,0.005,,
SUN,SCSP,solar tower ,,49.9999999999,0.18,2.5,1.75,0.14,0.14,150,7.5,0.3,100,,,,,0.005,,
SUN,SCSP,linear fresnel,,200,0.23,3.75,2.75,0.065,0.065,150,7.5,0.3,100,,,,,0.012,,
SUN,SCSP,linear fresnel,,199.9999999999,0.205,3.75,2.75,0.065,0.065,150,7.5,0.3,100,,,,,0.012,,
SUN,SCSP,linear fresnel,,50,0.205,3.75,2.75,0.065,0.065,150,7.5,0.3,100,,,,,0.012,,
SUN,SCSP,linear fresnel,,49.9999999999,0.18,3.75,2.75,0.065,0.065,150,7.5,0.3,100,,,,,0.012,,
ELE,BATS,,,5,0.935,0,0,1,1,0,0,0,0,,,,0,0.0008,5,0.935
ELE,BATS,,,4.9999999999,0.92,0,0,1,1,0,0,0,0,,,,0,0.0008,4.9999999999,0.92
ELE,BATS,,,0.1,0.92,0,0,1,1,0,0,0,0,,,,0,0.0008,0.1,0.92
ELE,BATS,,,0.0999999999,0.9,0,0,1,1,0,0,0,0,,,,0,0.0008,0.0999999999,0.9
OTH,P2BS,Power-to-Liquids,,200,0.5,24,12,0.03,0.03,500,17.5,0.35,4,,15,0.35,0,,,0.5
OTH,P2BS,Power-to-Liquids,,10,0.5,24,12,0.03,0.03,500,17.5,0.35,4,,15,0.35,0,,,0.5
OTH,DMFC,Direct Methanol Fuel Cell,,0.1,0.35,20.25,1.1,0.5,0.5,40,3.5,,0.166666667,,6,0.29,0,,,
OTH,DMFC,Direct Methanol Fuel Cell,,0.1,0.9,20.25,1.1,0.5,0.5,40,3.5,,0.166666667,back-pressure,6,0.29,0,,,
OTH,P2BS,Power-to-Chemicals,,500,0.55,48,39,0.0225,0.0225,1600,24,0.5,6,,18.75,0.4,0,,,0.55
OTH,P2BS,Power-to-Chemicals,,50,0.55,48,39,0.0225,0.0225,1600,24,0.5,6,,18.75,0.4,0,,,0.55
OTH,P2GS,Power-to-Gas,,100,0.6,24,19.5,5,5,800,14.5,0.45,3,,12,0.45,0,,,0.6
OTH,P2GS,Power-to-Gas,,1,0.6,24,19.5,5,5,800,14.5,0.45,3,,12,0.45,0,,,0.6
HYD,PEME,PEM Electrolyzer,,200,0.7,2.25,1,0.6,0.6,20,3.5,0.2,0.083333333,,6,0.55,0,,,0.7
HYD,PEME,PEM Electrolyzer,,1,0.7,2.25,1,0.6,0.6,20,3.5,0.2,0.083333333,,6,0.55,0,,,0.7
HYD,PEME,PEM Electrolyzer,,200,0.7,2.25,1,0.6,0.6,20,3.5,0.2,0.083333333,back-pressure,6,0.55,0,,,0.7
HYD,PEME,PEM Electrolyzer,,1,0.7,2.25,1,0.6,0.6,20,3.5,0.2,0.083333333,back-pressure,6,0.55,0,,,0.7
HYD,ALKE,Alkaline Electrolyzer,,100,0.65,7,4.5,0.175,0.175,100,9,0.3,1,,12.5,0.575,0,,,0.65
HYD,ALKE,Alkaline Electrolyzer,,1,0.65,7,4.5,0.175,0.175,100,9,0.3,1,,12.5,0.575,0,,,0.65
HYD,ALKE,Alkaline Electrolyzer,,100,0.925,7,4.5,0.175,0.175,100,9,0.3,1,back-pressure,12.5,0.575,0,,,0.925
HYD,ALKE,Alkaline Electrolyzer,,1,0.925,7,4.5,0.175,0.175,100,9,0.3,1,back-pressure,12.5,0.575,0,,,0.925
HYD,SOXE,Solid Oxide Electrolyzer,,100,0.85,14,7,0.06,0.06,400,15,0.4,2,,25,0.7,0,,,0.85
HYD,SOXE,Solid Oxide Electrolyzer,,0.1,0.85,14,7,0.06,0.06,400,15,0.4,2,,25,0.7,0,,,0.85
HYD,SOXE,Solid Oxide Electrolyzer,,100,1.075,14,7,0.06,0.06,400,15,0.4,2,extraction,25,0.7,0,,,1
HYD,SOXE,Solid Oxide Electrolyzer,,0.1,1.075,14,7,0.06,0.06,400,15,0.4,2,extraction,25,0.7,0,,,1
HYD,PEFC,Polymer Electrolyte Fuel Cell,,5,0.5,0.5,1.05,0.6,0.6,30,6,0.2,0.083333333,,7.5,0.44,0,,,
HYD,PEFC,Polymer Electrolyte Fuel Cell,,5,0.9,0.5,1.05,0.6,0.6,30,6,0.2,0.083333333,back-pressure,7.5,0.44,0,,,
HYD,SOFC,Solid Oxide Fuel Cell,,100,0.6,14,7,0.075,0.075,300,12,0.3,1,,19,0.54,0,,,
HYD,SOFC,Solid Oxide Fuel Cell,,100,0.9,14,7,0.075,0.075,300,12,0.3,1,extraction,19,0.54,0,,,
HYD,MCFC,Molten Carbonate Fuel Cell,,5,0.55,24,14,0.065,0.065,600,18,0.35,4,,31,0.49,0,,,
HYD,MCFC,Molten Carbonate Fuel Cell,,0.3,0.55,24,14,0.065,0.065,600,18,0.35,4,,31,0.49,0,,,
HYD,MCFC,Molten Carbonate Fuel Cell,,5,0.9,24,14,0.065,0.065,600,18,0.35,4,extraction,31,0.49,0,,,
HYD,MCFC,Molten Carbonate Fuel Cell,,0.3,0.9,24,14,0.065,0.065,600,18,0.35,4,extraction,31,0.49,0,,,
HYD,PAFC,Phosphoric Acid Fuel Cell,,5,0.45,7,3.5,0.25,0.25,200,9,0.25,0.5,,15.5,0.39,0,,,
HYD,PAFC,Phosphoric Acid Fuel Cell,,0.1,0.45,7,3.5,0.25,0.25,200,9,0.25,0.5,,15.5,0.39,0,,,
HYD,PAFC,Phosphoric Acid Fuel Cell,,5,0.9,7,3.5,0.25,0.25,200,9,0.25,0.5,back-pressure,15.5,0.39,0,,,
HYD,PAFC,Phosphoric Acid Fuel Cell,,0.1,0.9,7,3.5,0.25,0.25,200,9,0.25,0.5,back-pressure,15.5,0.39,0,,,
HYD,ALFC,Alkaline Fuel Cell,,0.5,0.55,4.5,2.25,0.375,0.375,100,6,0.3,100,,10,0.49,0,,,
HYD,ALFC,Alkaline Fuel Cell,,0.5,0.95,4.5,2.25,0.375,0.375,100,6,0.3,100,back-pressure,10,0.49,0,,,
HYD,REFC,Regenerative Fuel Cell,,1,0.45,2.25,1.1,0.25,0.25,60,6,0.25,0.166666667,,7.5,0.44,0,0.0005,1,0.45
HYD,REFC,Regenerative Fuel Cell,,1,0.9,2.25,1.1,0.25,0.25,60,6,0.25,0.166666667,back-pressure,7.5,0.44,0,0.0005,1,0.9
AMO,HBBS,Haber-Bosch,,500,0.75,36,18,0.6,0.6,4000,30,0.6,12,,37.5,0.6,0,,,
AMO,HBBS,Haber-Bosch,,10,0.75,36,18,0.6,0.6,4000,30,0.6,12,,37.5,0.6,0,,,
AMO,HBBS,Haber-Bosch,,500,1,36,18,0.6,0.6,4000,30,0.6,12,extraction,37.5,0.6,0,,,
AMO,HBBS,Haber-Bosch,,10,1,36,18,0.6,0.6,4000,30,0.6,12,extraction,37.5,0.6,0,,,
ELE,BEVS,Li-ion,,5000,0.9,0,0,1,1,0,1.05,0,0,,1.05,0.85,0,0.0001,5000,0.97
ELE,BEVS,Li-ion,,200,0.9,0,0,1,1,0,1.05,0,0,,1.05,0.85,0,0.0001,200,0.97
ELE,BEVS,Li-ion,,199.9999999999,0.9,0,0,1,1,0,1.05,0,0,,1.05,0.85,0,0.0001,199.9999999999,0.97
ELE,BEVS,Li-ion,,10,0.9,0,0,1,1,0,1.05,0,0,,1.05,0.85,0,0.0001,10,0.97
ELE,BEVS,Li-ion,,9.9999999999,0.9,0,0,1,1,0,1.05,0,0,,1.05,0.85,0,0.0001,9.9999999999,0.97
ELE,BEVS,Li-ion,,0.1,0.9,0,0,1,1,0,1.05,0,0,,1.05,0.85,0,0.0001,0.1,0.97
ELE,ASHP,Residential rural air heat pump,,0.012,1,0.125,0.125,1,1,0,0,0.15,0.0416666666666667,p2h,,1,0,,,
ELE,ASHP,Residential urban decentral air heat pump,,0.008,1,0.125,0.125,1,1,0,0,0.175,0.0416666666666667,p2h,,1,0,,,
ELE,ASHP,Services rural air heat pump,,0.05,1,0.175,0.175,0.9,0.9,0,0,0.2,0.166666666666667,p2h,,1,0,,,
ELE,ASHP,Services urban Decentral air heat pump,,0.04,1,0.175,0.175,0.925,0.79,2.5,0,0.325,0.125,p2h,,1,0,,,
ELE,ASHP,Urban central air heat pump,,10,1,0.375,0.375,0.6,0.6,125,0,0.3,0.75,p2h,,1,0,,,
ELE,GSHP,Residential rural ground heat pump,,0.012,1,0.125,0.125,0.8,0.8,0,0,0.2,0.25,p2h,,1,0,,,
ELE,GSHP,Services rural ground heat pump,,0.1,1,0.125,0.125,0.8,0.8,0,0,0.2,0.25,p2h,,1,0,,,
ELE,REHE,Residential rural resistive heater,,0.006,1,0,0,1,1,0,0,0.1,0,p2h,,1,0,,,
ELE,REHE,Residential urban decentral resistive heater,,0.004,1,0,0,1,1,0,0,0.1,0,p2h,,1,0,,,
ELE,REHE,Services rural resistive heater,,0.1,1,0,0,1,1,0,0,0.15,0,p2h,,1,0,,,
ELE,REHE,Services urban decentral resistive heater,,0.02,1,0,0,1,1,0,0,0.15,0,p2h,,1,0,,,
ELE,P2BS,urban central resistive heater,,0.006,1,0,0,1,1,0,0,0,0,,0,1,0,,,
ELE,P2BS,Residential rural resistive heater,,0.006,1,0,0,1,1,0,0,0,0,,0,1,0,,,
ELE,P2BS,Residential urban decentral resistive heater,,0.006,1,0,0,1,1,0,0,0,0,,0,1,0,,,
ELE,P2BS,services urban decentral resistive heater,,0.006,1,0,0,1,1,0,0,0,0,,0,1,0,,,
ELE,P2BS,services rural resistive heater,,0.006,1,0,0,1,1,0,0,0,0,,0,1,0,,,
