avail_qty,end,nominal_power,production_resource_name,start
0,2023-05-24 13:00:00+00:00,128.0,Mauranger,2023-05-22 05:00:00+00:00
0,2023-04-21 13:00:00+00:00,290.0,Lang Sima,2023-04-17 05:00:00+00:00
0,2023-04-28 13:00:00+00:00,290.0,Lang Sima,2023-04-24 05:00:00+00:00
0,2023-03-29 13:00:00+00:00,360.0,Sy-Sima,2023-03-29 09:00:00+00:00
0,2023-04-14 13:00:00+00:00,360.0,Sy-Sima,2023-04-11 05:00:00+00:00
0,2023-04-19 10:00:00+00:00,140.0,Aurland3,2023-04-17 05:00:00+00:00
0,2023-04-21 15:00:00+00:00,150.0,Aurland3,2023-04-19 10:00:00+00:00
0,2023-03-01 07:00:00+00:00,280.0,Aurland1,2023-02-27 06:00:00+00:00
0,2023-02-16 14:00:00+00:00,185.0,Lysebotn 2,2023-02-15 07:00:00+00:00
0,2023-03-10 14:00:00+00:00,160.0,Tonstad,2022-05-02 05:00:00+00:00
0,2023-01-04 18:00:00+00:00,168.0,Tonstad,2023-01-04 06:00:00+00:00
0,2023-01-04 18:00:00+00:00,168.0,Tonstad,2023-01-04 06:00:00+00:00
0,2023-01-05 18:00:00+00:00,280.0,Aurland1,2023-01-04 10:00:00+00:00
0,2023-01-18 14:00:00+00:00,106.0,Sonna,2023-01-18 06:00:00+00:00
0,2023-01-04 18:00:00+00:00,160.0,Tonstad,2023-01-04 06:00:00+00:00
0,2023-01-02 18:00:00+00:00,168.0,Tonstad,2023-01-02 06:00:00+00:00
0,2023-01-02 18:00:00+00:00,168.0,Tonstad,2023-01-02 06:00:00+00:00
0,2023-01-03 09:00:00+00:00,168.0,Tonstad,2023-01-03 06:00:00+00:00
0,2023-01-03 09:00:00+00:00,168.0,Tonstad,2023-01-03 06:00:00+00:00
0,2023-01-08 11:00:00+00:00,168.0,Tonstad,2023-01-08 09:00:00+00:00
0,2023-01-08 11:00:00+00:00,168.0,Tonstad,2023-01-08 09:00:00+00:00
0,2023-01-02 09:00:00+00:00,110.0,Tokke,2022-12-28 20:00:00+00:00
0,2023-01-01 13:00:00+00:00,168.0,Tonstad,2023-01-01 09:00:00+00:00
0,2023-01-01 13:00:00+00:00,168.0,Tonstad,2023-01-01 09:00:00+00:00
0,2023-01-03 07:00:00+00:00,128.0,Mauranger,2022-12-22 14:00:00+00:00
0,2023-01-03 07:00:00+00:00,128.0,Mauranger,2022-12-23 16:00:00+00:00
200,2022-12-27 19:00:00+00:00,360.0,Sy-Sima,2022-12-27 18:30:00+00:00
200,2022-12-27 15:00:00+00:00,360.0,Sy-Sima,2022-11-30 18:00:00+00:00
200,2022-11-30 18:00:00+00:00,360.0,Sy-Sima,2022-11-30 17:30:00+00:00
200,2022-12-27 15:30:00+00:00,360.0,Sy-Sima,2022-12-27 15:00:00+00:00
200,2022-11-30 17:30:00+00:00,360.0,Sy-Sima,2022-11-30 17:15:00+00:00
0,2022-11-30 17:15:00+00:00,360.0,Sy-Sima,2022-11-30 17:00:00+00:00
0,2022-11-30 17:00:00+00:00,360.0,Sy-Sima,2022-11-30 10:00:00+00:00
110,2022-12-27 18:00:00+00:00,360.0,Sy-Sima,2022-12-27 16:00:00+00:00
200,2023-01-01 18:15:00+00:00,360.0,Sy-Sima,2023-01-01 18:00:00+00:00
110,2022-12-27 18:15:00+00:00,360.0,Sy-Sima,2022-12-27 18:00:00+00:00
200,2022-12-27 18:30:00+00:00,360.0,Sy-Sima,2022-12-27 18:15:00+00:00
200,2023-01-01 18:00:00+00:00,360.0,Sy-Sima,2022-12-27 19:00:00+00:00
0,2023-01-01 19:00:00+00:00,360.0,Sy-Sima,2023-01-01 18:30:00+00:00
200,2023-01-01 18:30:00+00:00,360.0,Sy-Sima,2023-01-01 18:15:00+00:00
200,2022-12-27 16:00:00+00:00,360.0,Sy-Sima,2022-12-27 15:45:00+00:00
0,2023-01-09 06:00:00+00:00,360.0,Sy-Sima,2023-01-01 19:00:00+00:00
200,2022-12-27 15:45:00+00:00,360.0,Sy-Sima,2022-12-27 15:30:00+00:00
0,2023-01-02 16:25:00+00:00,110.0,Evanger,2023-01-02 16:15:00+00:00
0,2023-01-02 16:15:00+00:00,110.0,Evanger,2023-01-02 16:00:00+00:00
0,2023-01-02 16:00:00+00:00,110.0,Evanger,2023-01-01 04:00:00+00:00
0,2023-03-30 13:00:00+00:00,185.0,Lysebotn 2,2023-03-29 06:00:00+00:00
0,2023-01-05 16:00:00+00:00,100.0,Duge,2023-01-05 09:00:00+00:00
0,2023-01-05 09:00:00+00:00,168.0,Tonstad,2023-01-05 06:00:00+00:00
0,2023-01-05 09:00:00+00:00,168.0,Tonstad,2023-01-05 06:00:00+00:00
0,2023-01-06 09:00:00+00:00,168.0,Tonstad,2023-01-06 06:00:00+00:00
0,2023-01-06 09:00:00+00:00,168.0,Tonstad,2023-01-06 06:00:00+00:00
0,2023-01-12 13:00:00+00:00,103.0,Vinje,2023-01-12 11:00:00+00:00
0,2023-01-12 15:00:00+00:00,103.0,Vinje,2023-01-12 13:00:00+00:00
0,2023-01-07 14:00:00+00:00,168.0,Tonstad,2023-01-07 12:00:00+00:00
0,2023-01-07 14:00:00+00:00,168.0,Tonstad,2023-01-07 12:00:00+00:00
0,2023-01-06 23:30:00+00:00,160.0,Saurdal,2023-01-06 23:22:00+00:00
0,2023-01-07 00:00:00+00:00,160.0,Saurdal,2023-01-06 23:30:00+00:00
0,2023-01-07 01:00:00+00:00,160.0,Saurdal,2023-01-07 00:00:00+00:00
0,2023-01-10 22:00:00+00:00,106.0,Sonna,2023-01-10 11:00:00+00:00
0,2023-01-11 08:00:00+00:00,280.0,Aurland1,2023-01-11 07:00:00+00:00
0,2023-01-11 07:00:00+00:00,150.0,Kobbelv,2023-01-11 05:00:00+00:00
0,2023-01-12 06:00:00+00:00,125.0,Rana,2023-01-11 22:00:00+00:00
0,2023-01-12 06:30:00+00:00,125.0,Rana,2023-01-12 06:00:00+00:00
0,2023-01-13 13:00:00+00:00,125.0,Rana,2023-01-13 11:00:00+00:00
0,2023-01-11 22:00:00+00:00,150.0,Kobbelv,2023-01-11 21:48:00+00:00
0,2023-01-12 20:00:00+00:00,150.0,Kobbelv,2023-01-11 22:00:00+00:00
0,2023-01-12 20:15:00+00:00,150.0,Kobbelv,2023-01-12 20:00:00+00:00
0,2023-01-16 14:00:00+00:00,150.0,Kobbelv,2023-01-16 09:00:00+00:00
0,2023-01-16 09:00:00+00:00,150.0,Kobbelv,2023-01-16 08:30:00+00:00
0,2023-01-16 09:00:00+00:00,125.0,Rana,2023-01-15 10:00:00+00:00
0,2023-01-16 08:00:00+00:00,150.0,Kobbelv,2023-01-15 21:00:00+00:00
0,2023-01-16 08:30:00+00:00,150.0,Kobbelv,2023-01-16 08:00:00+00:00
0,2023-01-17 13:00:00+00:00,360.0,Sy-Sima,2023-01-17 11:00:00+00:00
0,2023-01-16 15:00:00+00:00,150.0,Kobbelv,2023-01-16 14:00:00+00:00
0,2023-01-16 15:30:00+00:00,150.0,Kobbelv,2023-01-16 15:00:00+00:00
0,2023-01-18 08:15:00+00:00,110.0,Tokke,2023-01-18 08:00:00+00:00
0,2023-01-18 08:00:00+00:00,110.0,Tokke,2023-01-02 14:00:00+00:00
0,2023-01-02 13:30:00+00:00,110.0,Tokke,2023-01-02 13:15:00+00:00
0,2023-01-02 13:15:00+00:00,110.0,Tokke,2023-01-02 13:10:00+00:00
0,2023-01-18 08:22:00+00:00,110.0,Tokke,2023-01-18 08:15:00+00:00
0,2023-01-02 14:00:00+00:00,110.0,Tokke,2023-01-02 13:30:00+00:00
0,2023-02-10 13:00:00+00:00,110.0,Alta krv,2023-02-06 07:00:00+00:00
0,2023-01-18 15:00:00+00:00,100.0,Duge,2023-01-18 14:30:00+00:00
0,2023-01-18 16:00:00+00:00,100.0,Duge,2023-01-18 15:00:00+00:00
0,2023-01-18 15:00:00+00:00,360.0,Sy-Sima,2023-01-18 14:55:00+00:00
0,2023-01-18 18:00:00+00:00,360.0,Sy-Sima,2023-01-18 15:00:00+00:00
0,2023-01-18 18:30:00+00:00,360.0,Sy-Sima,2023-01-18 18:00:00+00:00
0,2023-02-01 14:00:00+00:00,320.0,Tonstad,2023-01-30 06:00:00+00:00
0,2023-01-21 22:00:00+00:00,168.0,Tonstad,2023-01-21 20:00:00+00:00
0,2023-01-22 11:00:00+00:00,168.0,Tonstad,2023-01-22 09:00:00+00:00
0,2023-01-20 06:00:00+00:00,125.0,Rana,2022-05-09 05:00:00+00:00
0,2023-01-23 07:00:00+00:00,125.0,Rana,2023-01-20 09:00:00+00:00
120,2023-01-20 08:45:00+00:00,125.0,Rana,2023-01-20 08:30:00+00:00
0,2023-01-20 09:00:00+00:00,125.0,Rana,2023-01-20 08:45:00+00:00
120,2023-01-20 08:00:00+00:00,125.0,Rana,2023-01-20 07:00:00+00:00
120,2023-01-20 07:00:00+00:00,125.0,Rana,2023-01-20 06:45:00+00:00
0,2023-01-20 06:45:00+00:00,125.0,Rana,2023-01-20 06:30:00+00:00
0,2023-01-20 06:30:00+00:00,125.0,Rana,2023-01-20 06:00:00+00:00
120,2023-01-20 08:30:00+00:00,125.0,Rana,2023-01-20 08:00:00+00:00
0,2023-01-27 10:00:00+00:00,110.0,Evanger,2023-01-26 11:00:00+00:00
0,2023-01-27 14:00:00+00:00,110.0,Evanger,2023-01-27 10:00:00+00:00
0,2023-01-23 12:00:00+00:00,168.0,Tonstad,2023-01-23 10:00:00+00:00
0,2023-01-22 05:00:00+00:00,103.0,Vinje,2023-01-22 04:30:00+00:00
0,2023-01-22 04:30:00+00:00,103.0,Vinje,2023-01-22 04:15:00+00:00
0,2023-01-22 04:15:00+00:00,103.0,Vinje,2023-01-22 04:04:00+00:00
0,2023-01-22 07:00:00+00:00,103.0,Vinje,2023-01-22 05:00:00+00:00
0,2023-01-23 08:03:00+00:00,150.0,Kobbelv,2023-01-23 07:55:00+00:00
0,2023-01-24 10:00:00+00:00,125.0,Rana,2023-01-24 07:00:00+00:00
0,2023-01-26 13:00:00+00:00,168.0,Tonstad,2023-01-26 11:00:00+00:00
0,2023-01-25 06:00:00+00:00,125.0,Rana,2023-01-25 05:30:00+00:00
0,2023-01-25 07:00:00+00:00,125.0,Rana,2023-01-25 06:00:00+00:00
0,2023-01-25 05:30:00+00:00,125.0,Rana,2023-01-25 05:15:00+00:00
0,2023-01-25 07:34:00+00:00,125.0,Rana,2023-01-25 07:30:00+00:00
0,2023-01-25 07:30:00+00:00,125.0,Rana,2023-01-25 07:00:00+00:00
0,2023-01-27 05:00:00+00:00,168.0,Tonstad,2023-01-27 03:00:00+00:00
0,2023-01-26 14:00:00+00:00,100.0,Duge,2023-01-26 08:00:00+00:00
0,2023-03-07 20:00:00+00:00,106.0,Sonna,2023-03-06 17:00:00+00:00
0,2023-03-08 20:00:00+00:00,106.0,Sonna,2023-03-08 06:00:00+00:00
0,2023-01-25 11:15:00+00:00,360.0,Sy-Sima,2023-01-25 11:00:00+00:00
0,2023-01-25 11:00:00+00:00,360.0,Sy-Sima,2023-01-23 10:00:00+00:00
0,2023-01-26 03:00:00+00:00,168.0,Tonstad,2023-01-09 20:00:00+00:00
0,2022-12-19 14:00:00+00:00,280.0,Aurland1,2022-12-19 13:30:00+00:00
0,2023-01-26 17:00:00+00:00,280.0,Aurland1,2022-12-19 14:00:00+00:00
0,2023-01-28 11:00:00+00:00,168.0,Tonstad,2023-01-28 09:00:00+00:00
0,2023-01-26 10:15:00+00:00,310.0,Kvilldal,2023-01-26 10:00:00+00:00
0,2023-01-26 10:19:00+00:00,310.0,Kvilldal,2023-01-26 10:15:00+00:00
0,2023-01-26 10:00:00+00:00,310.0,Kvilldal,2023-01-24 07:00:00+00:00
0,2023-01-28 15:00:00+00:00,104.0,Usta Kraftstasjon,2023-01-28 14:00:00+00:00
0,2023-01-29 15:00:00+00:00,168.0,Tonstad,2023-01-29 13:00:00+00:00
0,2023-01-29 11:15:00+00:00,128.0,Mauranger,2023-01-29 11:01:00+00:00
0,2023-01-29 12:30:00+00:00,128.0,Mauranger,2023-01-29 11:30:00+00:00
0,2023-01-29 12:45:00+00:00,128.0,Mauranger,2023-01-29 12:30:00+00:00
0,2023-01-29 11:30:00+00:00,128.0,Mauranger,2023-01-29 11:15:00+00:00
0,2023-01-29 12:49:00+00:00,128.0,Mauranger,2023-01-29 12:45:00+00:00
0,2023-01-30 08:00:00+00:00,110.0,Tokke,2023-01-30 05:00:00+00:00
0,2023-01-30 05:00:00+00:00,110.0,Tokke,2023-01-30 04:30:00+00:00
0,2023-01-30 04:30:00+00:00,110.0,Tokke,2023-01-30 04:25:00+00:00
0,2023-01-31 10:00:00+00:00,310.0,Kvilldal,2023-01-31 07:00:00+00:00
0,2023-01-31 06:40:00+00:00,185.0,Lysebotn 2,2023-01-31 06:30:00+00:00
0,2023-01-31 06:30:00+00:00,185.0,Lysebotn 2,2023-01-31 05:30:00+00:00
0,2023-01-31 09:00:00+00:00,150.0,Kobbelv,2023-01-31 07:00:00+00:00
0,2023-01-31 07:00:00+00:00,150.0,Kobbelv,2023-01-31 06:30:00+00:00
0,2023-02-01 11:00:00+00:00,290.0,Lang Sima,2023-02-01 06:00:00+00:00
0,2023-02-01 11:40:00+00:00,290.0,Lang Sima,2023-02-01 11:30:00+00:00
0,2023-02-01 11:30:00+00:00,290.0,Lang Sima,2023-02-01 11:00:00+00:00
0,2023-02-01 14:24:00+00:00,290.0,Lang Sima,2023-02-01 14:15:00+00:00
0,2023-02-01 14:00:00+00:00,290.0,Lang Sima,2023-02-01 12:00:00+00:00
0,2023-02-01 12:00:00+00:00,290.0,Lang Sima,2023-02-01 11:45:00+00:00
0,2023-02-01 11:45:00+00:00,290.0,Lang Sima,2023-02-01 11:40:00+00:00
0,2023-02-01 14:15:00+00:00,290.0,Lang Sima,2023-02-01 14:00:00+00:00
0,2023-02-06 13:00:00+00:00,125.0,Rana,2023-01-23 07:00:00+00:00
0,2023-02-04 23:14:00+00:00,185.0,Lysebotn 2,2023-02-04 23:00:00+00:00
0,2023-02-04 23:00:00+00:00,185.0,Lysebotn 2,2023-02-04 22:30:00+00:00
0,2023-02-04 22:30:00+00:00,185.0,Lysebotn 2,2023-02-04 22:17:00+00:00
0,2023-02-14 16:00:00+00:00,150.0,Kobbelv,2023-02-14 08:00:00+00:00
0,2023-02-14 17:00:00+00:00,160.0,Saurdal,2023-02-13 19:00:00+00:00
0,2023-02-09 16:00:00+00:00,100.0,Duge,2023-02-08 07:00:00+00:00
0,2023-02-10 14:00:00+00:00,168.0,Tonstad,2023-02-10 06:00:00+00:00
0,2023-02-10 14:00:00+00:00,160.0,Tonstad,2023-02-10 06:00:00+00:00
0,2023-02-07 15:00:00+00:00,360.0,Sy-Sima,2023-02-07 06:00:00+00:00
0,2023-02-08 09:00:00+00:00,150.0,Kobbelv,2023-02-08 06:00:00+00:00
0,2023-02-13 14:00:00+00:00,160.0,Saurdal,2023-02-13 07:00:00+00:00
0,2023-02-09 09:00:00+00:00,150.0,Kobbelv,2023-02-09 08:54:00+00:00
0,2023-02-09 10:00:00+00:00,150.0,Kobbelv,2023-02-09 09:00:00+00:00
0,2023-02-02 22:30:00+00:00,360.0,Sy-Sima,2023-02-02 22:00:00+00:00
200,2023-02-20 14:00:00+00:00,360.0,Sy-Sima,2023-02-02 23:00:00+00:00
0,2023-02-02 22:45:00+00:00,360.0,Sy-Sima,2023-02-02 22:30:00+00:00
0,2023-02-02 23:00:00+00:00,360.0,Sy-Sima,2023-02-02 22:45:00+00:00
200,2023-02-02 22:00:00+00:00,360.0,Sy-Sima,2023-01-09 06:00:00+00:00
0,2023-02-15 14:00:00+00:00,290.0,Lang Sima,2023-02-15 08:00:00+00:00
0,2023-02-09 17:00:00+00:00,110.0,Evanger,2023-02-09 12:00:00+00:00
0,2023-02-09 20:30:00+00:00,103.0,Vinje,2023-02-09 20:15:00+00:00
0,2023-02-09 20:15:00+00:00,103.0,Vinje,2023-02-09 20:12:00+00:00
0,2023-02-09 21:30:00+00:00,103.0,Vinje,2023-02-09 20:30:00+00:00
0,2023-02-09 21:00:00+00:00,160.0,Saurdal,2023-02-09 20:51:00+00:00
0,2023-02-10 10:00:00+00:00,160.0,Saurdal,2023-02-09 21:00:00+00:00
0,2023-02-10 10:45:00+00:00,160.0,Saurdal,2023-02-10 10:30:00+00:00
0,2023-02-10 10:30:00+00:00,160.0,Saurdal,2023-02-10 10:00:00+00:00
0,2023-02-10 10:47:00+00:00,160.0,Saurdal,2023-02-10 10:45:00+00:00
0,2023-02-13 05:00:00+00:00,168.0,Tonstad,2023-01-31 06:00:00+00:00
0,2023-02-12 08:15:00+00:00,128.0,Mauranger,2023-02-12 08:06:00+00:00
0,2023-02-12 08:30:00+00:00,128.0,Mauranger,2023-02-12 08:15:00+00:00
0,2023-02-12 09:30:00+00:00,128.0,Mauranger,2023-02-12 08:30:00+00:00
0,2023-02-12 09:38:00+00:00,128.0,Mauranger,2023-02-12 09:30:00+00:00
0,2023-02-16 16:00:00+00:00,140.0,Aurland3,2023-02-16 11:00:00+00:00
0,2023-02-17 13:00:00+00:00,110.0,Tokke,2023-02-17 11:00:00+00:00
100,2023-02-16 13:00:00+00:00,100.0,Skjomen,2023-02-15 23:00:00+00:00
0,2023-03-27 17:00:00+00:00,103.0,Vinje,2023-03-27 07:00:00+00:00
0,2023-02-17 14:00:00+00:00,168.0,Tonstad,2023-02-17 11:00:00+00:00
0,2023-02-17 14:00:00+00:00,168.0,Tonstad,2023-02-17 11:00:00+00:00
0,2023-02-17 14:00:00+00:00,160.0,Tonstad,2023-02-17 11:00:00+00:00
0,2023-02-14 03:30:00+00:00,310.0,Kvilldal,2023-02-14 03:23:00+00:00
0,2023-02-14 04:00:00+00:00,310.0,Kvilldal,2023-02-14 03:30:00+00:00
0,2023-02-14 10:00:00+00:00,310.0,Kvilldal,2023-02-14 04:00:00+00:00
0,2023-02-14 10:30:00+00:00,310.0,Kvilldal,2023-02-14 10:00:00+00:00
0,2023-02-14 10:34:00+00:00,310.0,Kvilldal,2023-02-14 10:30:00+00:00
0,2023-02-15 05:30:00+00:00,310.0,Kvilldal,2023-02-15 05:00:00+00:00
0,2023-02-14 22:15:00+00:00,310.0,Kvilldal,2023-02-14 22:13:00+00:00
0,2023-02-14 22:30:00+00:00,310.0,Kvilldal,2023-02-14 22:15:00+00:00
0,2023-02-14 23:00:00+00:00,310.0,Kvilldal,2023-02-14 22:30:00+00:00
0,2023-02-15 05:00:00+00:00,310.0,Kvilldal,2023-02-14 23:00:00+00:00
0,2023-02-15 12:00:00+00:00,103.0,Vinje,2023-02-15 07:00:00+00:00
0,2023-02-15 15:00:00+00:00,160.0,Saurdal,2023-02-14 22:00:00+00:00
0,2023-02-15 15:35:00+00:00,160.0,Saurdal,2023-02-15 15:30:00+00:00
0,2023-02-15 15:30:00+00:00,160.0,Saurdal,2023-02-15 15:00:00+00:00
0,2023-02-14 22:00:00+00:00,160.0,Saurdal,2023-02-14 21:30:00+00:00
0,2023-02-14 21:30:00+00:00,160.0,Saurdal,2023-02-14 21:15:00+00:00
0,2023-02-23 16:00:00+00:00,100.0,Duge,2023-02-23 07:00:00+00:00
0,2023-02-23 16:00:00+00:00,100.0,Duge,2023-02-23 07:00:00+00:00
0,2023-02-17 06:30:00+00:00,128.0,Mauranger,2023-02-17 06:00:00+00:00
0,2023-02-17 06:37:00+00:00,128.0,Mauranger,2023-02-17 06:30:00+00:00
0,2023-02-17 06:00:00+00:00,128.0,Mauranger,2023-02-17 05:00:00+00:00
0,2023-02-17 05:00:00+00:00,128.0,Mauranger,2023-02-17 04:47:00+00:00
0,2023-02-17 08:30:00+00:00,103.0,Vinje,2023-02-17 08:00:00+00:00
0,2023-02-17 08:45:00+00:00,103.0,Vinje,2023-02-17 08:30:00+00:00
0,2023-02-17 08:00:00+00:00,103.0,Vinje,2023-02-16 23:00:00+00:00
0,2023-02-16 23:00:00+00:00,103.0,Vinje,2023-02-16 22:45:00+00:00
0,2023-02-16 22:45:00+00:00,103.0,Vinje,2023-02-16 22:40:00+00:00
0,2023-02-20 14:00:00+00:00,110.0,Evanger,2023-02-20 11:00:00+00:00
0,2023-02-17 11:00:00+00:00,220.0,Oksla,2023-02-14 15:00:00+00:00
0,2023-02-17 11:23:00+00:00,220.0,Oksla,2023-02-17 11:15:00+00:00
0,2023-02-14 15:00:00+00:00,220.0,Oksla,2023-02-14 14:55:00+00:00
0,2023-02-17 11:15:00+00:00,220.0,Oksla,2023-02-17 11:00:00+00:00
0,2023-02-17 12:00:00+00:00,185.0,Lysebotn 2,2023-02-17 07:00:00+00:00
0,2023-02-17 12:15:00+00:00,185.0,Lysebotn 2,2023-02-17 12:00:00+00:00
0,2023-02-17 15:30:00+00:00,168.0,Tonstad,2023-02-17 15:25:00+00:00
0,2023-02-17 16:00:00+00:00,168.0,Tonstad,2023-02-17 15:30:00+00:00
0,2023-02-17 23:00:00+00:00,168.0,Tonstad,2023-02-17 16:00:00+00:00
0,2023-02-17 18:00:00+00:00,125.0,Rana,2023-02-16 07:00:00+00:00
0,2023-02-17 16:00:00+00:00,168.0,Tonstad,2023-02-17 15:30:00+00:00
0,2023-02-17 15:30:00+00:00,168.0,Tonstad,2023-02-17 15:15:00+00:00
0,2023-02-17 15:15:00+00:00,168.0,Tonstad,2023-02-17 15:10:00+00:00
0,2023-02-17 23:00:00+00:00,168.0,Tonstad,2023-02-17 16:00:00+00:00
0,2023-02-22 20:00:00+00:00,185.0,Lysebotn 2,2023-02-22 19:00:00+00:00
0,2023-03-07 14:00:00+00:00,195.0,Tyin,2023-03-07 07:00:00+00:00
0,2023-02-24 09:45:00+00:00,185.0,Lysebotn 2,2023-02-24 09:30:00+00:00
0,2023-02-24 09:50:00+00:00,185.0,Lysebotn 2,2023-02-24 09:45:00+00:00
0,2023-02-24 09:30:00+00:00,185.0,Lysebotn 2,2023-02-24 09:00:00+00:00
0,2023-02-24 09:00:00+00:00,185.0,Lysebotn 2,2023-02-23 23:00:00+00:00
0,2023-02-28 13:00:00+00:00,110.0,Myster,2023-02-28 07:00:00+00:00
0,2023-03-01 13:00:00+00:00,168.0,Tonstad,2023-03-01 11:00:00+00:00
0,2023-03-01 13:00:00+00:00,168.0,Tonstad,2023-03-01 11:00:00+00:00
0,2023-03-01 13:00:00+00:00,160.0,Tonstad,2023-03-01 11:00:00+00:00
0,2023-03-08 11:00:00+00:00,129.0,Vamma,2023-01-24 06:00:00+00:00
0,2023-03-02 12:00:00+00:00,185.0,Lysebotn 2,2023-03-02 11:00:00+00:00
0,2023-03-02 13:30:00+00:00,280.0,Aurland1,2023-03-02 13:00:00+00:00
0,2023-03-02 13:00:00+00:00,280.0,Aurland1,2023-03-01 15:00:00+00:00
0,2023-03-02 13:45:00+00:00,102.0,Vemork,2023-03-02 13:40:00+00:00
0,2023-03-02 14:00:00+00:00,102.0,Vemork,2023-03-02 13:45:00+00:00
0,2023-03-02 16:00:00+00:00,102.0,Vemork,2023-03-02 14:00:00+00:00
0,2023-03-06 07:45:00+00:00,128.0,Mauranger,2023-03-06 07:40:00+00:00
0,2023-03-06 08:15:00+00:00,128.0,Mauranger,2023-03-06 07:45:00+00:00
0,2023-03-06 08:27:00+00:00,128.0,Mauranger,2023-03-06 08:15:00+00:00
0,2023-03-06 19:00:00+00:00,110.0,Evanger,2023-03-06 14:00:00+00:00
0,2023-03-06 14:00:00+00:00,110.0,Evanger,2023-03-06 13:30:00+00:00
0,2023-03-06 13:30:00+00:00,110.0,Evanger,2023-03-06 13:26:00+00:00
0,2023-02-06 12:30:00+00:00,320.0,Tonstad,2023-02-06 12:15:00+00:00
0,2024-11-30 14:00:00+00:00,320.0,Tonstad,2023-02-06 13:00:00+00:00
0,2023-02-06 13:00:00+00:00,320.0,Tonstad,2023-02-06 12:30:00+00:00
0,2023-03-07 13:00:00+00:00,110.0,Alta krv,2023-02-28 07:00:00+00:00
0,2023-03-09 04:00:00+00:00,150.0,Aurland3,2023-03-09 02:00:00+00:00
0,2023-03-09 06:50:00+00:00,160.0,Saurdal,2023-03-09 06:45:00+00:00
0,2023-03-08 23:45:00+00:00,160.0,Saurdal,2023-03-08 23:35:00+00:00
0,2023-03-09 00:00:00+00:00,160.0,Saurdal,2023-03-08 23:45:00+00:00
0,2023-03-09 06:30:00+00:00,160.0,Saurdal,2023-03-09 06:00:00+00:00
0,2023-03-09 06:45:00+00:00,160.0,Saurdal,2023-03-09 06:30:00+00:00
0,2023-03-09 06:00:00+00:00,160.0,Saurdal,2023-03-09 00:00:00+00:00
0,2023-04-14 13:00:00+00:00,160.0,Saurdal,2023-04-11 05:00:00+00:00
0,2023-03-09 19:45:00+00:00,310.0,Kvilldal,2023-03-09 19:30:00+00:00
0,2023-03-09 19:30:00+00:00,310.0,Kvilldal,2023-03-09 19:00:00+00:00
0,2023-03-09 19:00:00+00:00,310.0,Kvilldal,2023-03-09 15:00:00+00:00
0,2023-03-13 07:45:00+00:00,160.0,Saurdal,2023-03-13 07:30:00+00:00
0,2023-03-13 07:30:00+00:00,160.0,Saurdal,2023-03-13 07:00:00+00:00
0,2023-03-13 07:00:00+00:00,160.0,Saurdal,2023-03-12 23:00:00+00:00
0,2023-04-19 13:00:00+00:00,115.0,Brokke,2023-04-19 06:00:00+00:00
0,2023-03-15 05:30:00+00:00,310.0,Kvilldal,2023-03-15 05:15:00+00:00
0,2023-03-15 08:00:00+00:00,310.0,Kvilldal,2023-03-15 06:00:00+00:00
0,2023-03-15 06:00:00+00:00,310.0,Kvilldal,2023-03-15 05:30:00+00:00
0,2023-03-15 12:00:00+00:00,110.0,Tokke,2023-03-15 11:00:00+00:00
0,2023-03-15 11:00:00+00:00,100.0,Skjomen,2023-03-15 10:00:00+00:00
0,2023-03-21 15:00:00+00:00,310.0,Kvilldal,2023-03-21 08:00:00+00:00
0,2023-03-15 12:45:00+00:00,195.0,Tyin,2023-03-15 12:30:00+00:00
0,2023-03-15 12:00:00+00:00,195.0,Tyin,2023-03-15 07:00:00+00:00
0,2023-03-15 12:30:00+00:00,195.0,Tyin,2023-03-15 12:00:00+00:00
0,2023-03-15 12:55:00+00:00,195.0,Tyin,2023-03-15 12:45:00+00:00
0,2023-03-15 12:45:00+00:00,195.0,Tyin,2023-03-15 12:30:00+00:00
0,2023-03-15 12:30:00+00:00,195.0,Tyin,2023-03-15 12:00:00+00:00
0,2023-03-15 12:00:00+00:00,195.0,Tyin,2023-03-15 07:00:00+00:00
0,2023-03-15 14:00:00+00:00,320.0,Svartisen,2023-03-15 13:00:00+00:00
0,2023-03-15 13:00:00+00:00,320.0,Svartisen,2023-03-15 12:30:00+00:00
0,2023-03-15 12:30:00+00:00,320.0,Svartisen,2023-03-15 12:15:00+00:00
0,2023-03-15 16:00:00+00:00,195.0,Tyin,2023-03-15 15:00:00+00:00
0,2023-03-15 15:00:00+00:00,195.0,Tyin,2023-03-15 14:30:00+00:00
0,2023-03-15 14:30:00+00:00,195.0,Tyin,2023-03-15 14:15:00+00:00
0,2023-04-20 13:00:00+00:00,106.0,Sonna,2023-04-20 05:00:00+00:00
0,2023-03-21 14:00:00+00:00,100.0,Duge,2023-03-14 07:00:00+00:00
0,2023-03-22 17:00:00+00:00,168.0,Tonstad,2023-03-22 07:00:00+00:00
0,2023-03-22 17:00:00+00:00,168.0,Tonstad,2023-03-22 07:00:00+00:00
0,2023-03-22 17:00:00+00:00,160.0,Tonstad,2023-03-22 07:00:00+00:00
0,2023-03-22 17:00:00+00:00,160.0,Tonstad,2023-03-22 07:00:00+00:00
0,2023-03-23 14:00:00+00:00,120.0,Holen,2023-03-23 08:00:00+00:00
0,2023-03-20 11:13:00+00:00,160.0,Saurdal,2023-03-20 10:56:00+00:00
0,2023-03-20 16:00:00+00:00,160.0,Saurdal,2023-03-20 10:00:00+00:00
0,2023-03-20 16:38:00+00:00,160.0,Saurdal,2023-03-20 16:30:00+00:00
0,2023-03-20 16:30:00+00:00,160.0,Saurdal,2023-03-20 16:00:00+00:00
0,2023-03-27 14:00:00+00:00,106.0,Sonna,2023-03-27 05:00:00+00:00
0,2023-03-30 13:00:00+00:00,108.0,Nedre Vinstra,2023-03-30 10:00:00+00:00
0,2023-03-23 16:00:00+00:00,110.0,Evanger,2023-03-23 15:30:00+00:00
0,2023-03-23 15:30:00+00:00,110.0,Evanger,2023-03-23 15:25:00+00:00
0,2023-03-24 13:00:00+00:00,110.0,Evanger,2023-03-23 16:00:00+00:00
0,2023-03-31 13:00:00+00:00,360.0,Sy-Sima,2023-03-24 14:00:00+00:00
0,2023-03-28 17:00:00+00:00,103.0,Vinje,2023-03-28 05:00:00+00:00
0,2023-04-10 13:00:00+00:00,110.0,Alta krv,2023-03-08 08:00:00+00:00
0,2023-03-28 10:00:00+00:00,168.0,Tonstad,2023-03-28 05:00:00+00:00
0,2023-03-29 06:00:00+00:00,310.0,Kvilldal,2023-03-28 19:00:00+00:00
0,2023-03-28 18:45:00+00:00,310.0,Kvilldal,2023-03-28 18:43:00+00:00
0,2023-03-28 19:00:00+00:00,310.0,Kvilldal,2023-03-28 18:45:00+00:00
0,2023-03-30 17:00:00+00:00,103.0,Vinje,2023-03-30 05:00:00+00:00
0,2023-03-29 12:00:00+00:00,310.0,Kvilldal,2023-03-29 09:00:00+00:00
0,2023-04-24 05:00:00+00:00,280.0,Aurland1,2023-04-19 08:00:00+00:00
0,2023-03-31 12:00:00+00:00,125.0,Rana,2023-03-31 09:00:00+00:00
0,2023-03-31 09:00:00+00:00,110.0,Evanger,2023-03-31 06:00:00+00:00
0,2023-03-30 11:40:00+00:00,110.0,Tokke,2023-03-30 11:30:00+00:00
0,2023-03-30 11:00:00+00:00,110.0,Tokke,2023-03-28 19:00:00+00:00
0,2023-03-28 18:30:00+00:00,110.0,Tokke,2023-03-28 18:28:00+00:00
0,2023-03-28 19:00:00+00:00,110.0,Tokke,2023-03-28 18:30:00+00:00
0,2023-03-30 11:30:00+00:00,110.0,Tokke,2023-03-30 11:00:00+00:00
0,2023-03-30 19:00:00+00:00,160.0,Tonstad,2023-03-30 06:00:00+00:00
0,2023-04-03 11:00:00+00:00,110.0,Tokke,2023-04-03 10:00:00+00:00
0,2023-04-03 10:10:00+00:00,103.0,Vinje,2023-04-03 10:00:00+00:00
0,2023-04-03 10:00:00+00:00,103.0,Vinje,2023-04-03 01:00:00+00:00
0,2023-04-03 00:45:00+00:00,103.0,Vinje,2023-04-03 00:38:00+00:00
0,2023-04-03 01:00:00+00:00,103.0,Vinje,2023-04-03 00:45:00+00:00
0,2023-04-04 08:00:00+00:00,160.0,Saurdal,2023-04-03 21:00:00+00:00
0,2023-04-03 21:00:00+00:00,160.0,Saurdal,2023-04-03 20:45:00+00:00
0,2023-04-03 20:45:00+00:00,160.0,Saurdal,2023-04-03 20:40:00+00:00
0,2023-04-04 16:00:00+00:00,103.0,Vinje,2023-04-04 13:00:00+00:00
0,2023-04-04 13:00:00+00:00,103.0,Vinje,2023-04-04 12:50:00+00:00
0,2023-04-04 16:00:00+00:00,103.0,Vinje,2023-04-04 13:00:00+00:00
0,2023-04-04 13:00:00+00:00,103.0,Vinje,2023-04-04 12:50:00+00:00
0,2023-04-04 19:00:00+00:00,103.0,Vinje,2023-04-04 16:00:00+00:00
0,2023-04-07 10:00:00+00:00,100.0,Skjomen,2023-04-07 04:00:00+00:00
0,2023-04-07 17:30:00+00:00,310.0,Kvilldal,2023-04-07 16:30:00+00:00
0,2023-04-07 16:30:00+00:00,310.0,Kvilldal,2023-04-07 16:15:00+00:00
0,2023-04-07 17:41:00+00:00,310.0,Kvilldal,2023-04-07 17:30:00+00:00
0,2023-04-12 16:00:00+00:00,160.0,Tonstad,2023-04-12 06:00:00+00:00
0,2023-04-09 10:00:00+00:00,100.0,Solhom,2023-04-09 09:45:00+00:00
0,2023-04-11 21:45:00+00:00,100.0,Solhom,2023-04-11 21:30:00+00:00
0,2023-04-11 21:30:00+00:00,100.0,Solhom,2023-04-11 21:00:00+00:00
0,2023-04-11 21:59:00+00:00,100.0,Solhom,2023-04-11 21:45:00+00:00
0,2023-04-11 21:00:00+00:00,100.0,Solhom,2023-04-09 10:00:00+00:00
0,2023-04-11 11:15:00+00:00,110.0,Tokke,2023-04-11 11:00:00+00:00
0,2023-04-11 11:00:00+00:00,110.0,Tokke,2023-04-11 09:00:00+00:00
0,2023-04-11 11:26:00+00:00,110.0,Tokke,2023-04-11 11:15:00+00:00
0,2023-04-11 11:00:00+00:00,110.0,Tokke,2023-04-11 10:00:00+00:00
0,2023-04-11 11:30:00+00:00,110.0,Tokke,2023-04-11 11:00:00+00:00
0,2023-04-11 11:40:00+00:00,110.0,Tokke,2023-04-11 11:30:00+00:00
0,2023-04-13 13:00:00+00:00,168.0,Tonstad,2023-04-13 05:00:00+00:00
0,2023-04-12 10:30:00+00:00,110.0,Tokke,2023-04-12 10:00:00+00:00
0,2023-04-12 10:45:00+00:00,110.0,Tokke,2023-04-12 10:30:00+00:00
0,2023-04-12 10:48:00+00:00,110.0,Tokke,2023-04-12 10:45:00+00:00
0,2023-04-12 21:01:00+00:00,400.0,Svartisen,2023-04-12 21:00:00+00:00
0,2023-04-16 13:00:00+00:00,168.0,Tonstad,2023-04-16 12:46:00+00:00
0,2023-04-16 20:00:00+00:00,168.0,Tonstad,2023-04-16 13:00:00+00:00
0,2023-04-16 16:00:00+00:00,160.0,Tonstad,2023-04-16 15:30:00+00:00
0,2023-04-16 20:00:00+00:00,160.0,Tonstad,2023-04-16 16:00:00+00:00
0,2023-04-16 20:30:00+00:00,160.0,Tonstad,2023-04-16 20:00:00+00:00
0,2023-04-17 11:00:00+00:00,160.0,Saurdal,2023-04-17 07:00:00+00:00
0,2023-04-19 13:00:00+00:00,103.0,Vinje,2023-04-19 10:00:00+00:00
0,2023-04-20 14:00:00+00:00,310.0,Kvilldal,2023-04-20 05:00:00+00:00
0,2023-04-19 14:00:00+00:00,195.0,Tyin,2023-04-18 05:00:00+00:00
0,2023-04-19 14:30:00+00:00,195.0,Tyin,2023-04-19 14:00:00+00:00
0,2023-04-19 14:35:00+00:00,195.0,Tyin,2023-04-19 14:30:00+00:00
0,2023-04-19 15:00:00+00:00,310.0,Kvilldal,2023-04-19 10:00:00+00:00
0,2023-04-20 16:00:00+00:00,160.0,Saurdal,2023-04-17 07:00:00+00:00
0,2023-04-28 13:00:00+00:00,160.0,Saurdal,2022-09-19 05:00:00+00:00
0,2023-04-25 13:00:00+00:00,120.0,Holen,2023-04-25 06:00:00+00:00
0,2023-04-22 15:00:00+00:00,110.0,Tysso 2,2023-04-22 14:45:00+00:00
0,2023-04-22 17:00:00+00:00,110.0,Tysso 2,2023-04-22 15:00:00+00:00
0,2023-04-22 17:15:00+00:00,110.0,Tysso 2,2023-04-22 17:00:00+00:00
0,2023-04-22 17:20:00+00:00,110.0,Tysso 2,2023-04-22 17:15:00+00:00
0,2023-04-22 14:45:00+00:00,110.0,Tysso 2,2023-04-22 14:38:00+00:00
0,2023-04-23 07:15:00+00:00,110.0,Tysso 2,2023-04-23 07:02:00+00:00
0,2023-04-23 07:30:00+00:00,110.0,Tysso 2,2023-04-23 07:15:00+00:00
0,2023-04-23 08:00:00+00:00,110.0,Tysso 2,2023-04-23 07:30:00+00:00
0,2023-04-23 13:00:00+00:00,110.0,Tysso 2,2023-04-23 08:00:00+00:00
0,2023-04-23 13:08:00+00:00,110.0,Tysso 2,2023-04-23 13:00:00+00:00
0,2023-05-03 10:00:00+00:00,110.0,Evanger,2023-05-03 05:00:00+00:00
0,2023-04-26 08:00:00+00:00,310.0,Kvilldal,2023-04-26 07:00:00+00:00
0,2023-04-25 19:00:00+00:00,160.0,Saurdal,2023-04-25 11:00:00+00:00
0,2023-04-25 19:00:00+00:00,160.0,Saurdal,2023-04-25 11:00:00+00:00
0,2023-04-25 19:00:00+00:00,160.0,Saurdal,2023-04-25 11:00:00+00:00
0,2023-04-26 05:08:00+00:00,310.0,Kvilldal,2023-04-26 05:00:00+00:00
0,2023-04-26 05:00:00+00:00,310.0,Kvilldal,2023-04-26 04:30:00+00:00
0,2023-04-26 04:30:00+00:00,310.0,Kvilldal,2023-04-26 04:15:00+00:00
0,2023-04-26 17:00:00+00:00,168.0,Tonstad,2023-04-26 05:00:00+00:00
0,2023-05-03 17:00:00+00:00,160.0,Saurdal,2023-05-03 10:00:00+00:00
0,2023-05-02 17:00:00+00:00,160.0,Saurdal,2023-05-02 11:00:00+00:00
0,2023-05-03 17:00:00+00:00,160.0,Saurdal,2023-05-03 06:00:00+00:00
0,2023-04-30 17:30:00+00:00,110.0,Tokke,2023-04-30 16:30:00+00:00
0,2023-04-30 16:30:00+00:00,110.0,Tokke,2023-04-30 16:15:00+00:00
0,2023-04-30 16:15:00+00:00,110.0,Tokke,2023-04-30 16:10:00+00:00
0,2023-04-30 20:00:00+00:00,160.0,Saurdal,2023-04-30 19:49:00+00:00
0,2023-05-01 12:00:00+00:00,160.0,Saurdal,2023-04-30 20:00:00+00:00
0,2023-05-09 13:00:00+00:00,160.0,Saurdal,2023-05-02 05:00:00+00:00
0,2023-05-03 15:00:00+00:00,160.0,Tonstad,2023-05-03 05:00:00+00:00
0,2023-05-02 12:10:00+00:00,195.0,Tyin,2023-05-02 12:00:00+00:00
0,2023-05-02 12:00:00+00:00,195.0,Tyin,2023-05-02 06:00:00+00:00
0,2023-05-04 10:00:00+00:00,100.0,Duge,2023-05-04 08:00:00+00:00
0,2023-05-10 10:00:00+00:00,150.0,Aurland3,2023-05-02 06:00:00+00:00
0,2023-05-04 17:00:00+00:00,310.0,Kvilldal,2023-05-04 16:47:00+00:00
0,2023-05-04 17:30:00+00:00,310.0,Kvilldal,2023-05-04 17:00:00+00:00
0,2023-05-04 17:46:00+00:00,310.0,Kvilldal,2023-05-04 17:45:00+00:00
0,2023-05-04 17:45:00+00:00,310.0,Kvilldal,2023-05-04 17:30:00+00:00
0,2023-05-05 04:30:00+00:00,310.0,Kvilldal,2023-05-05 04:15:00+00:00
0,2023-05-05 05:00:00+00:00,310.0,Kvilldal,2023-05-05 04:30:00+00:00
0,2023-05-05 07:00:00+00:00,310.0,Kvilldal,2023-05-05 05:00:00+00:00
0,2023-05-05 07:30:00+00:00,310.0,Kvilldal,2023-05-05 07:00:00+00:00
0,2023-05-05 07:34:00+00:00,310.0,Kvilldal,2023-05-05 07:30:00+00:00
0,2023-05-07 16:00:00+00:00,128.0,Mauranger,2023-05-07 15:00:00+00:00
0,2023-05-07 15:00:00+00:00,128.0,Mauranger,2023-05-07 14:52:00+00:00
0,2023-05-07 19:00:00+00:00,185.0,Lysebotn 2,2023-05-07 17:00:00+00:00
0,2023-05-07 17:00:00+00:00,185.0,Lysebotn 2,2023-05-07 16:45:00+00:00
0,2023-06-12 06:00:00+00:00,100.0,Siso,2023-05-10 05:00:00+00:00
0,2023-05-10 05:00:00+00:00,100.0,Siso,2023-05-10 04:45:00+00:00
0,2023-05-09 13:00:00+00:00,110.0,Tokke,2023-05-09 10:00:00+00:00
0,2023-05-09 11:00:00+00:00,310.0,Kvilldal,2023-05-09 10:00:00+00:00
0,2023-05-08 11:45:00+00:00,160.0,Tonstad,2023-05-08 11:30:00+00:00
0,2023-05-08 11:47:00+00:00,160.0,Tonstad,2023-05-08 11:45:00+00:00
0,2023-05-08 11:30:00+00:00,160.0,Tonstad,2023-05-08 11:00:00+00:00
0,2023-05-08 11:00:00+00:00,160.0,Tonstad,2023-05-08 07:00:00+00:00
0,2023-05-10 04:00:00+00:00,110.0,Tokke,2023-05-10 03:00:00+00:00
0,2023-05-10 04:41:00+00:00,110.0,Tokke,2023-05-10 04:30:00+00:00
0,2023-05-10 04:30:00+00:00,110.0,Tokke,2023-05-10 04:00:00+00:00
0,2023-05-10 11:00:00+00:00,128.0,Mauranger,2023-05-10 08:00:00+00:00
0,2023-05-10 11:30:00+00:00,128.0,Mauranger,2023-05-10 11:00:00+00:00
0,2023-05-10 12:00:00+00:00,110.0,Tokke,2023-05-10 10:00:00+00:00
0,2023-05-10 12:12:00+00:00,110.0,Tokke,2023-05-10 12:00:00+00:00
0,2023-05-10 13:11:00+00:00,128.0,Mauranger,2023-05-10 13:00:00+00:00
0,2023-05-10 13:00:00+00:00,128.0,Mauranger,2023-05-10 12:45:00+00:00
0,2023-05-10 12:45:00+00:00,128.0,Mauranger,2023-05-10 12:40:00+00:00
0,2023-05-10 15:30:00+00:00,310.0,Kvilldal,2023-05-10 15:00:00+00:00
0,2023-05-10 15:00:00+00:00,310.0,Kvilldal,2023-05-10 14:55:00+00:00
0,2023-05-11 13:00:00+00:00,140.0,Aurland3,2023-05-10 10:00:00+00:00
0,2023-05-16 12:00:00+00:00,100.0,Duge,2023-05-15 06:00:00+00:00
0,2023-05-12 11:00:00+00:00,150.0,Kobbelv,2023-05-12 08:00:00+00:00
0,2023-05-12 11:15:00+00:00,102.0,Vemork,2023-05-12 11:00:00+00:00
0,2023-05-12 11:00:00+00:00,102.0,Vemork,2023-05-08 06:00:00+00:00
160,2023-05-03 16:00:00+00:00,160.0,Saurdal,2023-05-03 15:30:00+00:00
160,2023-05-12 13:00:00+00:00,160.0,Saurdal,2023-05-03 16:00:00+00:00
0,2023-05-03 15:30:00+00:00,160.0,Saurdal,2023-05-03 15:00:00+00:00
0,2023-05-03 15:00:00+00:00,160.0,Saurdal,2023-05-03 10:00:00+00:00
0,2023-05-13 16:45:00+00:00,310.0,Kvilldal,2023-05-13 16:40:00+00:00
0,2023-05-15 07:00:00+00:00,310.0,Kvilldal,2023-05-13 17:00:00+00:00
0,2023-05-15 07:43:00+00:00,310.0,Kvilldal,2023-05-15 07:30:00+00:00
0,2023-05-13 17:00:00+00:00,310.0,Kvilldal,2023-05-13 16:45:00+00:00
0,2023-05-15 07:30:00+00:00,310.0,Kvilldal,2023-05-15 07:00:00+00:00
0,2023-05-16 11:00:00+00:00,128.0,Mauranger,2023-05-16 10:00:00+00:00
0,2023-05-19 14:00:00+00:00,310.0,Kvilldal,2023-05-19 11:00:00+00:00
0,2023-05-19 07:00:00+00:00,100.0,Skjomen,2023-05-19 06:00:00+00:00
0,2023-05-19 07:15:00+00:00,100.0,Skjomen,2023-05-19 07:00:00+00:00
0,2023-05-22 05:00:00+00:00,103.0,Vinje,2023-05-21 19:00:00+00:00
0,2023-05-25 10:00:00+00:00,100.0,Duge,2023-05-22 06:00:00+00:00
0,2023-05-24 13:45:00+00:00,110.0,Tysso 2,2023-05-24 13:30:00+00:00
0,2023-05-24 13:30:00+00:00,110.0,Tysso 2,2023-05-24 13:00:00+00:00
0,2023-05-24 13:00:00+00:00,110.0,Tysso 2,2023-05-24 06:00:00+00:00
0,2023-05-24 06:00:00+00:00,110.0,Tysso 2,2023-05-24 05:30:00+00:00
0,2023-05-24 05:30:00+00:00,110.0,Tysso 2,2023-05-24 05:15:00+00:00
0,2023-05-24 05:15:00+00:00,110.0,Tysso 2,2023-05-24 05:05:00+00:00
0,2023-05-24 14:30:00+00:00,168.0,Tonstad,2023-05-24 14:15:00+00:00
0,2023-05-24 17:10:00+00:00,168.0,Tonstad,2023-05-24 17:00:00+00:00
0,2023-05-24 15:00:00+00:00,168.0,Tonstad,2023-05-24 14:30:00+00:00
0,2023-05-24 17:00:00+00:00,168.0,Tonstad,2023-05-24 15:00:00+00:00
0,2023-05-25 10:00:00+00:00,225.0,Nedre Rossaga,2023-05-25 09:45:00+00:00
0,2023-05-25 12:00:00+00:00,225.0,Nedre Rossaga,2023-05-25 10:00:00+00:00
0,2023-05-25 09:45:00+00:00,225.0,Nedre Rossaga,2023-05-25 09:38:00+00:00
0,2023-05-25 22:15:00+00:00,185.0,Lysebotn 2,2023-05-25 22:02:00+00:00
0,2023-05-25 22:30:00+00:00,185.0,Lysebotn 2,2023-05-25 22:15:00+00:00
0,2023-05-25 23:00:00+00:00,185.0,Lysebotn 2,2023-05-25 22:30:00+00:00
0,2023-05-26 00:00:00+00:00,185.0,Lysebotn 2,2023-05-25 23:00:00+00:00
0,2023-05-26 08:15:00+00:00,100.0,Skjomen,2023-05-26 08:00:00+00:00
0,2023-05-26 08:20:00+00:00,100.0,Skjomen,2023-05-26 08:15:00+00:00
0,2023-05-26 08:00:00+00:00,100.0,Skjomen,2023-05-22 05:00:00+00:00
0,2023-05-27 07:00:00+00:00,290.0,Lang Sima,2023-05-27 06:30:00+00:00
0,2023-05-27 06:15:00+00:00,290.0,Lang Sima,2023-05-27 06:10:00+00:00
0,2023-05-27 06:30:00+00:00,290.0,Lang Sima,2023-05-27 06:15:00+00:00
0,2023-05-30 06:00:00+00:00,290.0,Lang Sima,2023-05-27 07:00:00+00:00
0,2023-05-27 17:55:00+00:00,110.0,Tokke,2023-05-27 17:45:00+00:00
0,2023-05-27 17:45:00+00:00,110.0,Tokke,2023-05-27 17:30:00+00:00
0,2023-05-27 17:30:00+00:00,110.0,Tokke,2023-05-27 17:00:00+00:00
0,2023-05-27 14:30:00+00:00,110.0,Tokke,2023-05-27 14:15:00+00:00
0,2023-05-27 17:00:00+00:00,110.0,Tokke,2023-05-27 15:00:00+00:00
0,2023-05-27 15:00:00+00:00,110.0,Tokke,2023-05-27 14:30:00+00:00
0,2023-05-29 13:00:00+00:00,225.0,Nedre Rossaga,2023-05-29 12:50:00+00:00
0,2023-05-30 07:00:00+00:00,225.0,Nedre Rossaga,2023-05-29 13:00:00+00:00
0,2023-05-30 11:00:00+00:00,102.0,Vemork,2023-05-30 10:30:00+00:00
0,2023-05-30 10:30:00+00:00,102.0,Vemork,2023-05-30 10:20:00+00:00
0,2023-05-30 11:00:00+00:00,110.0,Tysso 2,2023-05-22 05:00:00+00:00
0,2023-05-30 11:10:00+00:00,110.0,Tysso 2,2023-05-30 11:00:00+00:00
0,2023-06-01 03:00:00+00:00,110.0,Myster,2023-05-31 21:00:00+00:00
0,2023-06-01 03:30:00+00:00,110.0,Myster,2023-06-01 03:00:00+00:00
0,2023-05-31 21:00:00+00:00,110.0,Myster,2023-05-31 20:45:00+00:00
0,2023-05-31 20:45:00+00:00,110.0,Myster,2023-05-31 20:38:00+00:00
0,2023-06-01 03:41:00+00:00,110.0,Myster,2023-06-01 03:30:00+00:00
0,2023-06-07 17:00:00+00:00,280.0,Aurland1,2023-05-19 13:00:00+00:00
0,2023-06-05 07:00:00+00:00,225.0,Nedre Rossaga,2023-06-02 23:00:00+00:00
0,2023-06-04 09:07:00+00:00,125.0,Rana,2023-06-04 09:00:00+00:00
0,2023-06-04 09:00:00+00:00,125.0,Rana,2023-06-03 20:00:00+00:00
0,2023-06-09 15:00:00+00:00,310.0,Kvilldal,2023-06-09 14:45:00+00:00
0,2023-06-09 14:45:00+00:00,310.0,Kvilldal,2023-06-09 14:40:00+00:00
0,2023-06-09 15:30:00+00:00,310.0,Kvilldal,2023-06-09 15:00:00+00:00
0,2023-06-10 05:00:00+00:00,225.0,Nedre Rossaga,2023-06-10 04:30:00+00:00
0,2023-06-12 07:00:00+00:00,225.0,Nedre Rossaga,2023-06-10 05:00:00+00:00
0,2023-06-12 06:00:00+00:00,310.0,Kvilldal,2023-06-10 22:00:00+00:00
0,2023-06-12 14:15:00+00:00,310.0,Kvilldal,2023-06-12 14:00:00+00:00
0,2023-06-12 14:20:00+00:00,310.0,Kvilldal,2023-06-12 14:15:00+00:00
0,2023-06-13 12:00:00+00:00,160.0,Saurdal,2023-06-13 11:30:00+00:00
0,2023-06-13 17:00:00+00:00,160.0,Saurdal,2023-06-13 12:00:00+00:00
0,2023-06-16 16:00:00+00:00,103.0,Vinje,2023-04-04 13:00:00+00:00
0,2023-04-04 12:30:00+00:00,103.0,Vinje,2023-04-04 12:27:00+00:00
0,2023-04-04 13:00:00+00:00,103.0,Vinje,2023-04-04 12:30:00+00:00
0,2023-06-14 15:18:00+00:00,310.0,Kvilldal,2023-06-14 15:05:00+00:00
0,2023-06-17 16:30:00+00:00,310.0,Kvilldal,2023-06-17 16:15:00+00:00
0,2023-06-17 17:00:00+00:00,310.0,Kvilldal,2023-06-17 16:30:00+00:00
0,2023-06-17 17:15:00+00:00,310.0,Kvilldal,2023-06-17 17:00:00+00:00
0,2023-06-17 17:20:00+00:00,310.0,Kvilldal,2023-06-17 17:15:00+00:00
0,2023-06-17 16:15:00+00:00,310.0,Kvilldal,2023-06-17 16:12:00+00:00
0,2023-06-18 18:00:00+00:00,114.0,Dale,2023-06-18 17:00:00+00:00
0,2023-06-18 17:00:00+00:00,114.0,Dale,2023-06-18 16:30:00+00:00
0,2023-06-18 11:45:00+00:00,115.0,Brokke,2023-06-18 11:44:00+00:00
0,2023-06-19 06:00:00+00:00,115.0,Brokke,2023-06-18 12:00:00+00:00
0,2023-06-18 12:00:00+00:00,115.0,Brokke,2023-06-18 11:45:00+00:00
0,2023-06-19 07:30:00+00:00,195.0,Tyin,2023-06-19 06:30:00+00:00
0,2023-06-19 07:45:00+00:00,195.0,Tyin,2023-06-19 07:30:00+00:00
0,2023-06-21 06:00:00+00:00,360.0,Sy-Sima,2023-06-20 21:00:00+00:00
0,2023-06-21 07:00:00+00:00,150.0,Kobbelv,2023-06-21 03:00:00+00:00
0,2023-06-24 15:45:00+00:00,310.0,Kvilldal,2023-06-24 15:40:00+00:00
0,2023-06-24 16:19:00+00:00,310.0,Kvilldal,2023-06-24 16:15:00+00:00
0,2023-06-24 16:15:00+00:00,310.0,Kvilldal,2023-06-24 15:45:00+00:00
0,2023-06-24 19:20:00+00:00,185.0,Lysebotn 2,2023-06-24 19:15:00+00:00
0,2023-06-24 19:15:00+00:00,185.0,Lysebotn 2,2023-06-24 19:00:00+00:00
0,2023-06-24 19:00:00+00:00,185.0,Lysebotn 2,2023-06-24 17:00:00+00:00
0,2023-06-25 17:00:00+00:00,310.0,Kvilldal,2023-06-25 16:45:00+00:00
0,2023-06-25 17:38:00+00:00,310.0,Kvilldal,2023-06-25 17:30:00+00:00
0,2023-06-25 17:30:00+00:00,310.0,Kvilldal,2023-06-25 17:00:00+00:00
0,2023-06-25 19:00:00+00:00,110.0,Tokke,2023-06-25 18:00:00+00:00
0,2023-06-25 19:05:00+00:00,110.0,Tokke,2023-06-25 19:00:00+00:00
0,2023-06-26 13:15:00+00:00,128.0,Mauranger,2023-06-26 13:00:00+00:00
0,2023-06-26 12:00:00+00:00,128.0,Mauranger,2023-06-26 11:55:00+00:00
0,2023-06-26 13:00:00+00:00,128.0,Mauranger,2023-06-26 12:00:00+00:00
0,2023-07-07 13:00:00+00:00,114.0,Dale,2023-06-27 09:00:00+00:00
0,2023-06-28 13:00:00+00:00,115.0,Brokke,2023-06-23 13:00:00+00:00
0,2023-06-30 04:30:00+00:00,185.0,Lysebotn 2,2023-06-30 04:15:00+00:00
0,2023-06-30 05:00:00+00:00,185.0,Lysebotn 2,2023-06-30 04:30:00+00:00
0,2023-06-30 06:00:00+00:00,185.0,Lysebotn 2,2023-06-30 05:00:00+00:00
0,2023-06-30 06:15:00+00:00,185.0,Lysebotn 2,2023-06-30 06:00:00+00:00
0,2023-06-30 11:00:00+00:00,128.0,Mauranger,2023-06-30 10:00:00+00:00
0,2023-06-30 11:30:00+00:00,128.0,Mauranger,2023-06-30 11:00:00+00:00
0,2023-07-06 07:00:00+00:00,290.0,Lang Sima,2023-07-05 16:00:00+00:00
0,2023-07-06 07:30:00+00:00,290.0,Lang Sima,2023-07-06 07:00:00+00:00
0,2023-07-11 14:00:00+00:00,120.0,Holen,2023-07-11 06:00:00+00:00
0,2023-07-07 12:00:00+00:00,115.0,Brokke,2023-07-07 11:45:00+00:00
0,2023-07-14 13:00:00+00:00,115.0,Brokke,2023-07-07 12:00:00+00:00
0,2023-07-10 13:00:00+00:00,220.0,Oksla,2023-05-22 05:00:00+00:00
0,2023-07-09 18:05:00+00:00,106.0,Sonna,2023-07-09 18:00:00+00:00
0,2023-07-09 18:00:00+00:00,106.0,Sonna,2023-07-09 16:00:00+00:00
0,2023-07-09 15:45:00+00:00,106.0,Sonna,2023-07-09 15:35:00+00:00
0,2023-07-09 16:00:00+00:00,106.0,Sonna,2023-07-09 15:45:00+00:00
0,2023-07-10 06:00:00+00:00,160.0,Saurdal,2023-07-09 23:00:00+00:00
0,2023-07-09 23:00:00+00:00,160.0,Saurdal,2023-07-09 22:30:00+00:00
0,2023-07-12 16:39:00+00:00,103.0,Vinje,2023-07-12 16:30:00+00:00
0,2023-07-12 16:30:00+00:00,103.0,Vinje,2023-07-12 16:00:00+00:00
0,2023-07-12 16:00:00+00:00,103.0,Vinje,2023-07-12 15:55:00+00:00
0,2023-07-13 14:15:00+00:00,114.0,Dale,2023-07-13 14:00:00+00:00
0,2023-07-13 14:00:00+00:00,114.0,Dale,2023-07-12 09:00:00+00:00
0,2023-07-12 09:00:00+00:00,114.0,Dale,2023-07-12 08:30:00+00:00
0,2023-07-13 14:28:00+00:00,114.0,Dale,2023-07-13 14:15:00+00:00
0,2023-07-14 16:00:00+00:00,310.0,Kvilldal,2023-07-14 15:30:00+00:00
0,2023-07-15 10:00:00+00:00,310.0,Kvilldal,2023-07-14 16:00:00+00:00
0,2023-07-14 15:30:00+00:00,310.0,Kvilldal,2023-07-14 15:20:00+00:00
0,2023-07-15 12:00:00+00:00,110.0,Alta krv,2023-06-30 22:00:00+00:00
0,2023-07-17 08:00:00+00:00,195.0,Tyin,2023-07-15 08:00:00+00:00
0,2023-07-17 08:30:00+00:00,195.0,Tyin,2023-07-17 08:00:00+00:00
0,2023-07-15 07:30:00+00:00,195.0,Tyin,2023-07-15 07:21:00+00:00
0,2023-07-17 08:35:00+00:00,195.0,Tyin,2023-07-17 08:30:00+00:00
0,2023-07-15 08:00:00+00:00,195.0,Tyin,2023-07-15 07:30:00+00:00
0,2023-07-21 03:15:00+00:00,360.0,Sy-Sima,2023-07-21 03:05:00+00:00
0,2023-07-21 06:10:00+00:00,360.0,Sy-Sima,2023-07-21 06:00:00+00:00
0,2023-07-21 03:30:00+00:00,360.0,Sy-Sima,2023-07-21 03:15:00+00:00
0,2023-07-21 04:00:00+00:00,360.0,Sy-Sima,2023-07-21 03:30:00+00:00
0,2023-07-21 06:00:00+00:00,360.0,Sy-Sima,2023-07-21 04:00:00+00:00
0,2023-07-23 17:00:00+00:00,106.0,Sonna,2023-07-23 16:50:00+00:00
0,2023-07-23 19:15:00+00:00,106.0,Sonna,2023-07-23 19:00:00+00:00
0,2023-07-23 19:00:00+00:00,106.0,Sonna,2023-07-23 17:00:00+00:00
0,2023-07-24 01:00:00+00:00,125.0,Rana,2023-07-24 00:45:00+00:00
0,2023-07-24 10:00:00+00:00,125.0,Rana,2023-07-24 01:00:00+00:00
0,2023-07-24 11:45:00+00:00,125.0,Rana,2023-07-24 11:37:00+00:00
0,2023-07-24 12:00:00+00:00,125.0,Rana,2023-07-24 11:45:00+00:00
0,2023-07-24 17:00:00+00:00,125.0,Rana,2023-07-24 12:00:00+00:00
0,2023-07-24 17:30:00+00:00,125.0,Rana,2023-07-24 17:00:00+00:00
0,2023-07-24 17:38:00+00:00,125.0,Rana,2023-07-24 17:30:00+00:00
0,2023-07-24 21:15:00+00:00,160.0,Saurdal,2023-07-24 21:06:00+00:00
0,2023-07-24 21:30:00+00:00,160.0,Saurdal,2023-07-24 21:15:00+00:00
0,2023-07-24 22:30:00+00:00,160.0,Saurdal,2023-07-24 21:30:00+00:00
0,2023-07-29 07:10:00+00:00,195.0,Tyin,2023-07-29 07:00:00+00:00
0,2023-07-29 07:00:00+00:00,195.0,Tyin,2023-07-29 04:00:00+00:00
0,2023-07-29 13:00:00+00:00,110.0,Tysso 2,2023-07-29 11:00:00+00:00
0,2023-07-29 11:00:00+00:00,110.0,Tysso 2,2023-07-29 10:45:00+00:00
0,2023-07-31 06:40:00+00:00,150.0,Kobbelv,2023-07-31 06:30:00+00:00
0,2023-07-31 06:30:00+00:00,150.0,Kobbelv,2023-07-31 06:00:00+00:00
0,2023-07-31 06:00:00+00:00,150.0,Kobbelv,2023-07-29 06:00:00+00:00
0,2023-07-29 06:00:00+00:00,150.0,Kobbelv,2023-07-29 05:30:00+00:00
0,2023-07-29 05:30:00+00:00,150.0,Kobbelv,2023-07-29 05:21:00+00:00
0,2023-07-31 08:00:00+00:00,110.0,Tysso 2,2023-07-29 15:00:00+00:00
0,2023-08-03 04:00:00+00:00,100.0,Skjomen,2023-08-03 03:30:00+00:00
0,2023-08-03 03:30:00+00:00,100.0,Skjomen,2023-08-03 03:15:00+00:00
0,2023-08-03 03:15:00+00:00,100.0,Skjomen,2023-08-03 03:14:00+00:00
0,2023-08-03 08:00:00+00:00,100.0,Skjomen,2023-08-03 04:00:00+00:00
0,2023-08-03 21:00:00+00:00,128.0,Mauranger,2023-08-03 20:30:00+00:00
0,2023-08-04 07:00:00+00:00,128.0,Mauranger,2023-08-03 21:00:00+00:00
0,2023-08-03 20:30:00+00:00,128.0,Mauranger,2023-08-03 20:20:00+00:00
0,2023-08-06 16:30:00+00:00,110.0,Tysso 2,2023-08-06 16:15:00+00:00
0,2023-08-06 17:00:00+00:00,110.0,Tysso 2,2023-08-06 16:30:00+00:00
0,2023-08-07 05:00:00+00:00,110.0,Tysso 2,2023-08-06 17:00:00+00:00
0,2023-08-10 11:00:00+00:00,114.0,Dale,2023-08-10 07:00:00+00:00
0,2023-08-11 06:00:00+00:00,360.0,Sy-Sima,2023-08-11 02:00:00+00:00
0,2023-08-11 06:15:00+00:00,360.0,Sy-Sima,2023-08-11 06:10:00+00:00
0,2023-08-11 06:30:00+00:00,360.0,Sy-Sima,2023-08-11 06:15:00+00:00
0,2023-08-11 07:00:00+00:00,360.0,Sy-Sima,2023-08-11 06:30:00+00:00
0,2023-08-11 09:00:00+00:00,360.0,Sy-Sima,2023-08-11 07:00:00+00:00
0,2023-08-11 07:00:00+00:00,125.0,Rana,2023-08-10 21:00:00+00:00
0,2023-08-16 17:00:00+00:00,110.0,Evanger,2023-08-15 09:00:00+00:00
0,2023-08-16 07:00:00+00:00,160.0,Tonstad,2023-08-15 16:00:00+00:00
0,2023-08-17 16:00:00+00:00,150.0,Kobbelv,2023-08-17 14:00:00+00:00
0,2023-08-18 17:30:00+00:00,160.0,Saurdal,2023-08-18 17:00:00+00:00
0,2023-08-18 17:00:00+00:00,160.0,Saurdal,2023-08-18 16:00:00+00:00
0,2023-08-18 16:00:00+00:00,160.0,Saurdal,2023-08-18 15:30:00+00:00
0,2023-08-18 17:30:00+00:00,160.0,Saurdal,2023-08-18 17:00:00+00:00
0,2023-08-18 17:00:00+00:00,160.0,Saurdal,2023-08-18 16:00:00+00:00
0,2023-08-18 16:00:00+00:00,160.0,Saurdal,2023-08-18 15:30:00+00:00
0,2023-08-23 07:05:00+00:00,310.0,Kvilldal,2023-08-23 07:00:00+00:00
0,2023-08-23 07:00:00+00:00,310.0,Kvilldal,2023-08-23 05:00:00+00:00
0,2023-08-23 05:00:00+00:00,310.0,Kvilldal,2023-08-23 04:45:00+00:00
0,2023-08-23 20:15:00+00:00,110.0,Tokke,2023-08-23 20:00:00+00:00
0,2023-08-23 20:00:00+00:00,110.0,Tokke,2023-08-23 19:00:00+00:00
0,2023-08-23 20:20:00+00:00,110.0,Tokke,2023-08-23 20:15:00+00:00
0,2023-08-25 11:30:00+00:00,115.0,Leirdola,2023-08-25 11:00:00+00:00
0,2023-08-25 11:00:00+00:00,115.0,Leirdola,2023-01-09 06:00:00+00:00
0,2023-08-25 11:55:00+00:00,115.0,Leirdola,2023-08-25 11:45:00+00:00
0,2023-08-25 11:45:00+00:00,115.0,Leirdola,2023-08-25 11:30:00+00:00
0,2023-08-28 08:30:00+00:00,110.0,Tokke,2023-08-28 08:00:00+00:00
0,2023-08-28 08:00:00+00:00,110.0,Tokke,2023-08-26 16:00:00+00:00
0,2023-08-26 16:00:00+00:00,110.0,Tokke,2023-08-26 15:30:00+00:00
0,2023-08-26 15:30:00+00:00,110.0,Tokke,2023-08-26 15:18:00+00:00
0,2023-08-29 11:33:00+00:00,100.0,Skjomen,2023-08-29 11:30:00+00:00
0,2023-08-29 11:30:00+00:00,100.0,Skjomen,2023-08-29 11:00:00+00:00
0,2023-08-29 11:00:00+00:00,100.0,Skjomen,2023-08-26 08:00:00+00:00
0,2023-08-26 07:30:00+00:00,100.0,Skjomen,2023-08-26 07:15:00+00:00
0,2023-08-26 08:00:00+00:00,100.0,Skjomen,2023-08-26 07:30:00+00:00
0,2023-09-02 08:05:00+00:00,160.0,Saurdal,2023-09-02 08:00:00+00:00
0,2023-09-02 00:45:00+00:00,160.0,Saurdal,2023-09-02 00:40:00+00:00
0,2023-09-02 08:00:00+00:00,160.0,Saurdal,2023-09-02 01:00:00+00:00
0,2023-09-02 01:00:00+00:00,160.0,Saurdal,2023-09-02 00:45:00+00:00
0,2023-09-02 17:26:00+00:00,310.0,Kvilldal,2023-09-02 17:15:00+00:00
0,2023-09-02 17:15:00+00:00,310.0,Kvilldal,2023-09-02 17:00:00+00:00
0,2023-09-02 17:00:00+00:00,310.0,Kvilldal,2023-09-02 16:30:00+00:00
0,2023-09-02 16:30:00+00:00,310.0,Kvilldal,2023-09-02 16:29:00+00:00
0,2023-09-13 16:00:00+00:00,120.0,Holen,2023-09-13 11:00:00+00:00
110,2023-09-13 11:00:00+00:00,120.0,Holen,2023-09-13 10:00:00+00:00
0,2023-09-13 10:00:00+00:00,120.0,Holen,2023-09-12 12:00:00+00:00
0,2023-09-13 16:30:00+00:00,120.0,Holen,2023-09-13 16:00:00+00:00
0,2023-09-08 09:00:00+00:00,168.0,Tonstad,2023-09-08 03:00:00+00:00
0,2023-09-11 02:00:00+00:00,103.0,Vinje,2023-09-11 01:45:00+00:00
0,2023-09-11 05:00:00+00:00,103.0,Vinje,2023-09-11 02:00:00+00:00
0,2023-09-11 05:00:00+00:00,280.0,Aurland1,2023-09-11 04:45:00+00:00
0,2023-09-11 09:00:00+00:00,280.0,Aurland1,2023-09-11 05:00:00+00:00
0,2023-09-11 09:02:00+00:00,280.0,Aurland1,2023-09-11 09:00:00+00:00
0,2023-09-13 05:12:00+00:00,160.0,Saurdal,2023-09-13 05:00:00+00:00
0,2023-09-13 05:00:00+00:00,160.0,Saurdal,2023-09-13 04:00:00+00:00
0,2023-09-16 16:00:00+00:00,103.0,Vinje,2023-09-16 14:00:00+00:00
0,2023-09-17 11:51:00+00:00,160.0,Saurdal,2023-09-17 11:45:00+00:00
0,2023-09-17 11:45:00+00:00,160.0,Saurdal,2023-09-17 11:30:00+00:00
0,2023-09-17 11:30:00+00:00,160.0,Saurdal,2023-09-17 10:30:00+00:00
0,2023-09-17 10:15:00+00:00,160.0,Saurdal,2023-09-17 10:06:00+00:00
0,2023-09-17 10:30:00+00:00,160.0,Saurdal,2023-09-17 10:15:00+00:00
0,2023-09-18 06:13:00+00:00,103.0,Vinje,2023-09-18 06:00:00+00:00
0,2023-09-18 06:00:00+00:00,103.0,Vinje,2023-09-18 05:00:00+00:00
0,2023-09-18 05:00:00+00:00,103.0,Vinje,2023-09-18 04:55:00+00:00
0,2023-09-19 10:00:00+00:00,110.0,Evanger,2023-09-19 06:00:00+00:00
0,2023-09-15 09:15:00+00:00,168.0,Tonstad,2023-09-15 09:10:00+00:00
0,2023-09-15 09:30:00+00:00,168.0,Tonstad,2023-09-15 09:15:00+00:00
0,2023-09-15 10:00:00+00:00,168.0,Tonstad,2023-09-15 09:30:00+00:00
0,2023-09-18 17:00:00+00:00,168.0,Tonstad,2023-09-15 10:00:00+00:00
0,2023-09-21 05:43:00+00:00,160.0,Saurdal,2023-09-21 05:30:00+00:00
0,2023-09-21 05:15:00+00:00,160.0,Saurdal,2023-09-21 05:02:00+00:00
0,2023-09-21 05:30:00+00:00,160.0,Saurdal,2023-09-21 05:15:00+00:00
0,2023-09-21 09:00:00+00:00,150.0,Kobbelv,2023-09-21 08:30:00+00:00
0,2023-09-21 10:00:00+00:00,150.0,Kobbelv,2023-09-21 09:00:00+00:00
0,2023-09-24 12:30:00+00:00,128.0,Mauranger,2023-09-24 12:17:00+00:00
0,2023-09-24 13:30:00+00:00,128.0,Mauranger,2023-09-24 12:30:00+00:00
0,2023-09-24 14:30:00+00:00,128.0,Mauranger,2023-09-24 13:30:00+00:00
0,2023-09-25 16:00:00+00:00,290.0,Lang Sima,2023-09-25 13:00:00+00:00
0,2023-09-25 16:30:00+00:00,290.0,Lang Sima,2023-09-25 16:00:00+00:00
0,2023-09-28 06:00:00+00:00,125.0,Rana,2023-09-27 21:00:00+00:00
0,2023-09-28 07:00:00+00:00,103.0,Vinje,2023-09-28 03:00:00+00:00
0,2023-09-28 07:15:00+00:00,103.0,Vinje,2023-09-28 07:00:00+00:00
0,2023-09-28 07:21:00+00:00,103.0,Vinje,2023-09-28 07:15:00+00:00
0,2023-09-29 06:00:00+00:00,128.0,Mauranger,2023-09-28 19:00:00+00:00
0,2023-09-28 18:45:00+00:00,128.0,Mauranger,2023-09-28 18:37:00+00:00
0,2023-09-28 19:00:00+00:00,128.0,Mauranger,2023-09-28 18:45:00+00:00
0,2023-09-29 12:00:00+00:00,160.0,Saurdal,2023-09-29 08:00:00+00:00
0,2023-09-29 12:30:00+00:00,160.0,Saurdal,2023-09-29 12:00:00+00:00
0,2023-09-29 12:42:00+00:00,160.0,Saurdal,2023-09-29 12:30:00+00:00
0,2023-10-04 21:00:00+00:00,100.0,Duge,2023-10-02 13:00:00+00:00
0,2023-10-04 21:30:00+00:00,100.0,Duge,2023-10-04 21:00:00+00:00
0,2023-10-04 21:45:00+00:00,100.0,Duge,2023-10-04 21:30:00+00:00
0,2023-10-04 21:59:00+00:00,100.0,Duge,2023-10-04 21:45:00+00:00
0,2023-10-03 13:00:00+00:00,290.0,Jostedal,2023-10-03 11:00:00+00:00
0,2023-10-04 08:00:00+00:00,125.0,Rana,2023-10-03 14:00:00+00:00
0,2023-10-06 10:00:00+00:00,128.0,Mauranger,2023-10-06 06:00:00+00:00
0,2023-10-10 13:00:00+00:00,400.0,Svartisen,2023-10-09 07:00:00+00:00
0,2023-10-10 17:35:00+00:00,160.0,Saurdal,2023-10-10 17:30:00+00:00
0,2023-10-10 17:30:00+00:00,160.0,Saurdal,2023-10-10 16:30:00+00:00
0,2023-10-10 16:30:00+00:00,160.0,Saurdal,2023-10-10 16:15:00+00:00
0,2023-10-10 16:15:00+00:00,160.0,Saurdal,2023-10-10 16:05:00+00:00
0,2023-09-29 06:45:00+00:00,100.0,Skjomen,2023-09-29 06:40:00+00:00
0,2023-09-29 07:00:00+00:00,100.0,Skjomen,2023-09-29 06:45:00+00:00
0,2023-10-13 13:00:00+00:00,100.0,Skjomen,2023-09-29 07:00:00+00:00
0,2023-10-14 05:30:00+00:00,225.0,Nedre Rossaga,2023-10-14 05:00:00+00:00
0,2023-10-14 05:00:00+00:00,225.0,Nedre Rossaga,2023-10-13 14:00:00+00:00
0,2023-10-14 19:02:00+00:00,113.0,Tjodan,2023-10-14 19:00:00+00:00
0,2023-10-14 19:00:00+00:00,113.0,Tjodan,2023-10-14 18:00:00+00:00
0,2023-10-14 18:00:00+00:00,113.0,Tjodan,2023-10-14 17:59:00+00:00
0,2023-10-15 08:00:00+00:00,185.0,Lysebotn 2,2023-10-14 16:00:00+00:00
0,2023-10-17 08:32:00+00:00,160.0,Saurdal,2023-10-17 08:30:00+00:00
0,2023-10-16 19:00:00+00:00,160.0,Saurdal,2023-10-16 18:50:00+00:00
0,2023-10-17 08:30:00+00:00,160.0,Saurdal,2023-10-17 08:00:00+00:00
0,2023-10-17 08:00:00+00:00,160.0,Saurdal,2023-10-16 19:00:00+00:00
0,2023-10-18 12:00:00+00:00,195.0,Tyin,2023-10-18 10:00:00+00:00
0,2023-10-20 03:00:00+00:00,360.0,Sy-Sima,2023-10-20 02:00:00+00:00
0,2023-10-20 04:30:00+00:00,320.0,Svartisen,2023-10-20 04:15:00+00:00
0,2023-10-20 05:00:00+00:00,320.0,Svartisen,2023-10-20 04:30:00+00:00
0,2023-10-20 06:00:00+00:00,320.0,Svartisen,2023-10-20 05:00:00+00:00
0,2023-10-20 13:00:00+00:00,110.0,Evanger,2023-10-20 09:00:00+00:00
0,2023-10-23 08:00:00+00:00,160.0,Saurdal,2023-10-21 21:00:00+00:00
0,2023-10-21 17:00:00+00:00,310.0,Kvilldal,2023-10-21 16:50:00+00:00
0,2023-10-22 09:00:00+00:00,310.0,Kvilldal,2023-10-21 17:00:00+00:00
0,2023-10-22 21:00:00+00:00,310.0,Kvilldal,2023-10-22 19:00:00+00:00
0,2023-10-25 22:00:00+00:00,310.0,Kvilldal,2023-10-25 21:59:00+00:00
0,2023-10-26 05:00:00+00:00,310.0,Kvilldal,2023-10-25 22:00:00+00:00
0,2023-10-26 05:30:00+00:00,310.0,Kvilldal,2023-10-26 05:00:00+00:00
0,2023-10-26 17:50:00+00:00,150.0,Aurland3,2023-10-26 17:45:00+00:00
0,2023-10-26 17:45:00+00:00,150.0,Aurland3,2023-10-26 17:30:00+00:00
0,2023-10-26 17:30:00+00:00,150.0,Aurland3,2023-10-26 17:00:00+00:00
0,2023-10-27 10:30:00+00:00,125.0,Rana,2023-10-27 10:00:00+00:00
0,2023-10-27 10:44:00+00:00,125.0,Rana,2023-10-27 10:30:00+00:00
0,2023-10-27 10:00:00+00:00,125.0,Rana,2023-07-13 09:00:00+00:00
0,2023-10-30 14:00:00+00:00,110.0,Tokke,2023-10-27 18:00:00+00:00
0,2023-10-27 18:00:00+00:00,110.0,Tokke,2023-10-27 17:58:00+00:00
0,2023-10-27 12:45:00+00:00,280.0,Aurland1,2023-10-27 12:30:00+00:00
280,2023-10-27 13:00:00+00:00,280.0,Aurland1,2023-10-27 12:45:00+00:00
280,2023-10-31 14:00:00+00:00,280.0,Aurland1,2023-10-27 13:00:00+00:00
0,2023-10-27 12:00:00+00:00,280.0,Aurland1,2023-05-19 13:00:00+00:00
0,2023-10-27 12:30:00+00:00,280.0,Aurland1,2023-10-27 12:00:00+00:00
0,2023-10-30 06:45:00+00:00,360.0,Sy-Sima,2023-10-30 06:15:00+00:00
0,2023-10-30 06:47:00+00:00,360.0,Sy-Sima,2023-10-30 06:45:00+00:00
0,2023-10-30 04:00:00+00:00,128.0,Mauranger,2023-10-30 01:00:00+00:00
0,2023-10-30 07:00:00+00:00,125.0,Rana,2023-10-30 06:45:00+00:00
0,2023-11-02 13:00:00+00:00,125.0,Rana,2023-10-30 07:00:00+00:00
0,2023-11-03 04:45:00+00:00,125.0,Rana,2023-11-03 04:43:00+00:00
0,2023-11-03 07:00:00+00:00,125.0,Rana,2023-11-03 05:00:00+00:00
0,2023-11-03 05:00:00+00:00,125.0,Rana,2023-11-03 04:45:00+00:00
0,2023-11-03 07:30:00+00:00,125.0,Rana,2023-11-03 07:00:00+00:00
0,2023-11-03 04:00:00+00:00,125.0,Rana,2023-11-03 03:30:00+00:00
0,2023-11-03 07:00:00+00:00,125.0,Rana,2023-11-03 04:00:00+00:00
0,2023-11-03 07:40:00+00:00,125.0,Rana,2023-11-03 07:30:00+00:00
0,2023-11-06 06:30:00+00:00,310.0,Kvilldal,2023-11-06 06:15:00+00:00
0,2023-11-06 07:00:00+00:00,310.0,Kvilldal,2023-11-06 06:30:00+00:00
0,2023-11-06 08:00:00+00:00,310.0,Kvilldal,2023-11-06 07:00:00+00:00
0,2023-11-04 10:00:00+00:00,110.0,Tokke,2023-11-04 09:57:00+00:00
0,2023-11-07 09:00:00+00:00,110.0,Tokke,2023-11-04 10:00:00+00:00
0,2023-11-07 09:30:00+00:00,110.0,Tokke,2023-11-07 09:00:00+00:00
0,2023-11-07 09:45:00+00:00,110.0,Tokke,2023-11-07 09:30:00+00:00
0,2023-11-07 09:52:00+00:00,110.0,Tokke,2023-11-07 09:45:00+00:00
0,2023-11-08 06:00:00+00:00,360.0,Sy-Sima,2023-11-08 05:45:00+00:00
0,2023-11-08 08:00:00+00:00,360.0,Sy-Sima,2023-11-08 06:00:00+00:00
0,2023-11-08 15:00:00+00:00,160.0,Saurdal,2023-11-08 14:54:00+00:00
0,2023-11-08 15:30:00+00:00,160.0,Saurdal,2023-11-08 15:00:00+00:00
0,2023-11-08 15:44:00+00:00,160.0,Saurdal,2023-11-08 15:30:00+00:00
0,2024-01-19 18:00:00+00:00,310.0,Kvilldal,2023-04-11 05:00:00+00:00
0,2023-06-23 13:00:00+00:00,150.0,Kobbelv,2023-06-19 05:00:00+00:00
0,2023-06-30 13:00:00+00:00,150.0,Kobbelv,2023-06-26 05:00:00+00:00
0,2023-10-20 16:00:00+00:00,195.0,Tyin,2023-08-14 06:00:00+00:00
0,2023-05-26 13:00:00+00:00,102.0,Vemork,2023-05-22 06:00:00+00:00
0,2023-06-16 13:00:00+00:00,100.0,Solhom,2023-05-30 06:00:00+00:00
0,2023-09-01 15:00:00+00:00,140.0,Aurland3,2023-08-21 05:00:00+00:00
0,2023-09-15 15:00:00+00:00,150.0,Aurland3,2023-09-04 05:00:00+00:00
0,2023-06-13 13:00:00+00:00,114.0,Dale,2023-06-13 05:00:00+00:00
0,2023-06-19 16:00:00+00:00,400.0,Svartisen,2023-06-12 06:00:00+00:00
0,2023-09-05 13:00:00+00:00,110.0,Evanger,2023-09-05 08:00:00+00:00
0,2023-09-08 13:00:00+00:00,114.0,Dale,2023-09-08 08:00:00+00:00
0,2023-06-27 14:00:00+00:00,100.0,Skjomen,2023-06-27 10:00:00+00:00
0,2023-05-23 12:00:00+00:00,100.0,Duge,2023-05-23 10:00:00+00:00
0,2023-05-24 13:00:00+00:00,110.0,Tysso 2,2023-05-24 09:00:00+00:00
0,2023-05-26 13:00:00+00:00,310.0,Kvilldal,2023-05-24 10:00:00+00:00
0,2023-05-30 13:00:00+00:00,103.0,Vinje,2023-05-30 10:00:00+00:00
0,2023-05-25 12:00:00+00:00,110.0,Tysso 2,2023-05-25 06:00:00+00:00
0,2023-05-25 12:05:00+00:00,110.0,Tysso 2,2023-05-25 12:00:00+00:00
0,2023-05-26 08:10:00+00:00,125.0,Rana,2023-05-26 08:00:00+00:00
0,2023-05-26 08:00:00+00:00,125.0,Rana,2023-05-26 05:00:00+00:00
0,2023-05-26 11:30:00+00:00,128.0,Mauranger,2023-05-26 11:00:00+00:00
0,2023-05-26 11:00:00+00:00,128.0,Mauranger,2023-05-24 05:00:00+00:00
0,2023-05-26 11:45:00+00:00,128.0,Mauranger,2023-05-26 11:30:00+00:00
0,2023-06-05 12:00:00+00:00,108.0,Nedre Vinstra,2023-06-05 10:00:00+00:00
0,2023-05-31 15:00:00+00:00,168.0,Tonstad,2023-05-31 09:00:00+00:00
0,2023-05-31 15:00:00+00:00,168.0,Tonstad,2023-05-31 09:00:00+00:00
0,2023-05-31 15:00:00+00:00,160.0,Tonstad,2023-05-31 09:00:00+00:00
0,2023-05-31 15:00:00+00:00,160.0,Tonstad,2023-05-31 09:00:00+00:00
0,2023-06-23 13:00:00+00:00,168.0,Tonstad,2023-06-02 05:00:00+00:00
0,2023-06-02 13:00:00+00:00,195.0,Tyin,2023-05-22 06:00:00+00:00
0,2023-06-02 13:00:00+00:00,195.0,Tyin,2023-05-22 06:00:00+00:00
0,2023-06-08 13:00:00+00:00,168.0,Tonstad,2023-06-02 05:00:00+00:00
0,2023-06-08 13:00:00+00:00,110.0,Tokke,2023-06-08 10:00:00+00:00
0,2023-06-07 10:30:00+00:00,310.0,Kvilldal,2023-06-07 10:00:00+00:00
0,2023-06-07 10:00:00+00:00,310.0,Kvilldal,2023-06-06 05:00:00+00:00
0,2023-06-07 10:45:00+00:00,310.0,Kvilldal,2023-06-07 10:30:00+00:00
0,2023-06-07 10:52:00+00:00,310.0,Kvilldal,2023-06-07 10:45:00+00:00
0,2023-06-14 12:00:00+00:00,225.0,Nedre Rossaga,2023-06-14 08:00:00+00:00
0,2023-06-09 10:00:00+00:00,110.0,Tysso 2,2023-06-07 05:00:00+00:00
0,2023-06-09 10:30:00+00:00,110.0,Tysso 2,2023-06-09 10:00:00+00:00
0,2023-06-09 10:35:00+00:00,110.0,Tysso 2,2023-06-09 10:30:00+00:00
0,2023-06-16 12:00:00+00:00,125.0,Rana,2023-06-12 06:00:00+00:00
0,2023-06-30 07:00:00+00:00,100.0,Skjomen,2023-06-26 06:00:00+00:00
0,2023-06-12 13:00:00+00:00,168.0,Tonstad,2023-06-12 10:00:00+00:00
0,2023-06-12 13:00:00+00:00,160.0,Tonstad,2023-06-12 10:00:00+00:00
0,2023-06-12 13:00:00+00:00,160.0,Tonstad,2023-06-12 10:00:00+00:00
0,2023-06-13 14:00:00+00:00,100.0,Skjomen,2023-06-05 05:00:00+00:00
0,2023-06-14 16:00:00+00:00,103.0,Vinje,2023-06-02 06:00:00+00:00
0,2023-06-23 12:00:00+00:00,125.0,Rana,2023-06-19 06:00:00+00:00
0,2023-06-14 11:00:00+00:00,185.0,Lysebotn 2,2023-06-14 07:00:00+00:00
0,2023-06-14 11:30:00+00:00,185.0,Lysebotn 2,2023-06-14 11:00:00+00:00
0,2023-06-15 11:00:00+00:00,104.0,Usta Kraftstasjon,2023-06-14 16:00:00+00:00
0,2023-06-15 14:00:00+00:00,195.0,Tyin,2023-06-15 08:00:00+00:00
0,2023-06-16 06:00:00+00:00,110.0,Tokke,2023-06-12 05:00:00+00:00
0,2023-06-16 06:07:00+00:00,110.0,Tokke,2023-06-16 06:00:00+00:00
0,2023-06-16 07:00:00+00:00,110.0,Evanger,2023-06-16 06:30:00+00:00
0,2023-06-16 13:00:00+00:00,110.0,Evanger,2023-06-16 07:00:00+00:00
0,2023-06-22 13:00:00+00:00,160.0,Saurdal,2023-06-22 06:00:00+00:00
0,2023-06-19 17:00:00+00:00,103.0,Vinje,2023-06-19 07:00:00+00:00
0,2023-06-22 13:00:00+00:00,110.0,Tokke,2023-06-22 06:00:00+00:00
0,2023-06-21 13:00:00+00:00,100.0,Duge,2023-06-21 06:00:00+00:00
0,2023-06-30 12:00:00+00:00,125.0,Rana,2023-06-26 06:00:00+00:00
0,2023-06-21 12:18:00+00:00,310.0,Kvilldal,2023-06-21 12:15:00+00:00
0,2023-06-21 12:00:00+00:00,310.0,Kvilldal,2023-06-20 05:00:00+00:00
0,2023-06-21 12:15:00+00:00,310.0,Kvilldal,2023-06-21 12:00:00+00:00
0,2023-06-23 04:00:00+00:00,185.0,Lysebotn 2,2023-06-21 22:00:00+00:00
0,2023-06-26 13:00:00+00:00,160.0,Tonstad,2023-06-26 05:00:00+00:00
0,2023-06-22 17:00:00+00:00,103.0,Vinje,2023-06-20 05:00:00+00:00
0,2023-06-29 17:00:00+00:00,103.0,Vinje,2023-06-26 05:00:00+00:00
0,2023-06-23 14:45:00+00:00,310.0,Kvilldal,2023-06-23 14:30:00+00:00
0,2023-06-23 14:30:00+00:00,310.0,Kvilldal,2023-06-23 14:00:00+00:00
0,2023-06-23 14:50:00+00:00,310.0,Kvilldal,2023-06-23 14:45:00+00:00
0,2023-06-23 14:00:00+00:00,310.0,Kvilldal,2023-06-05 05:00:00+00:00
0,2023-06-27 16:00:00+00:00,102.0,Vemork,2023-06-27 12:00:00+00:00
0,2023-06-27 17:00:00+00:00,100.0,Siso,2023-06-27 06:00:00+00:00
0,2023-08-03 17:00:00+00:00,103.0,Vinje,2023-07-31 05:00:00+00:00
0,2023-07-03 12:00:00+00:00,110.0,Tokke,2023-07-03 06:00:00+00:00
0,2023-07-05 18:00:00+00:00,195.0,Tyin,2023-07-05 06:00:00+00:00
0,2023-06-28 12:00:00+00:00,195.0,Tyin,2023-06-28 06:00:00+00:00
0,2023-06-28 12:30:00+00:00,195.0,Tyin,2023-06-28 12:00:00+00:00
0,2023-06-28 12:00:00+00:00,128.0,Mauranger,2023-06-28 05:00:00+00:00
0,2023-06-28 12:30:00+00:00,128.0,Mauranger,2023-06-28 12:00:00+00:00
0,2023-06-29 11:30:00+00:00,360.0,Sy-Sima,2023-06-29 11:00:00+00:00
0,2023-06-29 11:45:00+00:00,360.0,Sy-Sima,2023-06-29 11:30:00+00:00
0,2023-06-29 11:00:00+00:00,360.0,Sy-Sima,2023-06-29 10:00:00+00:00
0,2023-06-29 16:00:00+00:00,100.0,Skjomen,2023-06-29 10:00:00+00:00
0,2023-06-29 14:30:00+00:00,128.0,Mauranger,2023-06-29 14:00:00+00:00
0,2023-06-29 14:00:00+00:00,128.0,Mauranger,2023-06-29 05:00:00+00:00
0,2023-06-29 14:38:00+00:00,128.0,Mauranger,2023-06-29 14:30:00+00:00
0,2023-07-04 10:00:00+00:00,110.0,Evanger,2023-07-04 06:00:00+00:00
0,2023-06-30 07:15:00+00:00,110.0,Tokke,2023-06-30 07:00:00+00:00
0,2023-06-30 07:27:00+00:00,110.0,Tokke,2023-06-30 07:15:00+00:00
0,2023-06-30 07:00:00+00:00,110.0,Tokke,2023-06-26 05:00:00+00:00
0,2023-09-15 13:00:00+00:00,168.0,Tonstad,2023-08-28 05:00:00+00:00
0,2023-07-03 13:00:00+00:00,120.0,Holen,2023-07-03 06:00:00+00:00
0,2023-07-03 18:00:00+00:00,320.0,Svartisen,2023-06-12 06:00:00+00:00
0,2023-07-04 22:00:00+00:00,100.0,Duge,2023-06-27 06:00:00+00:00
0,2023-07-07 08:00:00+00:00,110.0,Evanger,2023-07-07 06:00:00+00:00
0,2023-07-07 06:00:00+00:00,110.0,Evanger,2023-07-07 05:30:00+00:00
0,2023-07-06 16:00:00+00:00,168.0,Tonstad,2023-07-06 07:00:00+00:00
0,2023-07-07 13:00:00+00:00,160.0,Tonstad,2023-07-07 05:00:00+00:00
0,2023-09-07 13:00:00+00:00,320.0,Svartisen,2023-09-07 06:00:00+00:00
0,2023-07-13 17:00:00+00:00,310.0,Kvilldal,2023-07-13 05:00:00+00:00
0,2023-07-12 12:00:00+00:00,110.0,Evanger,2023-07-12 06:00:00+00:00
0,2023-07-12 12:30:00+00:00,110.0,Evanger,2023-07-12 12:00:00+00:00
0,2023-07-13 07:00:00+00:00,110.0,Evanger,2023-07-13 06:00:00+00:00
0,2023-07-13 09:58:00+00:00,310.0,Kvilldal,2023-07-13 09:45:00+00:00
0,2023-07-13 09:45:00+00:00,310.0,Kvilldal,2023-07-13 09:30:00+00:00
0,2023-07-13 09:30:00+00:00,310.0,Kvilldal,2023-07-13 09:00:00+00:00
0,2023-07-13 09:00:00+00:00,310.0,Kvilldal,2023-06-12 06:00:00+00:00
0,2023-07-17 09:00:00+00:00,114.0,Dale,2023-07-17 07:00:00+00:00
0,2023-07-27 13:00:00+00:00,110.0,Tysso 2,2023-07-27 05:00:00+00:00
0,2023-08-14 13:00:00+00:00,110.0,Evanger,2023-08-14 07:00:00+00:00
0,2023-08-07 08:00:00+00:00,160.0,Saurdal,2023-08-07 05:00:00+00:00
0,2023-08-13 13:00:00+00:00,110.0,Tokke,2023-08-13 07:00:00+00:00
0,2023-08-10 13:00:00+00:00,160.0,Tonstad,2023-08-10 06:00:00+00:00
0,2023-08-10 12:00:00+00:00,195.0,Tyin,2023-08-10 06:00:00+00:00
0,2023-08-10 12:08:00+00:00,195.0,Tyin,2023-08-10 12:00:00+00:00
0,2023-08-16 08:32:00+00:00,128.0,Mauranger,2023-08-16 08:30:00+00:00
0,2023-08-16 08:30:00+00:00,128.0,Mauranger,2023-08-16 08:00:00+00:00
0,2023-08-16 02:00:00+00:00,128.0,Mauranger,2023-08-16 01:45:00+00:00
0,2023-08-16 01:45:00+00:00,128.0,Mauranger,2023-08-16 01:34:00+00:00
0,2023-08-16 08:00:00+00:00,128.0,Mauranger,2023-08-16 02:00:00+00:00
0,2023-08-17 15:00:00+00:00,110.0,Evanger,2023-08-14 06:00:00+00:00
0,2023-08-16 12:30:00+00:00,103.0,Vinje,2023-08-16 12:00:00+00:00
0,2023-08-16 12:00:00+00:00,103.0,Vinje,2023-08-14 06:00:00+00:00
0,2023-08-18 10:00:00+00:00,110.0,Tysso 2,2023-08-07 10:00:00+00:00
0,2023-08-17 13:00:00+00:00,168.0,Tonstad,2023-08-16 05:00:00+00:00
0,2023-08-18 12:00:00+00:00,128.0,Mauranger,2023-08-18 11:00:00+00:00
0,2023-08-18 10:35:00+00:00,290.0,Lang Sima,2023-08-18 10:30:00+00:00
0,2023-08-18 10:30:00+00:00,290.0,Lang Sima,2023-08-18 10:00:00+00:00
0,2023-08-18 10:00:00+00:00,290.0,Lang Sima,2023-08-16 05:00:00+00:00
0,2023-08-28 15:00:00+00:00,120.0,Holen,2023-08-28 09:00:00+00:00
0,2023-08-22 13:30:00+00:00,110.0,Tokke,2023-08-22 13:00:00+00:00
0,2023-08-22 13:00:00+00:00,110.0,Tokke,2023-08-21 06:00:00+00:00
0,2023-08-22 13:40:00+00:00,110.0,Tokke,2023-08-22 13:30:00+00:00
0,2023-08-23 19:00:00+00:00,110.0,Tokke,2023-08-23 06:00:00+00:00
0,2023-08-23 08:30:00+00:00,110.0,Evanger,2023-08-23 08:00:00+00:00
0,2023-08-23 08:00:00+00:00,110.0,Evanger,2023-08-23 06:00:00+00:00
0,2023-09-06 12:00:00+00:00,100.0,Duge,2023-09-06 07:00:00+00:00
0,2023-08-25 08:30:00+00:00,102.0,Vemork,2023-08-25 08:00:00+00:00
0,2023-08-25 08:45:00+00:00,102.0,Vemork,2023-08-25 08:30:00+00:00
0,2023-08-25 08:00:00+00:00,102.0,Vemork,2023-08-25 07:00:00+00:00
0,2023-08-25 09:00:00+00:00,100.0,Skjomen,2023-08-21 05:00:00+00:00
0,2023-08-25 09:07:00+00:00,100.0,Skjomen,2023-08-25 09:00:00+00:00
0,2023-08-28 05:00:00+00:00,360.0,Sy-Sima,2023-08-25 10:00:00+00:00
0,2023-08-29 17:00:00+00:00,106.0,Sonna,2023-08-29 10:00:00+00:00
0,2023-08-29 12:00:00+00:00,106.0,Sonna,2023-08-29 06:00:00+00:00
0,2023-08-31 13:44:00+00:00,128.0,Mauranger,2023-08-31 13:30:00+00:00
0,2023-08-31 13:30:00+00:00,128.0,Mauranger,2023-08-31 13:00:00+00:00
0,2023-08-31 13:00:00+00:00,128.0,Mauranger,2023-08-30 05:00:00+00:00
0,2023-09-04 17:00:00+00:00,168.0,Tonstad,2023-09-04 10:00:00+00:00
0,2023-09-04 17:00:00+00:00,160.0,Tonstad,2023-09-04 10:00:00+00:00
0,2023-09-04 17:00:00+00:00,160.0,Tonstad,2023-09-04 10:00:00+00:00
0,2023-09-05 06:00:00+00:00,168.0,Tonstad,2023-09-05 05:30:00+00:00
0,2023-09-05 17:00:00+00:00,168.0,Tonstad,2023-09-05 06:00:00+00:00
0,2023-09-05 17:00:00+00:00,160.0,Tonstad,2023-09-05 06:00:00+00:00
0,2023-09-05 06:00:00+00:00,160.0,Tonstad,2023-09-05 05:30:00+00:00
0,2023-09-05 17:00:00+00:00,160.0,Tonstad,2023-09-05 06:00:00+00:00
0,2023-09-05 06:00:00+00:00,160.0,Tonstad,2023-09-05 05:30:00+00:00
0,2023-09-08 13:00:00+00:00,160.0,Saurdal,2023-08-08 06:00:00+00:00
0,2023-09-04 18:00:00+00:00,114.0,Rendal 2,2023-09-04 15:00:00+00:00
0,2023-09-06 17:00:00+00:00,160.0,Tonstad,2023-09-06 06:00:00+00:00
0,2023-09-06 06:00:00+00:00,160.0,Tonstad,2023-09-06 05:30:00+00:00
0,2023-09-06 17:00:00+00:00,160.0,Tonstad,2023-09-06 06:00:00+00:00
0,2023-09-06 06:00:00+00:00,160.0,Tonstad,2023-09-06 05:30:00+00:00
0,2023-09-06 17:00:00+00:00,168.0,Tonstad,2023-09-06 06:00:00+00:00
0,2023-09-06 06:00:00+00:00,168.0,Tonstad,2023-09-06 05:30:00+00:00
0,2023-09-06 09:00:00+00:00,150.0,Kobbelv,2023-09-06 07:00:00+00:00
0,2023-09-05 16:00:00+00:00,114.0,Rendal 2,2023-09-05 06:00:00+00:00
0,2023-09-05 13:05:00+00:00,110.0,Tokke,2023-09-05 13:00:00+00:00
0,2023-09-05 13:00:00+00:00,110.0,Tokke,2023-09-04 05:00:00+00:00
0,2023-09-07 13:00:00+00:00,168.0,Tonstad,2023-09-07 06:00:00+00:00
0,2023-09-07 06:00:00+00:00,168.0,Tonstad,2023-09-07 05:30:00+00:00
0,2023-09-07 13:00:00+00:00,160.0,Tonstad,2023-09-07 06:00:00+00:00
0,2023-09-07 06:00:00+00:00,160.0,Tonstad,2023-09-07 05:30:00+00:00
0,2023-09-07 13:00:00+00:00,160.0,Tonstad,2023-09-07 06:00:00+00:00
0,2023-09-07 06:00:00+00:00,160.0,Tonstad,2023-09-07 05:30:00+00:00
0,2023-09-15 13:00:00+00:00,110.0,Evanger,2023-09-11 05:00:00+00:00
0,2023-09-13 14:30:00+00:00,120.0,Holen,2023-09-13 14:00:00+00:00
0,2023-09-13 14:00:00+00:00,120.0,Holen,2023-09-12 06:00:00+00:00
0,2023-09-07 19:00:00+00:00,114.0,Rendal 2,2023-09-07 06:00:00+00:00
0,2023-09-07 19:10:00+00:00,400.0,Svartisen,2023-09-07 19:00:00+00:00
0,2023-09-07 19:00:00+00:00,400.0,Svartisen,2023-08-21 06:00:00+00:00
0,2023-09-08 14:00:00+00:00,110.0,Evanger,2023-09-04 07:00:00+00:00
0,2023-09-08 14:00:00+00:00,110.0,Evanger,2023-09-04 07:00:00+00:00
0,2023-09-13 06:00:00+00:00,168.0,Tonstad,2023-09-13 05:30:00+00:00
0,2023-09-13 17:00:00+00:00,168.0,Tonstad,2023-09-13 06:00:00+00:00
0,2023-09-13 17:00:00+00:00,160.0,Tonstad,2023-09-13 06:00:00+00:00
0,2023-09-13 06:00:00+00:00,160.0,Tonstad,2023-09-13 05:30:00+00:00
0,2023-09-13 06:00:00+00:00,160.0,Tonstad,2023-09-13 05:30:00+00:00
0,2023-09-13 17:00:00+00:00,160.0,Tonstad,2023-09-13 06:00:00+00:00
0,2023-09-20 18:00:00+00:00,290.0,Lang Sima,2023-09-19 07:00:00+00:00
0,2023-09-13 10:40:00+00:00,150.0,Kobbelv,2023-09-13 10:30:00+00:00
0,2023-09-13 10:30:00+00:00,150.0,Kobbelv,2023-09-13 10:00:00+00:00
0,2023-09-13 10:00:00+00:00,150.0,Kobbelv,2023-06-28 10:00:00+00:00
0,2023-09-14 13:00:00+00:00,168.0,Tonstad,2023-09-14 06:00:00+00:00
0,2023-09-14 06:00:00+00:00,168.0,Tonstad,2023-09-14 05:30:00+00:00
0,2023-09-14 06:00:00+00:00,160.0,Tonstad,2023-09-14 05:30:00+00:00
0,2023-09-14 13:00:00+00:00,160.0,Tonstad,2023-09-14 06:00:00+00:00
0,2023-09-14 06:00:00+00:00,160.0,Tonstad,2023-09-14 05:30:00+00:00
0,2023-09-14 13:00:00+00:00,160.0,Tonstad,2023-09-14 06:00:00+00:00
0,2023-09-15 10:00:00+00:00,100.0,Skjomen,2023-09-15 07:00:00+00:00
0,2023-09-14 16:24:00+00:00,320.0,Svartisen,2023-09-14 16:15:00+00:00
0,2023-09-14 16:15:00+00:00,320.0,Svartisen,2023-09-14 16:00:00+00:00
0,2023-09-14 16:00:00+00:00,320.0,Svartisen,2023-09-12 06:00:00+00:00
0,2023-09-19 13:00:00+00:00,140.0,Aurland3,2023-09-19 06:00:00+00:00
0,2023-09-18 12:45:00+00:00,110.0,Tokke,2023-09-18 12:30:00+00:00
0,2023-09-18 12:30:00+00:00,110.0,Tokke,2023-09-18 12:00:00+00:00
0,2023-09-18 12:00:00+00:00,110.0,Tokke,2023-09-11 05:00:00+00:00
0,2023-09-18 12:52:00+00:00,110.0,Tokke,2023-09-18 12:45:00+00:00
0,2023-09-25 11:00:00+00:00,125.0,Rana,2023-09-25 05:00:00+00:00
0,2023-09-21 13:00:00+00:00,290.0,Lang Sima,2023-09-18 05:00:00+00:00
0,2023-09-20 11:35:00+00:00,110.0,Tokke,2023-09-20 11:30:00+00:00
0,2023-09-20 11:00:00+00:00,110.0,Tokke,2023-09-20 10:00:00+00:00
0,2023-09-20 11:30:00+00:00,110.0,Tokke,2023-09-20 11:00:00+00:00
0,2023-09-21 07:45:00+00:00,100.0,Duge,2023-09-21 07:30:00+00:00
0,2023-09-21 07:00:00+00:00,100.0,Duge,2023-08-21 06:00:00+00:00
0,2023-09-21 07:48:00+00:00,100.0,Duge,2023-09-21 07:45:00+00:00
0,2023-09-21 07:30:00+00:00,100.0,Duge,2023-09-21 07:00:00+00:00
0,2023-09-27 09:00:00+00:00,160.0,Saurdal,2023-09-27 07:00:00+00:00
0,2023-09-27 12:00:00+00:00,160.0,Saurdal,2023-09-27 10:00:00+00:00
0,2023-09-25 11:00:00+00:00,110.0,Tysso 2,2023-09-25 05:00:00+00:00
0,2023-09-25 11:30:00+00:00,110.0,Tysso 2,2023-09-25 11:00:00+00:00
0,2023-09-25 11:45:00+00:00,110.0,Tysso 2,2023-09-25 11:30:00+00:00
0,2023-09-27 13:00:00+00:00,290.0,Lang Sima,2023-09-25 05:00:00+00:00
0,2023-09-28 14:00:00+00:00,110.0,Evanger,2023-09-28 10:00:00+00:00
0,2023-09-29 09:00:00+00:00,280.0,Aurland1,2023-09-29 08:00:00+00:00
0,2023-10-04 12:00:00+00:00,110.0,Myster,2023-10-04 06:00:00+00:00
0,2023-09-29 13:00:00+00:00,160.0,Saurdal,2023-09-11 05:00:00+00:00
0,2023-09-29 13:00:00+00:00,160.0,Saurdal,2023-09-29 06:00:00+00:00
0,2023-10-06 13:00:00+00:00,128.0,Mauranger,2023-10-05 05:00:00+00:00
0,2023-10-03 17:00:00+00:00,168.0,Tonstad,2023-10-03 05:00:00+00:00
0,2023-10-03 17:00:00+00:00,168.0,Tonstad,2023-10-03 05:00:00+00:00
0,2023-10-03 17:00:00+00:00,160.0,Tonstad,2023-10-03 05:00:00+00:00
0,2023-10-05 11:00:00+00:00,110.0,Evanger,2023-10-02 05:00:00+00:00
0,2023-10-04 17:00:00+00:00,168.0,Tonstad,2023-10-04 06:00:00+00:00
0,2023-10-04 06:00:00+00:00,168.0,Tonstad,2023-10-04 05:30:00+00:00
0,2023-10-04 17:00:00+00:00,168.0,Tonstad,2023-10-04 06:00:00+00:00
0,2023-10-04 06:00:00+00:00,168.0,Tonstad,2023-10-04 05:30:00+00:00
0,2023-10-04 17:00:00+00:00,160.0,Tonstad,2023-10-04 06:00:00+00:00
0,2023-10-04 06:00:00+00:00,160.0,Tonstad,2023-10-04 05:30:00+00:00
0,2023-10-04 11:00:00+00:00,310.0,Kvilldal,2023-10-04 05:00:00+00:00
0,2023-10-04 11:12:00+00:00,310.0,Kvilldal,2023-10-04 11:00:00+00:00
0,2023-10-06 09:00:00+00:00,280.0,Aurland1,2023-10-06 07:00:00+00:00
0,2023-10-05 14:00:00+00:00,128.0,Mauranger,2023-10-02 05:00:00+00:00
0,2023-10-05 14:30:00+00:00,128.0,Mauranger,2023-10-05 14:00:00+00:00
0,2023-10-05 14:45:00+00:00,128.0,Mauranger,2023-10-05 14:30:00+00:00
0,2023-10-05 14:55:00+00:00,128.0,Mauranger,2023-10-05 14:45:00+00:00
0,2023-10-12 22:00:00+00:00,100.0,Siso,2023-10-09 07:00:00+00:00
0,2023-10-12 12:10:00+00:00,185.0,Lysebotn 2,2023-10-12 12:00:00+00:00
0,2023-10-12 12:00:00+00:00,185.0,Lysebotn 2,2023-10-09 06:00:00+00:00
0,2023-10-18 11:00:00+00:00,360.0,Sy-Sima,2023-07-24 05:00:00+00:00
0,2023-10-27 08:00:00+00:00,160.0,Saurdal,2023-09-29 13:00:00+00:00
0,2023-10-27 08:15:00+00:00,160.0,Saurdal,2023-10-27 08:00:00+00:00
0,2023-10-31 11:00:00+00:00,160.0,Tonstad,2023-09-27 05:00:00+00:00
0,2023-11-02 15:00:00+00:00,360.0,Sy-Sima,2023-08-28 05:00:00+00:00
0,2023-11-02 15:33:00+00:00,360.0,Sy-Sima,2023-11-02 15:30:00+00:00
0,2023-11-02 15:30:00+00:00,360.0,Sy-Sima,2023-11-02 15:00:00+00:00
0,2023-11-03 14:30:00+00:00,110.0,Tokke,2023-11-03 14:00:00+00:00
0,2023-11-03 14:45:00+00:00,110.0,Tokke,2023-11-03 14:30:00+00:00
0,2023-11-03 14:00:00+00:00,110.0,Tokke,2023-07-31 05:00:00+00:00
0,2023-11-09 07:00:00+00:00,360.0,Sy-Sima,2023-11-09 04:00:00+00:00
0,2023-11-09 04:00:00+00:00,360.0,Sy-Sima,2023-11-09 03:45:00+00:00
0,2023-11-09 07:15:00+00:00,160.0,Saurdal,2023-11-09 07:00:00+00:00
0,2023-11-09 07:18:00+00:00,160.0,Saurdal,2023-11-09 07:15:00+00:00
0,2023-11-09 07:00:00+00:00,160.0,Saurdal,2023-11-09 01:00:00+00:00
0,2023-11-09 01:00:00+00:00,160.0,Saurdal,2023-11-09 00:45:00+00:00
0,2023-10-26 17:00:00+00:00,103.0,Vinje,2023-08-07 05:00:00+00:00
100,2023-11-16 18:00:00+00:00,103.0,Vinje,2023-10-26 18:00:00+00:00
0,2023-10-26 17:30:00+00:00,103.0,Vinje,2023-10-26 17:00:00+00:00
0,2023-10-26 17:45:00+00:00,103.0,Vinje,2023-10-26 17:30:00+00:00
0,2023-10-26 18:00:00+00:00,103.0,Vinje,2023-10-26 17:45:00+00:00
0,2023-11-08 21:00:00+00:00,290.0,Lang Sima,2023-11-08 20:30:00+00:00
0,2023-11-10 10:06:00+00:00,290.0,Lang Sima,2023-11-10 10:00:00+00:00
0,2023-11-10 10:00:00+00:00,290.0,Lang Sima,2023-11-08 21:00:00+00:00
0,2023-11-12 06:45:00+00:00,150.0,Kobbelv,2023-11-12 06:31:00+00:00
0,2023-11-12 07:00:00+00:00,150.0,Kobbelv,2023-11-12 06:45:00+00:00
0,2023-11-12 08:00:00+00:00,150.0,Kobbelv,2023-11-12 07:00:00+00:00
0,2023-11-12 08:30:00+00:00,150.0,Kobbelv,2023-11-12 08:00:00+00:00
0,2023-11-12 08:43:00+00:00,150.0,Kobbelv,2023-11-12 08:30:00+00:00
0,2023-11-13 08:00:00+00:00,185.0,Lysebotn 2,2023-11-13 05:00:00+00:00
0,2023-11-14 13:00:00+00:00,150.0,Kobbelv,2023-11-14 11:00:00+00:00
0,2023-11-14 10:00:00+00:00,360.0,Sy-Sima,2023-11-14 09:30:00+00:00
0,2023-11-14 11:00:00+00:00,360.0,Sy-Sima,2023-11-14 10:00:00+00:00
0,2023-11-14 14:04:00+00:00,150.0,Kobbelv,2023-11-14 14:00:00+00:00
0,2023-11-14 14:00:00+00:00,150.0,Kobbelv,2023-11-14 13:30:00+00:00
0,2023-11-16 07:45:00+00:00,160.0,Saurdal,2023-11-16 07:32:00+00:00
0,2023-11-16 08:38:00+00:00,160.0,Saurdal,2023-11-16 08:30:00+00:00
0,2023-11-16 08:00:00+00:00,160.0,Saurdal,2023-11-16 07:45:00+00:00
0,2023-11-16 08:30:00+00:00,160.0,Saurdal,2023-11-16 08:00:00+00:00
0,2023-11-17 14:00:00+00:00,103.0,Vinje,2023-06-19 05:00:00+00:00
0,2023-11-18 17:30:00+00:00,110.0,Tysso 2,2023-11-18 17:20:00+00:00
0,2023-11-18 18:30:00+00:00,110.0,Tysso 2,2023-11-18 17:30:00+00:00
0,2023-11-18 18:31:00+00:00,110.0,Tysso 2,2023-11-18 18:30:00+00:00
0,2023-11-27 22:00:00+00:00,360.0,Sy-Sima,2023-11-27 21:57:00+00:00
0,2023-11-28 05:00:00+00:00,360.0,Sy-Sima,2023-11-27 22:00:00+00:00
0,2023-11-28 05:15:00+00:00,360.0,Sy-Sima,2023-11-28 05:00:00+00:00
0,2023-12-03 12:20:00+00:00,100.0,Solhom,2023-12-03 12:15:00+00:00
0,2023-12-03 12:15:00+00:00,100.0,Solhom,2023-12-03 12:00:00+00:00
0,2023-12-03 12:00:00+00:00,100.0,Solhom,2023-12-03 09:00:00+00:00
0,2023-12-03 09:00:00+00:00,100.0,Solhom,2023-12-03 08:30:00+00:00
0,2023-12-03 08:30:00+00:00,100.0,Solhom,2023-12-03 08:15:00+00:00
0,2023-12-03 08:15:00+00:00,100.0,Solhom,2023-12-03 08:05:00+00:00
0,2023-12-03 00:00:00+00:00,100.0,Duge,2023-12-02 23:30:00+00:00
0,2023-12-03 12:22:00+00:00,100.0,Duge,2023-12-03 12:15:00+00:00
0,2023-12-03 12:15:00+00:00,100.0,Duge,2023-12-03 12:00:00+00:00
0,2023-12-03 12:00:00+00:00,100.0,Duge,2023-12-03 00:00:00+00:00
0,2023-12-04 11:30:00+00:00,150.0,Aurland3,2023-12-04 10:30:00+00:00
0,2023-12-04 11:45:00+00:00,150.0,Aurland3,2023-12-04 11:30:00+00:00
0,2023-12-04 17:00:00+00:00,102.0,Vemork,2023-12-03 04:00:00+00:00
0,2023-12-04 17:30:00+00:00,102.0,Vemork,2023-12-04 17:00:00+00:00
0,2023-12-04 17:31:00+00:00,102.0,Vemork,2023-12-04 17:30:00+00:00
0,2023-12-03 04:00:00+00:00,102.0,Vemork,2023-12-03 03:56:00+00:00
0,2023-12-05 19:40:00+00:00,110.0,Tokke,2023-12-05 19:30:00+00:00
0,2023-12-05 07:15:00+00:00,110.0,Tokke,2023-12-05 07:13:00+00:00
0,2023-12-05 07:30:00+00:00,110.0,Tokke,2023-12-05 07:15:00+00:00
0,2023-12-05 08:00:00+00:00,110.0,Tokke,2023-12-05 07:30:00+00:00
0,2023-12-05 19:00:00+00:00,110.0,Tokke,2023-12-05 08:00:00+00:00
0,2023-12-05 19:30:00+00:00,110.0,Tokke,2023-12-05 19:00:00+00:00
0,2023-12-11 05:30:00+00:00,103.0,Vinje,2023-12-11 05:00:00+00:00
0,2023-12-11 05:39:00+00:00,103.0,Vinje,2023-12-11 05:30:00+00:00
0,2023-12-11 05:00:00+00:00,103.0,Vinje,2023-12-11 04:00:00+00:00
0,2023-12-11 14:00:00+00:00,110.0,Tokke,2023-12-11 04:00:00+00:00
0,2023-12-11 14:10:00+00:00,110.0,Tokke,2023-12-11 14:00:00+00:00
0,2023-12-20 14:00:00+00:00,106.0,Sonna,2023-12-20 06:00:00+00:00
0,2023-12-15 15:00:00+00:00,110.0,Evanger,2023-12-15 13:00:00+00:00
0,2023-12-19 13:00:00+00:00,115.0,Brokke,2023-12-19 12:00:00+00:00
0,2023-12-18 11:00:00+00:00,150.0,Kobbelv,2023-12-18 10:55:00+00:00
0,2023-12-18 14:00:00+00:00,150.0,Kobbelv,2023-12-18 11:00:00+00:00
350,2023-12-18 11:00:00+00:00,400.0,Svartisen,2023-12-18 10:45:00+00:00
350,2023-12-19 23:00:00+00:00,400.0,Svartisen,2023-12-18 11:00:00+00:00
0,2023-12-20 10:15:00+00:00,168.0,Tonstad,2023-12-20 10:06:00+00:00
0,2023-12-20 10:30:00+00:00,168.0,Tonstad,2023-12-20 10:15:00+00:00
0,2023-12-20 11:00:00+00:00,168.0,Tonstad,2023-12-20 10:30:00+00:00
0,2023-12-20 14:00:00+00:00,168.0,Tonstad,2023-12-20 11:00:00+00:00
0,2023-12-22 15:30:00+00:00,150.0,Kobbelv,2023-12-22 14:30:00+00:00
0,2023-12-23 11:00:00+00:00,150.0,Kobbelv,2023-12-22 19:00:00+00:00
0,2023-12-25 07:00:00+00:00,310.0,Kvilldal,2023-12-25 06:56:00+00:00
0,2023-12-25 09:00:00+00:00,310.0,Kvilldal,2023-12-25 07:00:00+00:00
0,2023-12-25 09:15:00+00:00,310.0,Kvilldal,2023-12-25 09:00:00+00:00
0,2023-12-28 08:00:00+00:00,150.0,Kobbelv,2023-12-27 07:00:00+00:00
0,2023-12-28 08:30:00+00:00,150.0,Kobbelv,2023-12-28 08:00:00+00:00
0,2023-12-29 10:00:00+00:00,280.0,Aurland1,2023-12-29 09:00:00+00:00
0,2023-12-29 10:30:00+00:00,280.0,Aurland1,2023-12-29 10:00:00+00:00
0,2023-12-29 10:40:00+00:00,280.0,Aurland1,2023-12-29 10:30:00+00:00
0,2023-12-27 14:00:00+00:00,103.0,Vinje,2023-12-27 13:45:00+00:00
0,2023-12-29 15:00:00+00:00,103.0,Vinje,2023-12-27 14:00:00+00:00
0,2023-12-29 15:30:00+00:00,103.0,Vinje,2023-12-29 15:00:00+00:00
0,2023-12-29 15:45:00+00:00,103.0,Vinje,2023-12-29 15:30:00+00:00
0,2023-12-29 15:47:00+00:00,103.0,Vinje,2023-12-29 15:45:00+00:00
0,2023-12-29 21:00:00+00:00,310.0,Kvilldal,2023-12-29 20:30:00+00:00
0,2023-12-29 20:30:00+00:00,310.0,Kvilldal,2023-12-29 20:15:00+00:00
0,2023-12-30 11:00:00+00:00,310.0,Kvilldal,2023-12-29 21:00:00+00:00
0,2023-11-08 18:00:00+00:00,290.0,Lang Sima,2023-11-02 07:00:00+00:00
0,2023-10-24 10:00:00+00:00,100.0,Duge,2023-10-24 05:00:00+00:00
0,2023-10-24 10:00:00+00:00,106.0,Sonna,2023-10-24 05:00:00+00:00
0,2023-11-17 16:00:00+00:00,129.0,Vamma,2023-11-13 06:00:00+00:00
0,2023-11-17 13:00:00+00:00,125.0,Rana,2023-10-26 06:00:00+00:00
0,2023-10-31 13:00:00+00:00,114.0,Dale,2023-10-31 11:00:00+00:00
0,2023-10-24 16:00:00+00:00,110.0,Tokke,2023-10-24 05:00:00+00:00
0,2023-10-12 06:00:00+00:00,140.0,Aurland3,2023-10-12 05:30:00+00:00
0,2023-10-12 13:00:00+00:00,140.0,Aurland3,2023-10-12 06:00:00+00:00
0,2023-10-23 16:00:00+00:00,106.0,Sonna,2023-10-23 05:00:00+00:00
0,2023-10-11 13:00:00+00:00,160.0,Tonstad,2023-10-11 05:00:00+00:00
0,2023-10-11 13:00:00+00:00,168.0,Tonstad,2023-10-11 05:00:00+00:00
0,2023-10-11 13:00:00+00:00,168.0,Tonstad,2023-10-11 05:00:00+00:00
0,2023-10-12 12:00:00+00:00,120.0,Holen,2023-10-12 10:00:00+00:00
0,2023-10-11 11:30:00+00:00,110.0,Tokke,2023-10-11 11:00:00+00:00
0,2023-10-11 11:45:00+00:00,110.0,Tokke,2023-10-11 11:30:00+00:00
0,2023-10-11 11:00:00+00:00,110.0,Tokke,2023-10-11 10:00:00+00:00
0,2023-10-11 12:00:00+00:00,310.0,Kvilldal,2023-10-11 05:00:00+00:00
0,2023-10-17 12:00:00+00:00,125.0,Rana,2023-10-16 06:00:00+00:00
0,2023-10-16 14:00:00+00:00,114.0,Dale,2023-10-16 12:00:00+00:00
0,2023-10-12 15:30:00+00:00,310.0,Kvilldal,2023-10-12 15:00:00+00:00
0,2023-10-12 15:00:00+00:00,310.0,Kvilldal,2023-10-12 05:00:00+00:00
0,2023-10-12 15:44:00+00:00,310.0,Kvilldal,2023-10-12 15:30:00+00:00
0,2023-10-14 19:45:00+00:00,290.0,Lang Sima,2023-10-14 19:37:00+00:00
0,2023-10-14 20:00:00+00:00,290.0,Lang Sima,2023-10-14 19:45:00+00:00
0,2023-10-15 00:00:00+00:00,290.0,Lang Sima,2023-10-14 20:00:00+00:00
0,2023-10-16 13:00:00+00:00,225.0,Nedre Rossaga,2023-10-16 08:00:00+00:00
0,2023-10-16 08:00:00+00:00,225.0,Nedre Rossaga,2023-10-16 07:30:00+00:00
0,2023-10-19 10:00:00+00:00,100.0,Skjomen,2023-10-19 07:00:00+00:00
0,2023-10-24 10:00:00+00:00,106.0,Sonna,2023-10-24 05:00:00+00:00
0,2023-10-24 15:00:00+00:00,100.0,Duge,2023-10-24 10:00:00+00:00
0,2023-10-25 10:00:00+00:00,110.0,Evanger,2023-10-25 08:00:00+00:00
0,2023-10-19 13:00:00+00:00,168.0,Tonstad,2023-10-19 05:00:00+00:00
0,2023-10-19 13:00:00+00:00,168.0,Tonstad,2023-10-19 05:00:00+00:00
0,2023-10-19 13:00:00+00:00,160.0,Tonstad,2023-10-19 05:00:00+00:00
0,2023-10-20 13:00:00+00:00,103.0,Vinje,2023-10-20 10:00:00+00:00
0,2023-10-25 15:00:00+00:00,310.0,Kvilldal,2023-10-25 13:00:00+00:00
0,2023-10-25 10:00:00+00:00,110.0,Evanger,2023-10-25 08:00:00+00:00
0,2023-11-24 14:00:00+00:00,160.0,Tonstad,2023-11-15 06:00:00+00:00
0,2023-10-27 12:00:00+00:00,310.0,Kvilldal,2023-10-27 10:00:00+00:00
0,2023-11-15 19:00:00+00:00,107.0,Usta Kraftstasjon,2023-11-14 06:00:00+00:00
0,2023-10-31 14:10:00+00:00,290.0,Lang Sima,2023-10-31 14:00:00+00:00
0,2023-10-31 14:00:00+00:00,290.0,Lang Sima,2023-10-25 06:00:00+00:00
0,2023-11-02 12:00:00+00:00,310.0,Kvilldal,2023-10-30 06:00:00+00:00
0,2023-11-02 12:06:00+00:00,310.0,Kvilldal,2023-11-02 12:00:00+00:00
0,2023-11-03 07:45:00+00:00,128.0,Mauranger,2023-11-03 07:30:00+00:00
0,2023-11-03 07:30:00+00:00,128.0,Mauranger,2023-11-03 07:00:00+00:00
0,2023-11-03 07:00:00+00:00,128.0,Mauranger,2023-11-03 06:00:00+00:00
0,2023-11-03 14:30:00+00:00,290.0,Lang Sima,2023-11-03 14:00:00+00:00
0,2023-11-03 14:00:00+00:00,290.0,Lang Sima,2023-11-03 06:00:00+00:00
0,2023-11-03 14:45:00+00:00,160.0,Saurdal,2023-11-03 14:30:00+00:00
0,2023-11-03 14:50:00+00:00,160.0,Saurdal,2023-11-03 14:45:00+00:00
0,2023-11-03 14:00:00+00:00,160.0,Saurdal,2023-11-03 07:00:00+00:00
0,2023-11-03 14:30:00+00:00,160.0,Saurdal,2023-11-03 14:00:00+00:00
0,2023-11-13 11:00:00+00:00,110.0,Myster,2023-11-13 08:00:00+00:00
110,2023-11-14 12:00:00+00:00,280.0,Aurland1,2023-11-14 08:00:00+00:00
110,2023-11-15 12:00:00+00:00,280.0,Aurland1,2023-11-15 08:00:00+00:00
0,2023-11-16 18:00:00+00:00,114.0,Dale,2023-11-13 13:00:00+00:00
0,2023-11-08 14:00:00+00:00,100.0,Duge,2023-11-06 07:00:00+00:00
0,2023-11-08 14:30:00+00:00,100.0,Duge,2023-11-08 14:00:00+00:00
0,2023-11-08 13:30:00+00:00,160.0,Saurdal,2023-11-08 13:00:00+00:00
0,2023-11-08 13:00:00+00:00,160.0,Saurdal,2023-11-06 15:00:00+00:00
0,2023-11-08 13:36:00+00:00,160.0,Saurdal,2023-11-08 13:30:00+00:00
0,2023-11-09 10:00:00+00:00,185.0,Lysebotn 2,2023-11-06 07:00:00+00:00
0,2023-11-09 10:10:00+00:00,185.0,Lysebotn 2,2023-11-09 10:00:00+00:00
160,2023-11-09 13:00:00+00:00,160.0,Saurdal,2023-11-08 18:00:00+00:00
160,2023-11-08 18:00:00+00:00,160.0,Saurdal,2023-11-08 17:30:00+00:00
160,2023-11-08 17:30:00+00:00,160.0,Saurdal,2023-11-08 17:15:00+00:00
0,2023-11-08 17:15:00+00:00,160.0,Saurdal,2023-11-08 17:00:00+00:00
160,2023-11-08 17:00:00+00:00,160.0,Saurdal,2023-10-23 09:00:00+00:00
0,2023-10-23 08:00:00+00:00,160.0,Saurdal,2023-10-23 05:00:00+00:00
160,2023-11-09 13:10:00+00:00,160.0,Saurdal,2023-11-09 13:00:00+00:00
0,2023-10-23 09:00:00+00:00,160.0,Saurdal,2023-10-23 08:45:00+00:00
0,2023-10-23 08:30:00+00:00,160.0,Saurdal,2023-10-23 08:00:00+00:00
0,2023-10-23 08:45:00+00:00,160.0,Saurdal,2023-10-23 08:30:00+00:00
0,2023-11-16 09:00:00+00:00,104.0,Skjerka,2023-11-16 08:00:00+00:00
0,2023-11-23 08:00:00+00:00,114.0,Dale,2023-11-23 06:00:00+00:00
0,2023-11-14 14:00:00+00:00,360.0,Sy-Sima,2023-11-09 07:00:00+00:00
0,2023-11-14 14:10:00+00:00,360.0,Sy-Sima,2023-11-14 14:00:00+00:00
0,2023-11-15 12:15:00+00:00,102.0,Vemork,2023-11-15 12:00:00+00:00
0,2023-11-15 12:00:00+00:00,102.0,Vemork,2023-11-06 09:00:00+00:00
0,2023-11-20 16:00:00+00:00,280.0,Aurland1,2023-11-20 06:00:00+00:00
0,2023-11-16 12:00:00+00:00,104.0,Usta Kraftstasjon,2023-11-15 06:00:00+00:00
0,2023-11-16 14:34:00+00:00,160.0,Saurdal,2023-11-16 14:30:00+00:00
0,2023-11-16 14:30:00+00:00,160.0,Saurdal,2023-11-16 14:00:00+00:00
0,2023-11-16 14:00:00+00:00,160.0,Saurdal,2023-11-15 15:00:00+00:00
60,2023-11-15 15:00:00+00:00,160.0,Saurdal,2023-11-15 11:00:00+00:00
0,2023-11-15 11:00:00+00:00,160.0,Saurdal,2023-11-13 07:00:00+00:00
0,2023-11-17 11:00:00+00:00,160.0,Saurdal,2023-11-14 13:00:00+00:00
0,2023-11-17 11:20:00+00:00,160.0,Saurdal,2023-11-17 11:15:00+00:00
0,2023-11-17 11:15:00+00:00,160.0,Saurdal,2023-11-17 11:00:00+00:00
0,2023-11-22 14:00:00+00:00,125.0,Rana,2023-11-22 06:00:00+00:00
0,2023-11-22 12:00:00+00:00,102.0,Vemork,2023-11-22 11:00:00+00:00
0,2023-12-05 14:00:00+00:00,195.0,Tyin,2023-12-05 07:00:00+00:00
0,2023-11-22 12:30:00+00:00,360.0,Sy-Sima,2023-11-22 12:00:00+00:00
0,2023-11-22 12:00:00+00:00,360.0,Sy-Sima,2023-11-18 06:00:00+00:00
0,2023-11-22 15:00:00+00:00,100.0,Skjomen,2023-11-22 06:00:00+00:00
0,2023-11-22 15:30:00+00:00,100.0,Skjomen,2023-11-22 15:00:00+00:00
0,2023-11-24 06:00:00+00:00,280.0,Aurland1,2023-11-23 06:00:00+00:00
0,2023-11-24 14:00:00+00:00,168.0,Tonstad,2023-11-24 06:00:00+00:00
0,2023-11-24 14:00:00+00:00,168.0,Tonstad,2023-11-24 06:00:00+00:00
0,2023-11-24 14:00:00+00:00,160.0,Tonstad,2023-11-24 06:00:00+00:00
0,2023-11-24 15:00:00+00:00,280.0,Aurland1,2023-11-24 06:00:00+00:00
0,2023-12-01 12:00:00+00:00,290.0,Lang Sima,2023-12-01 11:00:00+00:00
0,2023-12-08 14:00:00+00:00,110.0,Evanger,2023-12-08 06:00:00+00:00
0,2023-12-08 14:00:00+00:00,110.0,Evanger,2023-12-08 06:00:00+00:00
0,2023-11-30 17:04:00+00:00,360.0,Sy-Sima,2023-11-30 17:00:00+00:00
0,2023-11-30 17:00:00+00:00,360.0,Sy-Sima,2023-11-29 15:00:00+00:00
0,2023-12-19 20:00:00+00:00,280.0,Aurland1,2023-12-19 06:00:00+00:00
0,2023-12-20 20:00:00+00:00,280.0,Aurland1,2023-12-20 06:00:00+00:00
0,2023-12-20 12:00:00+00:00,175.0,Holen,2023-12-20 10:00:00+00:00
0,2023-12-08 14:00:00+00:00,110.0,Evanger,2023-12-08 06:00:00+00:00
0,2023-12-06 14:00:00+00:00,103.0,Vinje,2023-11-27 06:00:00+00:00
0,2023-12-06 14:00:00+00:00,103.0,Vinje,2023-11-27 06:00:00+00:00
0,2023-12-08 13:00:00+00:00,168.0,Tonstad,2023-12-08 11:00:00+00:00
0,2023-12-08 13:00:00+00:00,168.0,Tonstad,2023-12-08 11:00:00+00:00
0,2023-12-08 13:00:00+00:00,160.0,Tonstad,2023-12-08 11:00:00+00:00
0,2023-12-08 13:00:00+00:00,160.0,Tonstad,2023-12-08 11:00:00+00:00
0,2023-12-07 13:00:00+00:00,195.0,Tyin,2023-12-07 07:00:00+00:00
0,2023-12-07 13:15:00+00:00,195.0,Tyin,2023-12-07 13:00:00+00:00
0,2023-12-07 15:42:00+00:00,110.0,Evanger,2023-12-07 15:30:00+00:00
0,2023-12-07 15:30:00+00:00,110.0,Evanger,2023-12-07 15:00:00+00:00
0,2023-12-07 15:00:00+00:00,110.0,Evanger,2023-12-07 06:00:00+00:00
0,2023-12-08 13:00:00+00:00,310.0,Kvilldal,2023-12-08 11:00:00+00:00
0,2023-12-12 01:00:00+00:00,150.0,Aurland3,2023-12-11 22:00:00+00:00
0,2023-12-18 13:00:00+00:00,360.0,Sy-Sima,2023-12-18 11:00:00+00:00
0,2023-12-21 11:00:00+00:00,110.0,Tokke,2023-12-21 06:00:00+00:00
0,2023-12-21 14:00:00+00:00,110.0,Tokke,2023-12-21 11:00:00+00:00
0,2023-12-13 17:30:00+00:00,400.0,Svartisen,2023-12-13 17:00:00+00:00
0,2023-12-13 17:00:00+00:00,400.0,Svartisen,2023-12-05 07:00:00+00:00
0,2023-12-13 19:00:00+00:00,280.0,Aurland1,2023-12-13 06:00:00+00:00
0,2023-12-13 19:30:00+00:00,280.0,Aurland1,2023-12-13 19:00:00+00:00
0,2023-12-13 19:40:00+00:00,280.0,Aurland1,2023-12-13 19:30:00+00:00
0,2023-12-14 13:00:00+00:00,168.0,Tonstad,2023-12-11 11:00:00+00:00
0,2023-12-14 13:00:00+00:00,168.0,Tonstad,2023-12-11 11:00:00+00:00
0,2023-12-14 13:00:00+00:00,160.0,Tonstad,2023-12-11 11:00:00+00:00
0,2023-12-14 13:00:00+00:00,160.0,Tonstad,2023-12-11 11:00:00+00:00
0,2023-12-14 11:30:00+00:00,110.0,Tokke,2023-12-14 11:00:00+00:00
0,2023-12-14 11:41:00+00:00,110.0,Tokke,2023-12-14 11:30:00+00:00
100,2023-12-14 12:30:00+00:00,110.0,Tokke,2023-12-14 12:00:00+00:00
110,2023-12-15 06:00:00+00:00,110.0,Tokke,2023-12-14 13:00:00+00:00
100,2023-12-14 12:45:00+00:00,110.0,Tokke,2023-12-14 12:30:00+00:00
110,2023-12-14 13:00:00+00:00,110.0,Tokke,2023-12-14 12:45:00+00:00
0,2023-12-14 12:00:00+00:00,110.0,Tokke,2023-11-28 05:00:00+00:00
0,2023-12-17 12:02:00+00:00,150.0,Aurland3,2023-12-17 12:00:00+00:00
0,2023-12-17 12:00:00+00:00,150.0,Aurland3,2023-12-15 19:00:00+00:00
0,2023-12-21 16:00:00+00:00,160.0,Saurdal,2023-12-20 12:00:00+00:00
0,2023-12-20 10:00:00+00:00,168.0,Tonstad,2023-12-20 06:00:00+00:00
0,2023-12-21 12:00:00+00:00,168.0,Tonstad,2023-12-21 06:00:00+00:00
0,2023-12-20 09:45:00+00:00,320.0,Svartisen,2023-12-20 09:30:00+00:00
0,2023-12-20 09:30:00+00:00,320.0,Svartisen,2023-12-20 09:00:00+00:00
0,2023-12-20 09:00:00+00:00,320.0,Svartisen,2023-12-14 07:00:00+00:00
0,2023-12-20 09:53:00+00:00,320.0,Svartisen,2023-12-20 09:45:00+00:00
0,2023-12-22 13:00:00+00:00,310.0,Kvilldal,2023-11-06 08:00:00+00:00
0,2023-12-29 09:00:00+00:00,310.0,Kvilldal,2023-12-29 07:00:00+00:00
0,2023-12-28 14:00:00+00:00,168.0,Tonstad,2023-12-28 11:00:00+00:00
0,2023-12-28 14:00:00+00:00,160.0,Tonstad,2023-12-28 11:00:00+00:00
0,2023-12-28 14:00:00+00:00,168.0,Tonstad,2023-12-28 11:00:00+00:00
0,2023-12-28 14:00:00+00:00,160.0,Tonstad,2023-12-28 11:00:00+00:00
0,2023-12-29 15:00:00+00:00,103.0,Vinje,2023-12-29 14:00:00+00:00
0,2024-04-08 13:00:00+00:00,110.0,Alta krv,2023-11-08 08:00:00+00:00
